vtdid,pctname,pctcode,mcdname,mcdcode,mcdfips,countyname,countycode,countyfips,congdist,mnsendist,mnlegdist,shape_Leng,shape_Area,vtid,total_votes,winner,winner_margin,votes_obj,area_sqmi,votes_sqmi
"271730045",Friendship Twp,"0045",Friendship Twp,"035","22832",Yellow Medicine,"87","173","7","15",15A,48522.2548663505,91296591.8373534,"27870045",,,,,35.2496141084022,
"270910110",Galena Twp,"0110",Galena Twp,"055","23030",Martin,"46","091","1","21",21B,40275.986063606,91758759.0336169,"27460110",,,,,35.4280568628795,
"270930045",Darwin Twp,"0045",Darwin Twp,"040","14860",Meeker,"47","093","7","17",17A,52122.8811263637,87034689.6830084,"27470045",,,,,33.6040936866096,
"271370060",Biwabik Twp,"0060",Biwabik Twp,"060","06166",St. Louis,"69","137","8","7",7B,56189.0122771424,77099255.8728466,"27690060",,,,,29.7680226925061,
"270010015",Ball Bluff Twp,"0015",Ball Bluff Twp,"015","03358",Aitkin,"1","001","8","7",7A,38301.248799775,91480569.3055532,"27010015",,,,,35.3206478088741,
"270270025",Barnesville Twp,"0025",Barnesville Twp,"015","03592",Clay,"14","027","7","4",4B,41196.1538023299,92265262.9833337,"27140025",,,,,35.6236180378651,
"270150005",Albin Twp,"0005",Albin Twp,"005","00748",Brown,"8","015","1","15",15B,38406.6475142038,92029844.9573431,"27080005",,,,,35.5327231380302,
"270430035",Brush Creek Twp,"0035",Brush Creek Twp,"020","08380",Faribault,"22","043","1","23",23A,38690.1241495638,93464744.2190874,"27220035",,,,,36.0867377429897,
"270050030",Callaway Twp,"0030",Callaway Twp,"025","09298",Becker,"3","005","8","2",2B,41123.7323407983,92064548.2704799,"27030030",,,,,35.5461220872323,
"271190275",Hill River Twp,"0275",Hill River Twp,"185","29186",Polk,"60","119","7","1",1B,38807.5274726605,94087695.7092448,"27600275",,,,,36.3272593133394,
"270570090",Lake Hattie Twp,"0090",Lake Hattie Twp,"090","34460",Hubbard,"29","057","8","2",2B,37673.287121514,88895730.9307412,"27290090",,,,,34.3226417123592,
"270990135",Lodi Twp,"0135",Lodi Twp,"085","37808",Mower,"50","099","1","23",23B,43518.8632025408,92319721.4095884,"27500135",,,,,35.6446444362421,
"270230055",Louriston Twp,"0055",Louriston Twp,"055","38312",Chippewa,"12","023","7","16",16A,38645.4055233652,93516731.976595,"27120055",,,,,36.1068102161633,
"270590030",Dalbo Twp,"0030",Dalbo Twp,"030","14572",Isanti,"30","059","8","10",10B,38863.3621399829,93726814.5458705,"27300030",,,,,36.1879230961606,
"270910100",Fox Lake Twp,"0100",Fox Lake Twp,"045","22256",Martin,"46","091","1","21",21B,40268.2549496543,92109461.8044064,"27460100",,,,,35.5634632026813,
"271570025",Gillford Twp,"0025",Gillford Twp,"025","23786",Wabasha,"79","157","1","20",20A,38570.6813798804,91798868.635634,"27790025",,,,,35.4435431802183,
"271350035",Dewey Twp,"0035",Dewey Twp,"040","15868",Roseau,"68","135","7","1",1A,38087.8780362768,89930717.8337846,"27680035",,,,,34.7222501556242,
"271370525",Floodwood P-1,"0525",Floodwood,"178","21338",St. Louis,"69","137","8","7",7A,23476.9023538784,4944943.20250287,"27690525",,,,,1.90924257048636,
"270090010",Foley,"0010",Foley,"010","21536",Benton,"5","009","6","10",10B,24954.4233331246,7034883.74445893,"27050010",,,,,2.71616861373559,
"270350130",Fort Ripley City,"0130",Fort Ripley,"079","21932",Crow Wing,"18","035","8","10",10A,10587.4103190101,3701459.50439907,"27180130",,,,,1.42913351464848,
"271290085",Franklin,"0085",Franklin,"085","22364",Renville,"65","129","7","16",16A,11354.3798732322,2593024.08653649,"27650085",,,,,1.00116659981174,
"270350135",Fort Ripley Twp,"0135",Fort Ripley Twp,"080","21950",Crow Wing,"18","035","8","10",10A,42517.9153931833,61546645.3681538,"27180135",,,,,23.7631597766442,
"270110045",Foster Twp,"0045",Foster Twp,"045","22058",Big Stone,"6","011","7","12",12A,38213.9090553361,86034521.0106889,"27060045",,,,,33.217928562227,
"270470110",Freeborn Twp,"0110",Freeborn Twp,"055","22544",Freeborn,"24","047","1","23",23A,43999.6294757825,93381499.4521567,"27240110",,,,,36.0545969384777,
"270970050",Cushing Twp,"0050",Cushing Twp,"050","14356",Morrison,"49","097","7","10",10A,64727.2757818842,207089977.951978,"27490050",,,,,79.9574404872585,
"271130020",Deer Park Twp,"0020",Deer Park Twp,"020","15292",Pennington,"57","113","7","1",1A,31622.418170123,59634793.2575274,"27570020",,,,,23.0249936767313,
"270630025",Delafield Twp,"0025",Delafield Twp,"025","15436",Jackson,"32","063","1","21",21B,41723.9087541192,90818539.4604816,"27320025",,,,,35.065038085692,
"271110165",Everts Twp,"0165",Everts Twp,"160","20024",Otter Tail,"56","111","7","9",9B,47410.852560137,89523257.0575497,"27560165",,,,,34.5649295499199,
"270270065",Felton Twp,"0065",Felton Twp,"050","20852",Clay,"14","027","7","1",1B,45199.9163605377,91366603.240979,"27140065",,,,,35.276645511342,
"270450065",Forestville Twp,"0065",Forestville Twp,"065","21860",Fillmore,"23","045","1","26",26B,38668.4451132766,93425348.4750416,"27230065",,,,,36.0715270462136,
"271110110",Dora Twp,"0110",Dora Twp,"105","16120",Otter Tail,"56","111","7","9",9B,38536.85713962,92742037.7095295,"27560110",,,,,35.8077007596494,
"271110125",Eastern Twp,"0125",Eastern Twp,"120","17576",Otter Tail,"56","111","7","9",9B,38850.3014180381,94538284.9303773,"27560125",,,,,36.5012318116187,
"270270055",Elmwood Twp,"0055",Elmwood Twp,"045","19052",Clay,"14","027","7","4",4B,45025.0891984727,92145218.6386136,"27140055",,,,,35.5772689163687,
"270950040",Greenbush Twp,"0040",Greenbush Twp,"040","25586",Mille Lacs,"48","095","8","27",27B,39250.4268359057,96260536.8513187,"27480040",,,,,37.1661932782942,
"270070100",Hamre Twp,"0100",Hamre Twp,"080","26900",Beltrami,"4","007","8","2",2A,38588.5812978531,92855516.8853736,"27040100",,,,,35.8515150694427,
"270990145",Lyle Twp,"0145",Lyle Twp,"090","38672",Mower,"50","099","1","23",23B,40357.1659201821,91744014.4509901,"27500145",,,,,35.4223639795273,
"270032310",Linwood Twp P-2,"2310",Linwood Twp,"085","37376",Anoka,"2","003","6","31",31B,36258.674253963,50633017.8929144,"27022310",,,,,19.5494082084543,
"271650090",Rosendale Twp,"0090",Rosendale Twp,"085","55780",Watonwan,"83","165","1","22",22A,47449.1091416219,99360134.3768898,"27830090",,,,,38.3629478829171,
"270910165",Rutland Twp,"0165",Rutland Twp,"110","56500",Martin,"46","091","1","22",22A,45296.8177576948,95769217.505147,"27460165",,,,,36.9764948787373,
"270290075",Leon Twp,"0075",Leon Twp,"077","36458",Clearwater,"15","029","8","2",2A,47643.1977992657,92566514.0923192,"27150075",,,,,35.7399310910444,
"271650010",Antrim Twp,"0010",Antrim Twp,"010","01810",Watonwan,"83","165","1","22",22A,41968.2298488833,92683630.8303594,"27830010",,,,,35.7851498636018,
"270730010",Arena Twp,"0010",Arena Twp,"010","02062",Lac qui Parle,"37","073","7","15",15A,39079.5584483904,96220739.9139314,"27370010",,,,,37.1508276807689,
"271670015",Atherton Twp,"0015",Atherton Twp,"015","02620",Wilkin,"84","167","7","9",9A,38646.0106123209,93612639.0577248,"27840015",,,,,36.1438399401875,
"271470005",Aurora Twp,"0005",Aurora Twp,"005","02890",Steele,"74","147","1","23",23A,38641.5972203819,93283457.8466913,"27740005",,,,,36.0167430746075,
"270610235",Liberty Prec,"0235",Liberty Unorg,"157","36944",Itasca,"31","061","8","3",3A,58002.9903333422,187615003.707184,"27310235",,,,,72.4381529313437,
"270150065",Linden Twp,"0065",Linden Twp,"065","37214",Brown,"8","015","1","15",15B,38596.3014472448,93211435.1582361,"27080065",,,,,35.988935114595,
"270032405",Nowthen P-1,"2405",Nowthen,"086","47536",Anoka,"2","003","6","30",30B,38207.7374984385,56488518.375329,"27022405",,,,,21.8102169447145,
"270930005",Acton Twp,"0005",Acton Twp,"005","00154",Meeker,"47","093","7","16",16A,43503.627441309,91876528.2619063,"27470005",,,,,35.473527561922,
"271050100",Lorain Twp,"0100",Lorain Twp,"100","38204",Nobles,"53","105","1","21",21B,50966.8094427428,90717483.6667883,"27530100",,,,,35.026020443747,
"271190330",Lowell Twp,"0330",Lowell Twp,"240","38330",Polk,"60","119","7","1",1B,39303.3104687873,89467997.979496,"27600330",,,,,34.5435940198834,
"271170005",Aetna Twp,"0005",Aetna Twp,"005","00298",Pipestone,"59","117","7","21",21A,44650.4767974688,91690734.0987773,"27590005",,,,,35.4017924355379,
"271150040",Brook Park Twp,"0040",Brook Park Twp,"035","08002",Pine,"58","115","8","11",11B,42367.0175142193,77742204.0149241,"27580040",,,,,30.0162649701622,
"270670020",Burbank Twp,"0020",Burbank Twp,"020","08614",Kandiyohi,"34","067","7","16",16B,38520.0489710403,92724786.708747,"27340020",,,,,35.8010401482472,
"270550030",Caledonia Twp,"0030",Caledonia Twp,"015","09244",Houston,"28","055","1","26",26B,44102.1203208035,87587585.0650758,"27280030",,,,,33.8175665936258,
"270690010",Cannon Twp,"0010",Cannon Twp,"010","09676",Kittson,"35","069","7","1",1A,38514.923065118,92572301.9634725,"27350010",,,,,35.7421657880967,
"270570065",Henrietta Twp,"0065",Henrietta Twp,"065","28556",Hubbard,"29","057","7","5",5A,42540.8768333136,88324790.7457599,"27290065",,,,,34.1022017069379,
"271690050",Hillsdale Twp,"0050",Hillsdale Twp,"045","29222",Winona,"85","169","1","26",26A,36296.341642281,41383913.0805272,"27850050",,,,,15.9783288403915,
"271490055",Hodges Twp,"0055",Hodges Twp,"055","29438",Stevens,"75","149","7","12",12A,41276.3255771227,91940888.6167717,"27750055",,,,,35.4983770949355,
"271530070",Germania Twp,"0070",Germania Twp,"070","23552",Todd,"77","153","7","5",5B,38788.2326627072,94380885.6533747,"27770070",,,,,36.440459950768,
"271350040",Dieter Twp,"0040",Dieter Twp,"045","15958",Roseau,"68","135","7","1",1A,43243.4496329541,115156595.93665,"27680040",,,,,44.4619616911406,
"270310005",Magney P-3,"0005",East Cook Unorg,"003","17531",Cook,"16","031","8","3",3A,166040.307092567,498017882.032031,"27160005",,,,,192.284704252567,
"270050220",Two Inlets Twp,"0220",Two Inlets Twp,"195","66010",Becker,"3","005","8","5",5A,38632.0978833983,93725044.149652,"27030220",,,,,36.1872395461806,
"270190130",Waconia Twp,"0130",Waconia Twp,"105","67450",Carver,"10","019","6","48",48A,67053.2533359639,78267481.2014793,"27100130",,,,,30.2190744918911,
"270610295",Oteneagen Twp,"0295",Oteneagen Twp,"195","49048",Itasca,"31","061","8","2",2B,38767.2572886347,94269097.8916714,"27310295",,,,,36.3972986959743,
"270710180",Central Koochiching,"0180",East Koochiching Unorg,"007","17660",Koochiching,"36","071","8","3",3A,179664.816056564,1470457067.44261,"27360180",,,,,567.743473739592,
"270890070",East Park Twp,"0070",East Park Twp,"070","17756",Marshall,"45","089","7","1",1A,38925.0930168437,94122210.5660759,"27450070",,,,,36.3405854995619,
"271370470",Embarrass Twp,"0470",Embarrass Twp,"150","19232",St. Louis,"69","137","8","7",7B,36910.4343037132,85195829.6601771,"27690470",,,,,32.8941098317944,
"270210110",Gould Twp,"0110",Gould Twp,"110","24686",Cass,"11","021","8","2",2B,52839.6148905092,104381187.802724,"27110110",,,,,40.3015766106318,
"270230020",Grace Twp,"0020",Grace Twp,"020","24722",Chippewa,"12","023","7","16",16A,38574.1270187773,92756128.3937929,"27120020",,,,,35.8131411728434,
"270310020",Grand Portage P-1,"0020",Grand Portage Unorg,"006","25071",Cook,"16","031","8","3",3A,107499.658673747,194236078.06013,"27160020",,,,,74.9945497390163,
"270230030",Granite Falls Twp P-1,"0030",Granite Falls Twp,"030","25262",Chippewa,"12","023","7","16",16A,63193.6251111142,79448943.048556,"27120030",,,,,30.6752369110475,
"271270040",Granite Rock Twp,"0040",Granite Rock Twp,"040","25316",Redwood,"64","127","7","15",15B,43077.2410275826,93911677.2278385,"27640040",,,,,36.2592985776685,
"271110335",Paddock Twp,"0335",Paddock Twp,"295","49408",Otter Tail,"56","111","7","9",9B,38609.3230093251,92468225.8205699,"27560335",,,,,35.701981989322,
"271550050",Parnell Twp,"0050",Parnell Twp,"055","49858",Traverse,"78","155","7","9",9A,38870.066667622,94540510.8077943,"27780050",,,,,36.5020912228894,
"271310140",Webster Twp,"0140",Webster Twp,"090","68962",Rice,"66","131","2","58",58A,38835.1953443457,92369573.5425757,"27660140",156,Matt Little,24.36,"[{""name"": ""Abdi Abdulle"", ""votes"": 1, ""votes_pct"": 0.64, ""party"": ""DFL""}, {""name"": ""Matthew D. Klein"", ""votes"": 41, ""votes_pct"": 26.28, ""party"": ""DFL""}, {""name"": ""Hugh McTavish"", ""votes"": 4, ""votes_pct"": 2.56, ""party"": ""DFL""}, {""name"": ""Matt Little"", ""votes"": 79, ""votes_pct"": 50.64, ""party"": ""DFL""}, {""name"": ""Kaela Berg"", ""votes"": 31, ""votes_pct"": 19.87, ""party"": ""DFL""}, {""name"": ""Christopher Mosel"", ""votes"": 0, ""votes_pct"": 0.00, ""party"": ""DFL""}]",35.6638923447885,4.37417201947101
"270070220",Solway,"0220",Solway,"185","61114",Beltrami,"4","007","8","2",2A,6535.06214220033,2671621.88140889,"27040220",,,,,1.03151320841197,
"271370510",Fayal Twp,"0510",Fayal Twp,"165","20762",St. Louis,"69","137","8","7",7B,38535.5417061799,89355378.1677057,"27690510",,,,,34.5001115105512,
"271310055",Forest Twp,"0055",Forest Twp,"035","21680",Rice,"66","131","2","58",58A,38541.423831734,92555208.8716753,"27660055",135,Matt Little,3.7,"[{""name"": ""Abdi Abdulle"", ""votes"": 4, ""votes_pct"": 2.96, ""party"": ""DFL""}, {""name"": ""Matthew D. Klein"", ""votes"": 49, ""votes_pct"": 36.30, ""party"": ""DFL""}, {""name"": ""Hugh McTavish"", ""votes"": 9, ""votes_pct"": 6.67, ""party"": ""DFL""}, {""name"": ""Matt Little"", ""votes"": 54, ""votes_pct"": 40.00, ""party"": ""DFL""}, {""name"": ""Kaela Berg"", ""votes"": 19, ""votes_pct"": 14.07, ""party"": ""DFL""}, {""name"": ""Christopher Mosel"", ""votes"": 0, ""votes_pct"": 0.00, ""party"": ""DFL""}]",35.7355661453538,3.77774902042659
"270990105",Frankford Twp,"0105",Frankford Twp,"055","22328",Mower,"50","099","1","26",26B,37803.4023200542,77350533.3165443,"27500105",,,,,29.8650409135178,
"271250030",Gervais Twp,"0030",Gervais Twp,"030","23588",Red Lake,"63","125","7","1",1B,38446.905166654,92182562.9863883,"27630030",,,,,35.5916875690445,
"270010050",Glen Twp,"0050",Glen Twp,"050","23930",Aitkin,"1","001","8","10",10A,38934.4933741335,94738938.8541004,"27010050",,,,,36.5787042915682,
"271010045",Dovray Twp,"0045",Dovray Twp,"045","16318",Murray,"51","101","7","21",21A,41768.0575344553,92314393.4125755,"27510045",,,,,35.6425872965954,
"270050190",Shell Lake Twp,"0190",Shell Lake Twp,"165","59512",Becker,"3","005","7","5",5A,38653.4436119245,93131203.9532363,"27030190",,,,,35.9579578463445,
"270210285",Turtle Lake Twp,"0285",Turtle Lake Twp,"280","65776",Cass,"11","021","8","2",2B,62260.3434170611,187343577.27332,"27110285",,,,,72.3333551852287,
"270670160",Spicer,"0160",Spicer,"160","61690",Kandiyohi,"34","067","7","16",16B,14040.6993469577,3168750.67743786,"27340160",,,,,1.22345463655876,
"270270265",Ulen Twp,"0265",Ulen Twp,"195","66154",Clay,"14","027","7","1",1B,46471.0747139165,91140650.1090635,"27140265",,,,,35.1894050071094,
"270930145",Union Grove Twp,"0145",Union Grove Twp,"120","66226",Meeker,"47","093","7","16",16A,38566.4926832621,93050125.8382323,"27470145",,,,,35.9266535861415,
"270270270",Viding Twp,"0270",Viding Twp,"205","67054",Clay,"14","027","7","4",4B,38517.2867164544,92542736.0702168,"27140270",,,,,35.7307503967107,
"270290035",Eddy Twp,"0035",Eddy Twp,"035","18008",Clearwater,"15","029","8","2",2B,38413.4975427498,92285544.4174701,"27150035",,,,,35.6314486995852,
"271690025",Elba Twp,"0025",Elba Twp,"020","18404",Winona,"85","169","1","20",20B,49448.9247777018,86430249.5850775,"27850025",,,,,33.3707193647984,
"270630040",Ewington Twp,"0040",Ewington Twp,"040","20042",Jackson,"32","063","1","21",21B,38462.0534975426,92603370.0887908,"27320040",,,,,35.7541611912821,
"271110230",Gorman Twp,"0230",Gorman Twp,"190","24632",Otter Tail,"56","111","7","9",9B,38447.7495177115,92255859.7305376,"27560230",,,,,35.6199874419606,
"271030030",Granby Twp,"0030",Granby Twp,"030","24902",Nicollet,"52","103","1","18",18A,41776.5851135636,87542363.8639616,"27520030",,,,,33.8001066878756,
"270610175",Grattan Twp,"0175",Grattan Twp,"115","25460",Itasca,"31","061","8","3",3A,38521.6879435242,93533230.1610736,"27310175",,,,,36.1131801651905,
"270890205",Parker Twp,"0205",Parker Twp,"205","49696",Marshall,"45","089","7","1",1A,38623.6570727366,93311814.2868744,"27450205",,,,,36.0276914961622,
"270050225",Walworth Twp,"0225",Walworth Twp,"200","67954",Becker,"3","005","7","4",4B,38792.7130778182,93911413.7711038,"27030225",,,,,36.2591968570232,
"270790140",Waterville Twp,"0140",Waterville Twp,"120","68602",Le Sueur,"40","079","2","22",22B,51869.3377735717,87157152.684642,"27400140",52,Matthew D. Klein,3.85,"[{""name"": ""Abdi Abdulle"", ""votes"": 0, ""votes_pct"": 0.00, ""party"": ""DFL""}, {""name"": ""Matthew D. Klein"", ""votes"": 21, ""votes_pct"": 40.38, ""party"": ""DFL""}, {""name"": ""Hugh McTavish"", ""votes"": 4, ""votes_pct"": 7.69, ""party"": ""DFL""}, {""name"": ""Matt Little"", ""votes"": 19, ""votes_pct"": 36.54, ""party"": ""DFL""}, {""name"": ""Kaela Berg"", ""votes"": 8, ""votes_pct"": 15.38, ""party"": ""DFL""}, {""name"": ""Christopher Mosel"", ""votes"": 0, ""votes_pct"": 0.00, ""party"": ""DFL""}]",33.6513766515403,1.54525624726916
"270630135",Weimer Twp,"0135",Weimer Twp,"115","69016",Jackson,"32","063","1","21",21B,46689.4461602324,89854588.9773451,"27320135",,,,,34.6928568041529,
"270130200",Mapleton,"0200",Mapleton,"109","40310",Blue Earth,"7","013","1","22",22A,10285.2393239474,3775258.66682971,"27070200",,,,,1.45762737126295,
"270330065",Lakeside Twp,"0065",Lakeside Twp,"065","35000",Cottonwood,"17","033","7","21",21B,47649.7045439304,91310173.36565,"27170065",,,,,35.2548579364775,
"270410115",Lund Twp,"0115",Lund Twp,"095","38510",Douglas,"21","041","7","9",9B,38633.8246063647,93356689.9751544,"27210115",,,,,36.0450179994071,
"271450065",Crow River Twp,"0065",Crow River Twp,"055","14086",Stearns,"73","145","7","12",12A,41456.9622242547,88779945.9718751,"27730065",,,,,34.277937139741,
"270330035",Dale Twp,"0035",Dale Twp,"035","14608",Cottonwood,"17","033","7","21",21A,38561.1329341252,93411927.3538365,"27170035",,,,,36.0663451513163,
"271310010",Cannon City Twp,"0010",Cannon City Twp,"010","09712",Rice,"66","131","1","19",19A,39635.0114194721,78993479.8392007,"27660010",,,,,30.4993825659154,
"270470125",Geneva Twp,"0125",Geneva Twp,"070","23372",Freeborn,"24","047","1","23",23A,46003.723176951,91999932.7011088,"27240125",,,,,35.5211740158981,
"270670050",Gennessee Twp,"0050",Gennessee Twp,"050","23390",Kandiyohi,"34","067","7","16",16B,48881.3325155081,90372788.4818199,"27340050",,,,,34.8929336328307,
"270990095",Dexter Twp,"0095",Dexter Twp,"040","15904",Mower,"50","099","1","23",23B,46990.0107511235,90068318.9730037,"27500095",,,,,34.7753779554767,
"271510060",Dublin Twp,"0060",Dublin Twp,"055","16444",Swift,"76","151","7","12",12A,44344.1202782221,90400428.4429712,"27760060",,,,,34.9036054218312,
"271110135",Effington Twp,"0135",Effington Twp,"130","18278",Otter Tail,"56","111","7","9",9B,42322.4348746308,90493494.8107432,"27560135",,,,,34.9395383464279,
"271490035",Eldorado Twp,"0035",Eldorado Twp,"035","18494",Stevens,"75","149","7","12",12A,38666.6963995744,93460002.9883124,"27750035",,,,,36.0849071537874,
"271490040",Everglade Twp,"0040",Everglade Twp,"040","19970",Stevens,"75","149","7","12",12A,38652.4260292899,93405786.9300467,"27750040",,,,,36.063974333691,
"270490060",Goodhue Twp,"0060",Goodhue Twp,"060","24416",Goodhue,"25","049","1","20",20A,48384.8905002629,90156976.137716,"27250060",,,,,34.8096084867722,
"270050105",Green Valley Twp,"0105",Green Valley Twp,"080","25820",Becker,"3","005","7","5",5A,38642.1270112159,92940663.35274,"27030105",,,,,35.8843901204929,
"271390099",Saint Lawrence Twp,"0099",St. Lawrence Twp,"075","57184",Scott,"70","139","2","22",22B,36113.7907033175,36361235.6775117,"27700099",31,Matt Little,16.13,"[{""name"": ""Abdi Abdulle"", ""votes"": 1, ""votes_pct"": 3.23, ""party"": ""DFL""}, {""name"": ""Matthew D. Klein"", ""votes"": 8, ""votes_pct"": 25.81, ""party"": ""DFL""}, {""name"": ""Hugh McTavish"", ""votes"": 2, ""votes_pct"": 6.45, ""party"": ""DFL""}, {""name"": ""Matt Little"", ""votes"": 13, ""votes_pct"": 41.94, ""party"": ""DFL""}, {""name"": ""Kaela Berg"", ""votes"": 7, ""votes_pct"": 22.58, ""party"": ""DFL""}, {""name"": ""Christopher Mosel"", ""votes"": 0, ""votes_pct"": 0.00, ""party"": ""DFL""}]",14.0390730950873,2.20812298575808
"271470145",Owatonna Twp,"0145",Owatonna Twp,"075","49318",Steele,"74","147","1","19",19B,83758.2651077883,60438416.605641,"27740145",,,,,23.335272651438,
"271110345",Parkers Prairie Twp,"0345",Parkers Prairie Twp,"300","49750",Otter Tail,"56","111","7","9",9B,48703.0981677418,90870784.0612285,"27560345",,,,,35.0852097260403,
"270890285",Warrenton Twp,"0285",Warrenton Twp,"280","68206",Marshall,"45","089","7","1",1A,38957.0464067199,91887974.6173047,"27450285",,,,,35.4779469997414,
"271430115",Washington Lake Twp,"0115",Washington Lake Twp,"115","68368",Sibley,"72","143","7","17",17B,44134.2944661403,91828826.2468114,"27720115",,,,,35.4551098138939,
"270090120",Watab Twp,"0120",Watab Twp,"080","68476",Benton,"5","009","6","10",10B,39531.0312659867,58157889.9634556,"27050120",,,,,22.4547613148902,
"270190140",Watertown Twp,"0140",Watertown Twp,"110","68566",Carver,"10","019","6","17",17B,66644.3545307542,85374654.465213,"27100140",,,,,32.9631540890187,
"270490205",Welch Twp,"0205",Welch Twp,"150","69052",Goodhue,"25","049","1","20",20A,56776.8917712735,110941242.404718,"27250205",,,,,42.8344136924616,
"270910105",Fraser Twp,"0105",Fraser Twp,"050","22436",Martin,"46","091","1","22",22A,39749.0150357503,94767535.2237531,"27460105",,,,,36.5897453498911,
"271610025",Freedom Twp,"0025",Freedom Twp,"020","22598",Waseca,"81","161","1","23",23A,39551.2402175186,93599208.6108291,"27810025",,,,,36.1386544446411,
"271590035",Lyons Twp,"0035",Lyons Twp,"035","38852",Wadena,"80","159","7","5",5A,38552.8629775,92762461.9651476,"27800035",,,,,35.8155865647435,
"271270065",Lamberton Twp,"0065",Lamberton Twp,"060","35306",Redwood,"64","127","7","15",15B,48507.0059340645,91400210.4804215,"27640065",,,,,35.2896212664907,
"270790062",Lanesburgh Twp,"0062",Lanesburgh Twp,"060","35468",Le Sueur,"40","079","2","22",22B,53730.645990794,86790939.8113779,"27400062",147,Matt Little,0.68,"[{""name"": ""Abdi Abdulle"", ""votes"": 3, ""votes_pct"": 2.04, ""party"": ""DFL""}, {""name"": ""Matthew D. Klein"", ""votes"": 48, ""votes_pct"": 32.65, ""party"": ""DFL""}, {""name"": ""Hugh McTavish"", ""votes"": 6, ""votes_pct"": 4.08, ""party"": ""DFL""}, {""name"": ""Matt Little"", ""votes"": 49, ""votes_pct"": 33.33, ""party"": ""DFL""}, {""name"": ""Kaela Berg"", ""votes"": 38, ""votes_pct"": 25.85, ""party"": ""DFL""}, {""name"": ""Christopher Mosel"", ""votes"": 3, ""votes_pct"": 2.04, ""party"": ""DFL""}]",33.509981861173,4.38675259834516
"270090040",Langola Twp,"0040",Langola Twp,"035","35522",Benton,"5","009","6","10",10B,59987.1828720162,106741329.482981,"27050040",,,,,41.2128273133789,
"270990120",Lansing Twp,"0120",Lansing Twp,"070","35576",Mower,"50","099","1","23",23B,59090.3215142795,79808068.5333941,"27500120",,,,,30.8138952607435,
"270250080",Shafer,"0080",Shafer,"074","59314",Chisago,"13","025","8","28",28B,13446.2843249096,3289907.40629663,"27130080",,,,,1.27023324957113,
"270033110",Spring Lake Park P-2,"3110",Spring Lake Park,"110","61996",Anoka,"2","003","5","39",39A,7876.62067820621,2991428.79193771,"27023110",,,,,1.15499065656715,
"271330110",Steen,"0110",Steen,"092","62662",Rock,"67","133","1","21",21A,4321.94366368138,1134573.52623108,"27670110",,,,,0.43805883847782,
"270850135",Stewart City,"0135",Stewart,"100","62788",McLeod,"43","085","7","17",17A,6403.61739363408,2107417.46227669,"27430135",,,,,0.81367388218503,
"270990195",Sargeant Twp,"0195",Sargeant Twp,"140","58594",Mower,"50","099","1","23",23B,41833.9846946711,91538815.9215466,"27500195",,,,,35.3431368273092,
"271210040",Gilchrist Twp,"0040",Gilchrist Twp,"040","23750",Pope,"61","121","7","12",12A,38398.311727639,92014361.9813763,"27610040",,,,,35.5267451610094,
"271350055",Golden Valley Twp,"0055",Golden Valley Twp,"060","24326",Roseau,"68","135","7","1",1A,38671.6927826964,93818874.8220419,"27680055",,,,,36.2234675687904,
"271110120",Eagle Lake Twp,"0120",Eagle Lake Twp,"115","17396",Otter Tail,"56","111","7","9",9B,38632.4896092041,93209257.2293497,"27560120",,,,,35.9880942162519,
"271590070",Rockwood Twp,"0070",Rockwood Twp,"070","55150",Wadena,"80","159","7","5",5B,42492.9357412397,89445725.681448,"27800070",,,,,34.5349946856071,
"270010195",Turner Twp,"0195",Turner Twp,"190","65722",Aitkin,"1","001","8","7",7A,38406.7788029641,92360489.9493579,"27010195",,,,,35.6603851694471,
"270830180",Vallers Twp,"0180",Vallers Twp,"150","66496",Lyon,"42","083","7","15",15A,38832.1321886331,94422088.5066668,"27420180",,,,,36.456368372424,
"271371035",Vermilion Lake Twp,"1035",Vermilion Lake Twp,"435","66784",St. Louis,"69","137","8","3",3A,38700.3029797757,94342084.7001649,"27691035",,,,,36.4254789027337,
"271110330",Otto Twp,"0330",Otto Twp,"290","49264",Otter Tail,"56","111","7","9",9B,38422.755716404,92233052.1469566,"27560330",,,,,35.6111814339399,
"271050040",Elk Twp,"0040",Elk Twp,"040","18602",Nobles,"53","105","1","21",21B,38699.5575701929,93486725.6543334,"27530040",,,,,36.0952247751381,
"270890085",Espelie Twp,"0085",Espelie Twp,"085","19736",Marshall,"45","089","7","1",1A,43261.2256056514,115502889.237617,"27450085",,,,,44.5956655346438,
"271130030",Goodridge Twp,"0030",Goodridge Twp,"025","24488",Pennington,"57","113","7","1",1A,37439.0715407704,69556197.9568907,"27570030",,,,,26.8556480311555,
"270890105",Grand Plain Twp,"0105",Grand Plain Twp,"105","25046",Marshall,"45","089","7","1",1A,43323.6485192233,116047827.105937,"27450105",,,,,44.8060660456023,
"270870030",Gregory Twp,"0030",Gregory Twp,"030","25946",Mahnomen,"44","087","8","2",2B,38772.8755199487,93851001.9577196,"27440030",,,,,36.2358718558755,
"270170080",Eagle Twp,"0080",Eagle Twp,"049","17332",Carlton,"9","017","8","11",11A,40502.3145279923,92292403.4817099,"27090080",,,,,35.6340969842882,
"271290145",Palmyra Twp,"0145",Palmyra Twp,"145","49606",Renville,"65","129","7","16",16A,38796.4833638766,93975645.2488408,"27650145",,,,,36.2839966305774,
"271310135",Warsaw Twp,"0135",Warsaw Twp,"085","68278",Rice,"66","131","1","19",19A,38627.3950736219,90449583.0345481,"27660135",,,,,34.922584009639,
"270374810",Waterford Twp,"4810",Waterford Twp,"175","68530",Dakota,"19","037","2","58",58B,27596.5265229066,38105310.5547001,"27194810",76,Matt Little,61.84,"[{""name"": ""Abdi Abdulle"", ""votes"": 0, ""votes_pct"": 0.00, ""party"": ""DFL""}, {""name"": ""Matthew D. Klein"", ""votes"": 8, ""votes_pct"": 10.53, ""party"": ""DFL""}, {""name"": ""Hugh McTavish"", ""votes"": 6, ""votes_pct"": 7.89, ""party"": ""DFL""}, {""name"": ""Matt Little"", ""votes"": 55, ""votes_pct"": 72.37, ""party"": ""DFL""}, {""name"": ""Kaela Berg"", ""votes"": 7, ""votes_pct"": 9.21, ""party"": ""DFL""}, {""name"": ""Christopher Mosel"", ""votes"": 0, ""votes_pct"": 0.00, ""party"": ""DFL""}]",14.7124604051697,5.16568934814567
"270330125",Westbrook Twp,"0125",Westbrook Twp,"115","69268",Cottonwood,"17","033","7","21",21A,45451.7638528976,92173781.1152559,"27170125",,,,,35.5882968886003,
"270630140",West Heron Lake Twp,"0140",West Heron Lake Twp,"120","69484",Jackson,"32","063","1","21",21B,43905.3812514936,70663874.3065635,"27320140",,,,,27.2833218697642,
"271370520",Fine Lakes Twp,"0520",Fine Lakes Twp,"175","21086",St. Louis,"69","137","8","7",7A,38594.9183091425,92745625.4277943,"27690520",,,,,35.8090859776714,
"270890095",Foldahl Twp,"0095",Foldahl Twp,"095","21500",Marshall,"45","089","7","1",1A,38787.7980212705,94061400.7309993,"27450095",,,,,36.3171068222388,
"270430080",Foster Twp,"0080",Foster Twp,"050","22076",Faribault,"22","043","1","23",23A,42261.1522989332,92769705.5893957,"27220080",,,,,35.8183833280657,
"271410105",Santiago Twp,"0105",Santiago Twp,"080","58522",Sherburne,"71","141","6","27",27A,38711.3043420623,94066441.3374184,"27710105",,,,,36.3190530003772,
"270570130",Schoolcraft Twp,"0130",Schoolcraft Twp,"130","58972",Hubbard,"29","057","8","2",2B,38248.332518577,91148393.891175,"27290130",,,,,35.1923948813827,
"271450100",Getty Twp,"0100",Getty Twp,"090","23606",Stearns,"73","145","7","12",12A,38697.8247105485,93655223.0990185,"27730100",,,,,36.160281638531,
"271050030",Dewald Twp,"0030",Dewald Twp,"030","15850",Nobles,"53","105","1","21",21B,42022.9246294051,93297847.1703728,"27530030",,,,,36.0222987924809,
"270430055",Dunbar Twp,"0055",Dunbar Twp,"035","17108",Faribault,"22","043","1","23",23A,38589.4700518383,92984666.8591494,"27220055",,,,,35.9013798743176,
"271050125",Seward Twp,"0125",Seward Twp,"125","59260",Nobles,"53","105","1","21",21B,38499.6299415244,92522675.0162936,"27530125",,,,,35.723004823791,
"270970210",Rosing Twp,"0210",Rosing Twp,"200","55906",Morrison,"49","097","7","5",5B,36529.1745680198,50259574.5078423,"27490210",,,,,19.4052217174779,
"270050175",Round Lake Twp,"0175",Round Lake Twp,"150","56050",Becker,"3","005","8","2",2B,58226.9501104693,187838013.15365,"27030175",,,,,72.5242568786243,
"271130090",Rocksbury Twp West,"0090",Rocksbury Twp,"085","55060",Pennington,"57","113","7","1",1A,37843.0482409911,44251827.1861602,"27570090",,,,,17.0856304765765,
"270250075",Rushseba Twp,"0075",Rushseba Twp,"070","56392",Chisago,"13","025","8","11",11B,63641.5103231989,78113195.9209025,"27130075",,,,,30.1595049450604,
"270750035",Fall Lake Twp,"0035",Fall Lake Twp,"020","20456",Lake,"38","075","8","3",3A,241367.270163607,1521988646.15542,"27380035",,,,,587.639816280606,
"271350090",Laona Twp,"0090",Laona Twp,"090","35594",Roseau,"68","135","7","1",1A,43170.1915476873,98525980.4532936,"27680090",,,,,38.0408810530166,
"271590030",Leaf River Twp,"0030",Leaf River Twp,"030","36026",Wadena,"80","159","7","5",5B,53962.3417093871,91254048.8272745,"27800030",,,,,35.2331882522107,
"271090505",Rochester Twp P-2,"0505",Rochester Twp,"100","54898",Olmsted,"55","109","1","24",24A,23234.416842346,16762354.6960173,"27550505",,,,,6.47194514813226,
"270830140",Rock Lake Twp,"0140",Rock Lake Twp,"115","55042",Lyon,"42","083","7","15",15A,47856.7561272929,89435841.4825135,"27420140",,,,,34.5311783963984,
"270910160",Rolling Green Twp,"0160",Rolling Green Twp,"105","55258",Martin,"46","091","1","22",22A,55640.2285521257,89966798.3299553,"27460160",,,,,34.7361808351957,
"270810100",Verdi Twp,"0100",Verdi Twp,"100","66730",Lincoln,"41","081","7","21",21A,40098.3509920247,99976990.1189057,"27410100",,,,,38.6011158849095,
"271371125",Waasa Twp,"1125",Waasa Twp,"445","67342",St. Louis,"69","137","8","3",3A,38427.7326249412,91462513.9931832,"27691125",,,,,35.313676652768,
"271030110",Oshawa Twp,"0110",Oshawa Twp,"070","48922",Nicollet,"52","103","1","18",18A,44464.3795303442,76246515.2816707,"27520110",,,,,29.438779550253,
"270930065",Ellsworth Twp,"0065",Ellsworth Twp,"065","18818",Meeker,"47","093","7","17",17A,38729.1553344355,93893923.076004,"27470065",,,,,36.2524436996451,
"270510035",Erdahl Twp,"0035",Erdahl Twp,"035","19538",Grant,"26","051","7","9",9A,38575.0405564938,92943414.3790022,"27260035",,,,,35.8854522917327,
"271070045",Good Hope Twp,"0045",Good Hope Twp,"040","24380",Norman,"54","107","7","1",1B,38663.6992682545,93377624.008758,"27540045",,,,,36.0531006297815,
"270090030",Graham Twp,"0030",Graham Twp,"025","24812",Benton,"5","009","6","10",10B,39051.1204915077,94949991.0722093,"27050030",,,,,36.66019155298,
"271170040",Grange Twp,"0040",Grange Twp,"040","25208",Pipestone,"59","117","7","21",21A,44427.5672136674,93591112.1709424,"27590040",,,,,36.1355284092009,
"271070050",Green Meadow Twp,"0050",Green Meadow Twp,"045","25766",Norman,"54","107","7","1",1B,38931.1066256988,94886089.6734213,"27540050",,,,,36.635519222908,
"270070095",Hagali Twp,"0095",Hagali Twp,"075","26468",Beltrami,"4","007","8","2",2B,38815.8263121569,94429218.8216984,"27040095",,,,,36.4591213870578,
"271430030",Dryden Twp,"0030",Dryden Twp,"030","16426",Sibley,"72","143","7","17",17B,53453.9237813886,88709895.4540838,"27720030",,,,,34.2508906348218,
"271370435",Duluth Twp,"0435",Duluth Twp,"130","17018",St. Louis,"69","137","8","3",3B,48195.798925442,120252664.55211,"27690435",,,,,46.4295537835696,
"271150055",Chengwatana Twp,"0055",Chengwatana Twp,"050","11098",Pine,"58","115","8","11",11B,57324.1579981605,122273749.690729,"27580055",,,,,47.2098947555906,
"271370780",Leiding Twp,"0780",Leiding Twp,"275","36332",St. Louis,"69","137","8","3",3A,90407.7783390832,364166862.226607,"27690780",,,,,140.604825505693,
"270250092",Stacy W-2 P-2,"0092",Stacy,"085","62320",Chisago,"13","025","8","28",28B,51738.2479997549,69600724.3474011,"27130092",,,,,26.8728396705316,
"270130070",Le Ray Twp,"0070",Le Ray Twp,"070","36584",Blue Earth,"7","013","1","22",22B,46591.68974293,89722816.2605686,"27070070",,,,,34.6419793582055,
"270230075",Montevideo P-1,"0075",Montevideo,"075","43720",Chippewa,"12","023","7","16",16A,24846.0522181827,7511519.70724807,"27120075",,,,,2.90019775896848,
"271710125",Monticello P-1,"0125",Monticello,"109","43774",Wright,"86","171","6","29",29B,16550.1508812124,8939905.97175322,"27860125",,,,,3.45169769569392,
"271710135",Montrose,"0135",Montrose,"120","43810",Wright,"86","171","6","29",29A,37659.3642917937,8029228.88174761,"27860135",,,,,3.10008527124275,
"270190090",Laketown Twp,"0090",Laketown Twp,"070","35108",Carver,"10","019","6","48",48A,64092.0429970576,55930028.5035354,"27100090",,,,,21.594584005215,
"270110070",Odessa,"0070",Odessa,"069","48058",Big Stone,"6","011","7","12",12A,6334.77783441354,2499279.65838783,"27060070",,,,,0.964971876103543,
"270570095",Lakeport Twp P-1,"0095",Lakeport Twp,"095","34838",Hubbard,"29","057","8","5",5A,42404.1992109698,76681372.5972159,"27290095",,,,,29.606677959785,
"270410070",Forada,"0070",Forada,"050","21608",Douglas,"21","041","7","12",12B,6179.79916678369,1334045.44891851,"27210070",,,,,0.515074947827436,
"271190210",Fosston City,"0210",Fosston,"125","21986",Polk,"60","119","7","1",1B,18947.575127235,5573052.27439369,"27600210",,,,,2.1517554831434,
"270210085",Crooked Lake Twp,"0085",Crooked Lake Twp,"085","13834",Cass,"11","021","8","6",6A,38716.8488400484,93615580.6862768,"27110085",,,,,36.1449757029715,
"270430050",Delavan Twp,"0050",Delavan Twp,"030","15490",Faribault,"22","043","1","22",22A,38864.3869117808,91923936.0646105,"27220050",,,,,35.4918317145461,
"270070060",Buzzle Twp,"0060",Buzzle Twp,"040","09082",Beltrami,"4","007","8","2",2A,38706.3094282919,93689422.1316676,"27040060",,,,,36.1734858850369,
"271650125",Saint James Twp,"0125",St. James Twp,"095","57058",Watonwan,"83","165","1","21",21B,49682.0789673678,87575323.1565311,"27830125",,,,,33.8128322707367,
"270610310",Sand Lake Twp,"0310",Sand Lake Twp,"210","58360",Itasca,"31","061","8","2",2B,39381.8412331186,96987270.2837279,"27310310",,,,,37.4467850565473,
"270670005",Arctander Twp,"0005",Arctander Twp,"005","01990",Kandiyohi,"34","067","7","16",16B,38647.733191496,93543593.9793978,"27340005",,,,,36.1171816354455,
"270050005",Atlanta Twp,"0005",Atlanta Twp,"005","02674",Becker,"3","005","7","4",4B,38673.3321367837,93638063.2442608,"27030005",,,,,36.1536562186091,
"270650070",Mora,"0070",Mora,"065","44044",Kanabec,"33","065","8","11",11B,31148.6986698106,14019011.4527143,"27330070",,,,,5.41274032189297,
"271490080",Morris P-3,"0080",Morris,"070","44242",Stevens,"75","149","7","12",12A,14033.2890606601,4817842.27881553,"27750080",,,,,1.86016890385068,
"271270080",Morgan,"0080",Morgan,"079","44116",Redwood,"64","127","7","15",15B,7361.29157825364,1423484.58283462,"27640080",,,,,0.549607397432447,
"271370797",McKinley,"0797",McKinley,"290","39140",St. Louis,"69","137","8","7",7B,14676.1818866192,4099572.89292512,"27690797",,,,,1.58284509395839,
"271270020",Clements,"0020",Clements,"020","11836",Redwood,"64","127","7","15",15B,4048.40565485306,983201.581015623,"27640020",,,,,0.379614130430132,
"270170075",Cromwell,"0075",Cromwell,"045","13780",Carlton,"9","017","8","11",11A,9823.31020143996,5240460.57034152,"27090075",,,,,2.02334182620886,
"271510050",Danvers,"0050",Danvers,"045","14734",Swift,"76","151","7","12",12A,6761.36188764555,1799995.62976393,"27760050",,,,,0.694978312651854,
"271450042",Clearwater,"0042",Clearwater,"037","11800",Stearns,"73","145","6","13",13A,2782.1132902685,205648.105439328,"27730042",,,,,0.0794007335101244,
"270430005",Barber Twp,"0005",Barber Twp,"005","03520",Faribault,"22","043","1","23",23A,38672.9981643501,93594768.4014591,"27220005",,,,,36.1369400798033,
"271190050",Chester Twp,"0050",Chester Twp,"050","11224",Polk,"60","119","7","1",1B,38602.7240315807,93063263.0964957,"27600050",,,,,35.931725881557,
"270570110",Nevis,"0110",Nevis,"109","45340",Hubbard,"29","057","7","5",5A,6732.85591812999,2618391.21256905,"27290110",,,,,1.01096084717291,
"271450195",New Munich,"0195",New Munich,"170","45772",Stearns,"73","145","7","12",12A,6173.9439890048,1367580.08790637,"27730195",,,,,0.528022671940651,
"270032515",Oak Grove P-3,"2515",Oak Grove,"090","47690",Anoka,"2","003","6","31",31B,23582.6550131915,28070232.9878976,"27022515",,,,,10.8379169566273,
"270410130",Miltona City,"0130",Miltona,"109","42398",Douglas,"21","041","7","9",9B,6377.70576169095,1711674.88697391,"27210130",,,,,0.660877673860628,
"270350170",Ironton City,"0170",Ironton,"115","31274",Crow Wing,"18","035","8","6",6A,11078.8595007801,5603273.77817532,"27180170",,,,,2.16342400575349,
"270670075",Kandiyohi,"0075",Kandiyohi,"074","32372",Kandiyohi,"34","067","7","16",16B,5749.81831881708,1006757.47306058,"27340075",,,,,0.388709060348692,
"270410075",Garfield,"0075",Garfield,"055","23120",Douglas,"21","041","7","9",9B,10329.2783493493,2098656.69668869,"27210075",,,,,0.810291350591503,
"270070065",Cormant Twp,"0065",Cormant Twp,"045","13258",Beltrami,"4","007","8","2",2B,38666.9970267246,94075493.1328661,"27040065",,,,,36.3225478985996,
"270830015",Clifton Twp,"0015",Clifton Twp,"015","11926",Lyon,"42","083","7","15",15A,38678.3471343941,93643338.5111347,"27420015",,,,,36.1556929991491,
"270350125",Fifty Lakes City,"0125",Fifty Lakes,"075","21032",Crow Wing,"18","035","8","6",6A,45393.5753526688,86917787.4460022,"27180125",,,,,33.5589577329014,
"270510070",Logan Twp,"0070",Logan Twp,"070","37862",Grant,"26","051","7","9",9A,43924.7288791036,90295267.2542821,"27260070",,,,,34.8630026868783,
"271450150",Luxemburg Twp,"0150",Luxemburg Twp,"135","38618",Stearns,"73","145","7","13",13A,38433.5124484837,92729084.7255373,"27730150",,,,,35.80269961253,
"270050045",Cuba Twp,"0045",Cuba Twp,"045","14230",Becker,"3","005","7","4",4B,38400.0309642873,92151191.9268325,"27030045",,,,,35.57957520295,
"271370135",Culver Twp,"0135",Culver Twp,"120","14284",St. Louis,"69","137","8","11",11A,43464.8131062119,90555414.3430159,"27690135",,,,,34.9634454778384,
"271730040",Fortier Twp,"0040",Fortier Twp,"030","21914",Yellow Medicine,"87","173","7","15",15A,37308.0570024906,86885965.5673559,"27870040",,,,,33.5466713055561,
"270450075",Fountain Twp,"0075",Fountain Twp,"070","22112",Fillmore,"23","045","1","26",26B,45218.5776857403,89628237.7668589,"27230075",,,,,34.6054626017842,
"271250040",Lambert Twp,"0040",Lambert Twp,"040","35270",Red Lake,"63","125","7","1",1B,44867.7689710306,92336240.0004668,"27630040",,,,,35.6510222641802,
"270210145",Leech Lake Twp,"0145",Leech Lake Twp,"145","36224",Cass,"11","021","8","2",2B,38227.2803495544,91073704.072658,"27110145",,,,,35.1635571424532,
"270790085",Lexington Twp,"0085",Lexington Twp,"075","36872",Le Sueur,"40","079","2","22",22B,52022.7712073848,89539746.0825172,"27400085",37,Matt Little,21.62,"[{""name"": ""Abdi Abdulle"", ""votes"": 0, ""votes_pct"": 0.00, ""party"": ""DFL""}, {""name"": ""Matthew D. Klein"", ""votes"": 11, ""votes_pct"": 29.73, ""party"": ""DFL""}, {""name"": ""Hugh McTavish"", ""votes"": 2, ""votes_pct"": 5.41, ""party"": ""DFL""}, {""name"": ""Matt Little"", ""votes"": 19, ""votes_pct"": 51.35, ""party"": ""DFL""}, {""name"": ""Kaela Berg"", ""votes"": 5, ""votes_pct"": 13.51, ""party"": ""DFL""}, {""name"": ""Christopher Mosel"", ""votes"": 0, ""votes_pct"": 0.00, ""party"": ""DFL""}]",34.5712959624599,1.07025203915345
"270210150",Lima Unorg,"0150",Lima Unorg,"151","17496",Cass,"11","021","8","6",6A,39985.4300940866,92706116.5428425,"27110150",,,,,35.7938315971915,
"270350200",Long Lake Twp,"0200",Long Lake Twp,"135","37988",Crow Wing,"18","035","8","10",10A,39747.0419453774,93461179.9286335,"27180200",,,,,36.0853615704454,
"270550035",Crooked Creek Twp,"0035",Crooked Creek Twp,"025","13816",Houston,"28","055","1","26",26B,42223.7276828351,87504978.3673301,"27280035",,,,,33.7856721476262,
"270010185",Spencer Twp,"0185",Spencer Twp,"180","61654",Aitkin,"1","001","8","10",10A,41108.0627170968,97547355.3842367,"27010185",,,,,37.6630339138538,
"270570135",Steamboat River Twp P-1,"0135",Steamboat River Twp,"133","62618",Hubbard,"29","057","8","5",5A,38298.3072728302,92733819.2902989,"27290135",,,,,35.8045276279844,
"271070145",Sundal Twp,"0145",Sundal Twp,"140","63508",Norman,"54","107","7","1",1B,38560.8083454451,92737677.2181647,"27540145",,,,,35.8060171739334,
"271510140",Tara Twp,"0140",Tara Twp,"130","64228",Swift,"76","151","7","12",12A,38605.9605657473,92991063.1516408,"27760140",,,,,35.9038494828485,
"271590090",Thomastown Twp,"0090",Thomastown Twp,"085","64624",Wadena,"80","159","7","5",5B,64334.6833988946,108504465.955017,"27800090",,,,,41.8935743052323,
"270170165",Thomson Twp,"0165",Thomson Twp,"115","64768",Carlton,"9","017","8","11",11A,52358.8266945679,103940930.090603,"27090165",,,,,40.1315931079816,
"270310050",Tofte Twp P-11,"0050",Tofte Twp,"009","65065",Cook,"16","031","8","3",3A,110300.962496183,424087404.432657,"27160050",,,,,163.740146851449,
"271530175",Turtle Creek Twp,"0175",Turtle Creek Twp,"170","65740",Todd,"77","153","7","5",5B,38432.7735284669,92544375.9669604,"27770175",,,,,35.7313835608434,
"270170170",Twin Lakes Twp,"0170",Twin Lakes Twp,"125","65902",Carlton,"9","017","8","11",11A,89797.2234301784,117753355.532692,"27090170",,,,,45.4645705711722,
"270790120",Tyrone Twp,"0120",Tyrone Twp,"105","66100",Le Sueur,"40","079","2","22",22B,57087.696452764,92224153.8388375,"27400120",68,Matthew D. Klein,10.29,"[{""name"": ""Abdi Abdulle"", ""votes"": 2, ""votes_pct"": 2.94, ""party"": ""DFL""}, {""name"": ""Matthew D. Klein"", ""votes"": 25, ""votes_pct"": 36.76, ""party"": ""DFL""}, {""name"": ""Hugh McTavish"", ""votes"": 5, ""votes_pct"": 7.35, ""party"": ""DFL""}, {""name"": ""Matt Little"", ""votes"": 18, ""votes_pct"": 26.47, ""party"": ""DFL""}, {""name"": ""Kaela Berg"", ""votes"": 14, ""votes_pct"": 20.59, ""party"": ""DFL""}, {""name"": ""Christopher Mosel"", ""votes"": 4, ""votes_pct"": 5.88, ""party"": ""DFL""}]",35.6077457971751,1.90969685043625
"270070202",Little Rock,"0202",Lower Red Lake Unorg,"127","66307",Beltrami,"4","007","8","2",2A,167268.331272157,1047874761.30929,"27040202",,,,,404.584445341518,
"270690175",Tegner Twp,"0175",Tegner Twp,"175","64336",Kittson,"35","069","7","1",1A,39980.8560443139,92654172.198691,"27350175",,,,,35.7737758859146,
"270210270",Thunder Lake Twp,"0270",Thunder Lake Twp,"265","64876",Cass,"11","021","8","6",6A,38736.9461040497,93675482.4890502,"27110270",,,,,36.1681037890223,
"270010125",McGregor Twp,"0125",McGregor Twp,"115","39032",Aitkin,"1","001","8","7",7A,40542.0114319633,88131474.0656683,"27010125",,,,,34.0275621367545,
"270130195",Mankato Twp P-4,"0195",Mankato Twp,"105","39896",Blue Earth,"7","013","1","22",22B,39091.1434931396,37499422.3780602,"27070195",,,,,14.478526980169,
"271490105",Stevens Twp,"0105",Stevens Twp,"095","62752",Stevens,"75","149","7","12",12A,38579.2842937426,93038155.8201251,"27750105",,,,,35.9220319621503,
"271270160",Sundown Twp,"0160",Sundown Twp,"150","63526",Redwood,"64","127","7","15",15B,38587.8401247112,92907956.914478,"27640160",,,,,35.87176216468,
"270870085",Twin Lakes Twp,"0085",Twin Lakes Twp,"083","65929",Mahnomen,"44","087","8","2",2B,38592.4704991799,93282543.0896642,"27440085",,,,,36.0163898869193,
"271330095",Mound Twp,"0095",Mound Twp,"080","44494",Rock,"67","133","1","21",21A,38782.5545832287,92805783.3046392,"27670095",,,,,35.8323129339212,
"270950085",Mudgett Twp,"0085",Mudgett Twp,"085","44710",Mille Lacs,"48","095","8","10",10A,35564.3621452423,78096572.0895634,"27480085",,,,,30.1530864837804,
"271710160",Silver Creek Twp,"0160",Silver Creek Twp,"140","60340",Wright,"86","171","6","29",29B,42532.9905987789,101511657.511576,"27860160",,,,,39.1936509652193,
"270210255",Slater Twp,"0255",Slater Twp,"250","60790",Cass,"11","021","8","6",6A,41294.8532223971,94419403.0917999,"27110255",,,,,36.4553315337439,
"271650135",South Branch Twp,"0135",South Branch Twp,"100","61276",Watonwan,"83","165","1","22",22A,40263.4322778875,101148500.695688,"27830135",,,,,39.0534361186053,
"271270155",Springdale Twp,"0155",Springdale Twp,"145","61798",Redwood,"64","127","7","15",15B,40391.6542391054,92909721.201932,"27640155",,,,,35.872443356066,
"271350175",Spruce Twp,"0175",Spruce Twp,"175","62158",Roseau,"68","135","7","1",1A,42705.5535319726,91840724.3423862,"27680175",,,,,35.4597036685953,
"270610335",Stokes Twp,"0335",Stokes Twp,"225","62914",Itasca,"31","061","8","3",3A,53496.867643544,148381273.321658,"27310335",,,,,57.290009629492,
"271530170",Stowe Prairie Twp,"0170",Stowe Prairie Twp,"165","63058",Todd,"77","153","7","5",5B,50085.2778799036,87925985.8053561,"27770170",,,,,33.948223119448,
"270690170",Svea Twp,"0170",Svea Twp,"170","63652",Kittson,"35","069","7","1",1A,38649.6182306323,92837059.0783307,"27350170",,,,,35.8443885101435,
"270910180",Tenhassen Twp,"0180",Tenhassen Twp,"125","64372",Martin,"46","091","1","22",22A,38943.5048707746,94833472.4239935,"27460180",,,,,36.6152037029039,
"270990205",Udolpho Twp,"0205",Udolpho Twp,"155","66118",Mower,"50","099","1","23",23B,38618.4991247729,93200720.0495449,"27500205",,,,,35.9847980111293,
"270570140",Straight River Twp,"0140",Straight River Twp,"135","63076",Hubbard,"29","057","7","5",5A,42939.4139203405,91498236.8512474,"27290140",,,,,35.3274692482666,
"270570145",Thorpe Twp,"0145",Thorpe Twp,"140","64804",Hubbard,"29","057","8","5",5A,38602.3053417852,93232525.6127299,"27290145",,,,,35.997078139075,
"270350280",Timothy Twp,"0280",Timothy Twp,"215","64930",Crow Wing,"18","035","8","6",6A,38500.5959600857,92167228.1736345,"27180280",,,,,35.5857667978403,
"271370960",Unorg Prct 7,"0960",McCormack Lake Unorg,"283","38938",St. Louis,"69","137","8","7",7B,39383.619833147,96606437.8626107,"27690960",,,,,37.299745658754,
"270470170",Manchester Twp,"0170",Manchester Twp,"115","39734",Freeborn,"24","047","1","23",23A,41100.183749468,93239269.9320866,"27240170",,,,,35.9996821207786,
"271070105",Mary Twp,"0105",Mary Twp,"100","40868",Norman,"54","107","7","1",1B,38363.0631722483,92019721.5657549,"27540105",,,,,35.528814496538,
"270070240",Summit Twp,"0240",Summit Twp,"205","63328",Beltrami,"4","007","8","2",2B,40891.8181525158,91140251.5817155,"27040240",,,,,35.1892511357003,
"271730150",Tyro Twp,"0150",Tyro Twp,"125","66082",Yellow Medicine,"87","173","7","15",15A,38732.3322283726,94006195.8230271,"27870150",,,,,36.2957922072708,
"271550060",Tara Twp,"0060",Tara Twp,"065","64246",Traverse,"78","155","7","9",9A,38871.0822588704,94366746.5222913,"27780060",,,,,36.4350008322567,
"271690075",Mount Vernon Twp,"0075",Mount Vernon Twp,"065","44656",Winona,"85","169","1","20",20B,38614.264292527,91550337.365945,"27850075",,,,,35.3475852569914,
"271350120",Nereson Twp,"0120",Nereson Twp,"120","45178",Roseau,"68","135","7","1",1A,38825.5712161273,94127706.5589713,"27680120",,,,,36.3427075024188,
"270610184",Greenway Twp,"0184",Greenway Twp,"120","25892",Itasca,"31","061","8","7",7A,54712.1529881885,70213842.7139288,"27310184",,,,,27.1095646718479,
"271310020",Erin Twp,"0020",Erin Twp,"025","19682",Rice,"66","131","2","22",22B,38694.1255718857,93591698.3396041,"27660020",46,Matt Little,6.52,"[{""name"": ""Abdi Abdulle"", ""votes"": 0, ""votes_pct"": 0.00, ""party"": ""DFL""}, {""name"": ""Matthew D. Klein"", ""votes"": 16, ""votes_pct"": 34.78, ""party"": ""DFL""}, {""name"": ""Hugh McTavish"", ""votes"": 2, ""votes_pct"": 4.35, ""party"": ""DFL""}, {""name"": ""Matt Little"", ""votes"": 19, ""votes_pct"": 41.30, ""party"": ""DFL""}, {""name"": ""Kaela Berg"", ""votes"": 9, ""votes_pct"": 19.57, ""party"": ""DFL""}, {""name"": ""Christopher Mosel"", ""votes"": 0, ""votes_pct"": 0.00, ""party"": ""DFL""}]",36.1357547289212,1.27297742485461
"270050090",Evergreen Twp,"0090",Evergreen Twp,"065","20006",Becker,"3","005","7","5",5A,38916.7690522893,94355124.6989717,"27030090",,,,,36.430513646273,
"270330105",Springfield Twp,"0105",Springfield Twp,"100","61834",Cottonwood,"17","033","7","21",21B,38576.5187196984,93354676.4007852,"27170105",,,,,36.0442405583431,
"270410170",Spruce Hill Twp,"0170",Spruce Hill Twp,"150","62248",Douglas,"21","041","7","12",12B,38708.7752647791,93635715.7273162,"27210170",,,,,36.1527498423168,
"270890220",Spruce Valley Twp,"0220",Spruce Valley Twp,"220","62266",Marshall,"45","089","7","1",1A,43764.7201901152,93771452.9484681,"27450220",,,,,36.2051579834035,
"270510110",Stony Brook Twp,"0110",Stony Brook Twp,"110","62986",Grant,"26","051","7","9",9A,44908.1943843091,89876420.0236902,"27260110",,,,,34.7012857711468,
"271190415",Sullivan Twp,"0415",Sullivan Twp,"325","63310",Polk,"60","119","7","1",1B,39726.7185977055,92640943.4513971,"27600415",,,,,35.7686682665844,
"270610345",Third River Twp,"0345",Third River Twp,"230","64606",Itasca,"31","061","8","2",2B,38553.4684820046,94095172.7199906,"27310345",,,,,36.3301461871884,
"270410175",Urness Twp,"0175",Urness Twp,"155","66406",Douglas,"21","041","7","9",9B,38574.2393385821,92966246.6132739,"27210175",,,,,35.8942678173851,
"271670145",Tanberg Twp,"0145",Tanberg Twp,"125","64174",Wilkin,"84","167","7","9",9A,38240.3032590904,86200656.7371497,"27840145",,,,,33.2820735662135,
"270890240",Thief Lake Twp,"0240",Thief Lake Twp,"240","64552",Marshall,"45","089","7","1",1A,38859.8213251871,94558241.5451531,"27450240",,,,,36.5089370605836,
"271670140",Sunnyside Twp,"0140",Sunnyside Twp,"120","63562",Wilkin,"84","167","7","9",9A,38519.5308140574,92718065.1024351,"27840140",,,,,35.7984449360502,
"270830090",Lyons Twp,"0090",Lyons Twp,"090","38834",Lyon,"42","083","7","15",15A,42720.1003743782,91889671.008518,"27420090",,,,,35.4786019763888,
"270570105",Mantrap Twp,"0105",Mantrap Twp,"105","40022",Hubbard,"29","057","7","5",5A,38557.0316200696,92950728.2681359,"27290105",,,,,35.8882761843273,
"270870060",Marsh Creek Twp,"0060",Marsh Creek Twp,"060","40742",Mahnomen,"44","087","8","2",2B,39545.4733761436,97752236.6714842,"27440060",,,,,37.7421385788601,
"270070235",Sugar Bush Twp,"0235",Sugar Bush Twp,"200","63274",Beltrami,"4","007","8","2",2B,38370.4001140202,90996334.2069071,"27040235",,,,,35.1336846372868,
"270070245",Taylor Twp,"0245",Taylor Twp,"208","64291",Beltrami,"4","007","8","2",2B,38633.0405931968,88642419.6937344,"27040245",,,,,34.2248382437508,
"271370930",Sturgeon Twp,"0930",Sturgeon Twp,"415","63202",St. Louis,"69","137","8","7",7B,38878.7914349543,95741210.502832,"27690930",,,,,36.9656813751434,
"270330115",Storden Twp,"0115",Storden Twp,"105","63040",Cottonwood,"17","033","7","21",21A,42442.7811332803,92519842.6210607,"27170115",,,,,35.7219112359915,
"271070130",Shelly Twp,"0130",Shelly Twp,"120","59584",Norman,"54","107","7","1",1B,57778.8847451398,109376225.914396,"27540130",,,,,42.2301608255482,
"271270150",Sherman Twp,"0150",Sherman Twp,"140","59692",Redwood,"64","127","7","15",15B,44024.5640289999,71462702.6473329,"27640150",,,,,27.5917494921352,
"270150130",Sigel Twp,"0130",Sigel Twp,"095","60160",Brown,"8","015","1","15",15B,46956.4207814073,102671862.499149,"27080130",,,,,39.6416061109215,
"270290125",Sinclair Twp,"0125",Sinclair Twp,"125","60502",Clearwater,"15","029","8","2",2A,38797.0575003086,93978020.5794464,"27150125",,,,,36.2849137457242,
"270890215",Sinnott Twp,"0215",Sinnott Twp,"215","60520",Marshall,"45","089","7","1",1A,41770.5495483717,93627192.8531691,"27450215",,,,,36.1494591606086,
"271730135",Sioux Agency Twp,"0135",Sioux Agency Twp,"110","60538",Yellow Medicine,"87","173","7","15",15A,47268.3738288776,108986175.013955,"27870135",,,,,42.079562172888,
"271010140",Slayton Twp,"0140",Slayton Twp,"135","60826",Murray,"51","101","7","21",21A,62457.2507785302,87933127.5321202,"27510140",,,,,33.9509805401516,
"271350176",America/Beltrami Island Forest Unorg,"0176",America / Beltrami Island Unorg,"003","61330",Roseau,"68","135","7","1",1A,80331.5079772928,293038298.629334,"27680176",,,,,113.142087100786,
"270950120",South Harbor Twp,"0120",South Harbor Twp,"120","61384",Mille Lacs,"48","095","8","10",10A,63271.2418421695,193781056.33889,"27480120",,,,,74.8188658524456,
"271710170",Southside Twp,"0170",Southside Twp,"150","61510",Wright,"86","171","6","29",29A,52337.2853223492,73004162.7069734,"27860170",,,,,28.1869072211624,
"270550110",Spring Grove Twp,"0110",Spring Grove Twp,"085","61870",Houston,"28","055","1","26",26B,49292.2391951097,90360838.7790371,"27280110",,,,,34.8883198525862,
"270450175",Spring Valley Twp,"0175",Spring Valley Twp,"155","62122",Fillmore,"23","045","1","26",26B,57123.7875202646,81894081.4239652,"27230175",,,,,31.619304837793,
"270410165",Solem Twp,"0165",Solem Twp,"145","61078",Douglas,"21","041","7","9",9B,44148.3758643525,92541865.3697604,"27210165",,,,,35.7304142192645,
"270490175",Stanton Twp,"0175",Stanton Twp,"120","62428",Goodhue,"25","049","1","58",58B,34631.6872434933,61959501.6946004,"27250175",,,,,23.9225636042852,
"271530165",Staples Twp,"0165",Staples Twp,"160","62464",Todd,"77","153","7","5",5B,49140.6167236452,87518471.5726508,"27770165",,,,,33.7908818742005,
"271050130",Summit Lake Twp,"0130",Summit Lake Twp,"130","63400",Nobles,"53","105","1","21",21B,38677.745387844,93646342.1836718,"27530130",,,,,36.1568527171157,
"271730145",Swede Prairie Twp,"0145",Swede Prairie Twp,"120","63850",Yellow Medicine,"87","173","7","15",15A,38739.5687976548,93821477.1181642,"27870145",,,,,36.2244723153232,
"270050215",Toad Lake Twp,"0215",Toad Lake Twp,"190","65002",Becker,"3","005","7","5",5A,38635.1334265882,93629870.6384615,"27030215",,,,,36.15049305351,
"271110415",Trondhjem Twp,"0415",Trondhjem Twp,"375","65524",Otter Tail,"56","111","7","9",9A,41221.222543393,92678626.9186128,"27560415",,,,,35.7832178532764,
"270010200",Verdon Twp,"0200",Verdon Twp,"195","66748",Aitkin,"1","001","8","7",7A,38911.5611848379,94304042.1530945,"27010200",,,,,36.4107906753098,
"270270255",Tansem Twp,"0255",Tansem Twp,"190","64192",Clay,"14","027","7","4",4B,38705.8189869023,93428683.3318011,"27140255",,,,,36.0728146344084,
"270070250",Ten Lake Twp,"0250",Ten Lake Twp,"210","64390",Beltrami,"4","007","8","2",2B,38447.1230774348,93147336.6199019,"27040250",,,,,35.9641866689441,
"270130245",South Bend Twp,"0245",South Bend Twp,"160","61240",Blue Earth,"7","013","1","22",22A,37263.7490636001,43237582.8910656,"27070245",,,,,16.6940307542404,
"270050210",Sugar Bush Twp,"0210",Sugar Bush Twp,"185","63256",Becker,"3","005","8","2",2B,58248.1237880358,188165752.045965,"27030210",,,,,72.6507968649472,
"270970240",Swanville Twp,"0240",Swanville Twp,"225","63796",Morrison,"49","097","7","10",10B,42849.0177685958,96081528.3123305,"27490240",,,,,37.0970780813908,
"271330085",Magnolia Twp,"0085",Magnolia Twp,"065","39356",Rock,"67","133","1","21",21A,45603.8543017082,91317730.5757866,"27670085",,,,,35.2577757753112,
"271110280",Maplewood Twp,"0280",Maplewood Twp,"240","40364",Otter Tail,"56","111","7","9",9B,38467.8375340573,92416319.2301206,"27560280",,,,,35.6819408547496,
"270070230",Steenerson Twp,"0230",Steenerson Twp,"195","62680",Beltrami,"4","007","8","2",2A,38590.2887897066,93059333.9022467,"27040230",,,,,35.9302088196575,
"271350185",Stokes Twp,"0185",Stokes Twp,"185","62932",Roseau,"68","135","7","1",1A,38662.9619814975,93442261.7972023,"27680185",,,,,36.0780572798998,
"271510135",Swenoda Twp,"0135",Swenoda Twp,"125","63904",Swift,"76","151","7","12",12A,38481.8609522497,92634639.3292022,"27760135",,,,,35.766234245005,
"270110100",Toqua Twp,"0100",Toqua Twp,"095","65200",Big Stone,"6","011","7","12",12A,41492.0467112379,91004879.718576,"27060100",,,,,35.1369840593422,
"270890255",Veldt Twp,"0255",Veldt Twp,"255","66694",Marshall,"45","089","7","1",1A,38489.4834424261,91897697.8344719,"27450255",,,,,35.4817011338896,
"271530150",Reynolds Twp,"0150",Reynolds Twp,"145","53926",Todd,"77","153","7","5",5B,38612.6992208307,93550461.0476875,"27770150",,,,,36.1198330105121,
"270330085",Mountain Lake Twp,"0085",Mountain Lake Twp,"075","44584",Cottonwood,"17","033","7","21",21B,40054.8007405981,92119739.1206329,"27170085",,,,,35.5674312744764,
"270890166",Mud Lake Unorg,"0166",Mud Lake Unorg,"166","44718",Marshall,"45","089","7","1",1A,38683.6864397285,93439605.8881999,"27450166",,,,,36.077031833434,
"271150140",Munch Twp,"0140",Munch Twp,"130","44764",Pine,"58","115","8","11",11B,42559.1765152371,93184793.595751,"27580140",,,,,35.9786488073195,
"271570035",Greenfield Twp,"0035",Greenfield Twp,"035","25640",Wabasha,"79","157","1","20",20B,47606.1994899681,97947075.0123545,"27790035",,,,,37.8173656622701,
"270570115",Nevis Twp,"0115",Nevis Twp,"110","45358",Hubbard,"29","057","7","5",5A,44573.9914571091,86617049.953047,"27290115",,,,,33.4428429868715,
"271310095",Northfield W-2 P-2,"0095",Northfield,"060","46924",Rice,"66","131","2","58",58A,11041.9706137789,3632781.16035039,"27660095",501,Matt Little,29.14,"[{""name"": ""Abdi Abdulle"", ""votes"": 6, ""votes_pct"": 1.20, ""party"": ""DFL""}, {""name"": ""Matthew D. Klein"", ""votes"": 121, ""votes_pct"": 24.15, ""party"": ""DFL""}, {""name"": ""Hugh McTavish"", ""votes"": 8, ""votes_pct"": 1.60, ""party"": ""DFL""}, {""name"": ""Matt Little"", ""votes"": 267, ""votes_pct"": 53.29, ""party"": ""DFL""}, {""name"": ""Kaela Berg"", ""votes"": 96, ""votes_pct"": 19.16, ""party"": ""DFL""}, {""name"": ""Christopher Mosel"", ""votes"": 3, ""votes_pct"": 0.60, ""party"": ""DFL""}]",1.40261680601129,357.189503115057
"270710115",Northome,"0115",Northome,"035","47122",Koochiching,"36","071","8","3",3A,12592.3304756856,4558172.27958927,"27360115",,,,,1.75991031714942,
"271190270",Higdem Twp,"0270",Higdem Twp,"180","28844",Polk,"60","119","7","1",1B,37409.2164268818,60589100.5968199,"27600270",,,,,23.3934517404322,
"271090055",High Forest Twp,"0055",High Forest Twp,"055","28880",Olmsted,"55","109","1","24",24A,110311.992806758,102278085.417958,"27550055",,,,,39.4895687798736,
"271430070",Henderson Twp,"0070",Henderson Twp,"070","28412",Sibley,"72","143","7","17",17B,48877.1586705715,78176635.5905503,"27720070",,,,,30.1839990015115,
"271110245",Hobart Twp,"0245",Hobart Twp,"205","29420",Otter Tail,"56","111","7","9",9B,40154.363380009,92955803.1536442,"27560245",,,,,35.890235597622,
"270270145",Kurtz Twp,"0145",Kurtz Twp,"135","33812",Clay,"14","027","7","4",4B,50845.4900734813,84020866.3076818,"27140145",,,,,32.4404564813959,
"270610225",Lake Jessie Twp,"0225",Lake Jessie Twp,"145","34568",Itasca,"31","061","8","2",2B,38745.6761625044,94766565.0259484,"27310225",,,,,36.5893707565187,
"271630210",Marine on Saint Croix,"0210",Marine on St. Croix,"110","40562",Washington,"82","163","8","33",33B,14731.2389760545,9891629.8130125,"27820210",,,,,3.81915827080413,
"271630255",Oakdale P-6,"0255",Oakdale,"136","47680",Washington,"82","163","4","44",44B,12586.4878012582,5186311.33247867,"27820255",,,,,2.00243480547001,
"270350145",Garrison City,"0145",Garrison,"094","23192",Crow Wing,"18","035","8","6",6A,9842.13105516256,2677437.25834279,"27180145",,,,,1.03375852544615,
"271430040",Gaylord,"0040",Gaylord,"040","23300",Sibley,"72","143","7","17",17B,14754.27977916,4897199.54948413,"27720040",,,,,1.89080874605582,
"270850045",Glencoe City P-4,"0045",Glencoe,"030","23948",McLeod,"43","085","7","17",17A,10474.2949540384,2180509.15356913,"27430045",,,,,0.841894584193043,
"270110050",Graceville,"0050",Graceville,"049","24758",Big Stone,"6","011","7","12",12A,8389.91709184183,1487799.50605567,"27060050",,,,,0.574439389288093,
"271170030",Elmer Twp,"0030",Elmer Twp,"030","18908",Pipestone,"59","117","7","21",21A,50663.5957304648,91853366.5594256,"27590030",,,,,35.4645848285942,
"271190175",Euclid Twp,"0175",Euclid Twp,"095","19862",Polk,"60","119","7","1",1B,38471.3320900882,92435353.2616303,"27600175",,,,,35.6892898943155,
"270670060",Harrison Twp,"0060",Harrison Twp,"060","27314",Kandiyohi,"34","067","7","16",16B,38212.1503827839,91130424.8351118,"27340060",,,,,35.1854570288367,
"270910155",Pleasant Prairie Twp,"0155",Pleasant Prairie Twp,"100","51622",Martin,"46","091","1","22",22A,38641.5895332546,92939814.7663976,"27460155",,,,,35.8840624813061,
"270510095",Pomme de Terre Twp,"0095",Pomme de Terre Twp,"095","51838",Grant,"26","051","7","9",9A,38610.6641245302,93259486.9312398,"27260095",,,,,36.0074879041517,
"270210100",Fairview Twp,"0100",Fairview Twp,"100","20366",Cass,"11","021","8","5",5A,43589.0202845212,105876202.033575,"27110100",,,,,40.8788016051631,
"271190190",Farley Twp,"0190",Farley Twp,"110","20564",Polk,"60","119","7","1",1B,33878.3958149064,70294965.3881795,"27600190",,,,,27.1408861363761,
"271110210",Fergus Falls Twp,"0210",Fergus Falls Twp,"170","20924",Otter Tail,"56","111","7","9",9A,59636.0263084256,70037171.8662102,"27560210",,,,,27.0413520575438,
"271070035",Fossum Twp,"0035",Fossum Twp,"030","22022",Norman,"54","107","7","1",1B,38698.8103045824,93209970.140462,"27540035",,,,,35.9883694712324,
"270490010",Belle Creek Twp,"0010",Belle Creek Twp,"010","04816",Goodhue,"25","049","1","20",20A,38305.2372100618,91725706.3596585,"27250010",,,,,35.4152952254641,
"270070285",Unorg Dist 3,"0285",Brook Lake Unorg,"038","07918",Beltrami,"4","007","8","2",2B,38987.0127621264,94168895.8048315,"27040285",,,,,36.3586106702454,
"271370045",Bassett Twp,"0045",Bassett Twp,"050","03880",St. Louis,"69","137","8","3",3A,96030.0692355005,471746952.628018,"27690045",,,,,182.141498409678,
"270470080",Bath Twp,"0080",Bath Twp,"030","03934",Freeborn,"24","047","1","23",23A,43762.1489733051,92636362.8267872,"27240080",,,,,35.7668996874225,
"271370050",Beatty Twp,"0050",Beatty Twp,"055","04294",St. Louis,"69","137","8","3",3A,61535.0889504768,206156891.315705,"27690050",,,,,79.5971757369935,
"271290010",Beaver Falls Twp,"0010",Beaver Falls Twp,"010","04546",Renville,"65","129","7","16",16A,43136.756714849,70341924.535913,"27650010",,,,,27.159017063316,
"271150221",Sturgeon Lake,"0221",Sturgeon Lake,"204","63220",Pine,"58","115","8","11",11A,19959.2960686301,9787675.92814841,"27580221",,,,,3.7790216758581,
"271470105",Owatonna W-3 P-2,"0105",Owatonna,"070","49300",Steele,"74","147","1","19",19B,59825.8189461221,14914541.5748475,"27740105",,,,,5.75850450204861,
"270070265",Turtle River,"0265",Turtle River,"224","65794",Beltrami,"4","007","8","2",2B,8277.86789572537,2831948.36385499,"27040265",,,,,1.09341526328441,
"271390020",Cedar Lake Twp,"0020",Cedar Lake Twp,"020","10450",Scott,"70","139","2","58",58A,38717.8552166085,93812755.7517865,"27700020",192,Matt Little,8.33,"[{""name"": ""Abdi Abdulle"", ""votes"": 4, ""votes_pct"": 2.08, ""party"": ""DFL""}, {""name"": ""Matthew D. Klein"", ""votes"": 65, ""votes_pct"": 33.85, ""party"": ""DFL""}, {""name"": ""Hugh McTavish"", ""votes"": 9, ""votes_pct"": 4.69, ""party"": ""DFL""}, {""name"": ""Matt Little"", ""votes"": 81, ""votes_pct"": 42.19, ""party"": ""DFL""}, {""name"": ""Kaela Berg"", ""votes"": 29, ""votes_pct"": 15.10, ""party"": ""DFL""}, {""name"": ""Christopher Mosel"", ""votes"": 4, ""votes_pct"": 2.08, ""party"": ""DFL""}]",36.2211049957648,5.3007769923764
"270390020",Claremont Twp,"0020",Claremont Twp,"015","11584",Dodge,"20","039","1","24",24A,48567.9968651313,90320079.4993171,"27200020",,,,,34.8725826946863,
"271270190",Vesta Twp,"0190",Vesta Twp,"175","67000",Redwood,"64","127","7","15",15B,43605.9221885329,90863744.7384357,"27640190",,,,,35.08249184351,
"270670125",Pennock,"0125",Pennock,"125","50344",Kandiyohi,"34","067","7","16",16B,7154.17442720894,2644908.05537092,"27340125",,,,,1.02119900017871,
"270350240",Pequot Lakes City,"0240",Pequot Lakes,"178","50416",Crow Wing,"18","035","8","6",6B,33186.8654168478,47030627.3778957,"27180240",,,,,18.1585252306055,
"271730115",Porter,"0115",Porter,"090","52144",Yellow Medicine,"87","173","7","15",15A,9431.63308355265,5192215.90894851,"27870115",,,,,2.00471456244502,
"271370845",New Independence Twp,"0845",New Independence Twp,"335","45664",St. Louis,"69","137","8","7",7B,38463.8710747431,92471840.0981449,"27690845",,,,,35.7033774618937,
"271290160",Sacred Heart,"0160",Sacred Heart,"159","56572",Renville,"65","129","7","16",16A,7305.57695791227,2568452.54413966,"27650160",,,,,0.991679527292322,
"271710165",South Haven,"0165",South Haven,"145","61402",Wright,"86","171","6","29",29A,5260.86310803626,1646435.38469698,"27860165",,,,,0.635688702031503,
"271590075",Sebeka,"0075",Sebeka,"075","59152",Wadena,"80","159","7","5",5B,12707.890105617,6409562.11762148,"27800075",,,,,2.47473193361365,
"271210120",Sedan,"0120",Sedan,"115","59188",Pope,"61","121","7","12",12A,6387.86640081067,1308613.6346926,"27610120",,,,,0.505255724354813,
"271550070",Tintah,"0070",Tintah,"074","64948",Traverse,"78","155","7","9",9A,6482.81687670525,1954079.77510736,"27780070",,,,,0.754470201168953,
"270910185",Trimont,"0185",Trimont,"130","65470",Martin,"46","091","1","21",21B,8444.37458232901,2040208.99386864,"27460185",,,,,0.787724692532682,
"270970250",Upsala,"0250",Upsala,"240","66334",Morrison,"49","097","7","10",10B,14381.0838155922,8393930.06110999,"27490250",,,,,3.24089639659457,
"271390097",Prior Lake P-9,"0097",Prior Lake,"072","52594",Scott,"70","139","2","54",54B,34173.4755636093,14309683.7549004,"27700097",294,Matt Little,6.8,"[{""name"": ""Abdi Abdulle"", ""votes"": 8, ""votes_pct"": 2.72, ""party"": ""DFL""}, {""name"": ""Matthew D. Klein"", ""votes"": 93, ""votes_pct"": 31.63, ""party"": ""DFL""}, {""name"": ""Hugh McTavish"", ""votes"": 6, ""votes_pct"": 2.04, ""party"": ""DFL""}, {""name"": ""Matt Little"", ""votes"": 113, ""votes_pct"": 38.44, ""party"": ""DFL""}, {""name"": ""Kaela Berg"", ""votes"": 73, ""votes_pct"": 24.83, ""party"": ""DFL""}, {""name"": ""Christopher Mosel"", ""votes"": 1, ""votes_pct"": 0.34, ""party"": ""DFL""}]",5.52496889776705,53.212969238401
"270730065",Garfield Twp,"0065",Garfield Twp,"055","23138",Lac qui Parle,"37","073","7","15",15A,39268.1813265253,96384610.7131086,"27370065",,,,,37.2140981963312,
"270230035",Havelock Twp,"0035",Havelock Twp,"035","27656",Chippewa,"12","023","7","16",16A,38511.0630657853,92699205.0448239,"27120035",,,,,35.7911630678065,
"270570060",Hendrickson Twp,"0060",Hendrickson Twp,"060","28466",Hubbard,"29","057","8","5",5A,38607.7081603571,93159239.5451412,"27290060",,,,,35.968782388379,
"270690070",Hill Twp,"0070",Hill Twp,"070","29078",Kittson,"35","069","7","1",1A,45102.4985072446,84052156.8747334,"27350070",,,,,32.4525377693346,
"270570035",Farden Twp,"0035",Farden Twp,"035","20528",Hubbard,"29","057","8","2",2B,38733.842011479,93692008.5954274,"27290035",,,,,36.1744845186945,
"271290070",Ericson Twp,"0070",Ericson Twp,"070","19628",Renville,"65","129","7","16",16A,38737.8940403413,94037427.9891988,"27650070",,,,,36.3078509466297,
"271070160",Wild Rice Twp,"0160",Wild Rice Twp,"155","70276",Norman,"54","107","7","1",1B,45614.9732355057,91333919.9729729,"27540160",,,,,35.2640265015648,
"271650065",Nelson Twp,"0065",Nelson Twp,"060","45124",Watonwan,"83","165","1","21",21B,38395.0885773572,92242951.1085245,"27830065",,,,,35.6150034230013,
"270510030",Elk Lake Twp,"0030",Elk Lake Twp,"030","18620",Grant,"26","051","7","9",9A,42281.0119435029,91634895.5708065,"27260030",,,,,35.3802331798884,
"271530085",Grey Eagle Twp,"0085",Grey Eagle Twp,"080","26018",Todd,"77","153","7","5",5B,38924.9750400799,75650185.9173089,"27770085",,,,,29.208536782673,
"270270100",Hagen Twp,"0100",Hagen Twp,"090","26504",Clay,"14","027","7","1",1B,36728.0555308138,84104949.0547829,"27140100",,,,,32.4729208300517,
"271570090",Millville,"0090",Millville,"080","42290",Wabasha,"79","157","1","20",20B,3227.50461366472,412416.03511316,"27790090",,,,,0.159233831157191,
"270810050",Ivanhoe,"0050",Ivanhoe,"050","31526",Lincoln,"41","081","7","21",21A,10610.5044917324,1614243.88560949,"27410050",,,,,0.623259564233825,
"270330060",Jeffers,"0060",Jeffers,"060","31796",Cottonwood,"17","033","7","21",21A,4506.20077168554,1018764.39982721,"27170060",,,,,0.393344934773286,
"271370437",Eagles Nest Twp,"0437",Eagles Nest Twp,"132","17440",St. Louis,"69","137","8","3",3A,35335.4580562929,77212657.9767424,"27690437",,,,,29.8118072448203,
"270390025",Concord Twp,"0025",Concord Twp,"025","12934",Dodge,"20","039","1","24",24A,46847.7955790098,95249950.1288964,"27200025",,,,,36.7760057447669,
"270350090",Daggett Brook Twp,"0090",Daggett Brook Twp,"045","14464",Crow Wing,"18","035","8","10",10A,38760.8009285171,94111289.856533,"27180090",,,,,36.3363690136074,
"270290020",Clover Twp,"0020",Clover Twp,"020","12214",Clearwater,"15","029","8","2",2A,28994.6459919209,46605877.6522389,"27150020",,,,,17.9945293615294,
"270810085",Royal Twp,"0085",Royal Twp,"085","56158",Lincoln,"41","081","7","21",21A,44686.5551316216,88695335.7201616,"27410085",,,,,34.2452691215544,
"270350275",Saint Mathias Twp,"0275",St. Mathias Twp,"205","57328",Crow Wing,"18","035","8","10",10A,38593.264223323,92876478.0293657,"27180275",,,,,35.8596081671381,
"271550005",Arthur Twp,"0005",Arthur Twp,"005","02314",Traverse,"78","155","7","9",9A,38841.3235411182,94348102.9546439,"27780005",,,,,36.427802550788,
"271650045",Long Lake Twp,"0045",Long Lake Twp,"045","38024",Watonwan,"83","165","1","21",21B,40618.588107851,92318649.3576852,"27830045",,,,,35.6442305170022,
"271290055",Crooks Twp,"0055",Crooks Twp,"055","13852",Renville,"65","129","7","16",16A,38748.7093634195,93427537.8058967,"27650055",,,,,36.0723723468567,
"270930035",Danielson Twp,"0035",Danielson Twp,"035","14698",Meeker,"47","093","7","16",16A,38599.5142238777,93177151.8753066,"27470035",,,,,35.9756983390559,
"271370545",French Twp,"0545",French Twp,"200","22724",St. Louis,"69","137","8","7",7B,39130.5842848716,95501270.5419534,"27690545",,,,,36.8730405562482,
"271110265",Leaf Mountain Twp,"0265",Leaf Mountain Twp,"225","36008",Otter Tail,"56","111","7","9",9B,38601.0390496837,93097248.8159872,"27560265",,,,,35.9448477678527,
"270070140",Lee Twp,"0140",Lee Twp,"120","36170",Beltrami,"4","007","8","2",2A,38478.0690132373,92987819.5707486,"27040140",,,,,35.902597136266,
"270890130",Lincoln Twp,"0130",Lincoln Twp,"130","37142",Marshall,"45","089","7","1",1A,41875.1263824948,92123956.9528537,"27450130",,,,,35.5690597794968,
"270610240",Lone Pine Twp,"0240",Lone Pine Twp,"160","37934",Itasca,"31","061","8","7",7A,40384.5271153273,94750389.5220923,"27310240",,,,,36.5831253944799,
"270830030",Custer Twp,"0030",Custer Twp,"030","14392",Lyon,"42","083","7","15",15A,42383.0091293005,92938488.6976188,"27420030",,,,,35.8835504861506,
"271470030",Deerfield Twp,"0030",Deerfield Twp,"030","15256",Steele,"74","147","1","19",19B,38517.8151263945,92759723.3549236,"27740030",,,,,35.814529187336,
"270330040",Delton Twp,"0040",Delton Twp,"040","15652",Cottonwood,"17","033","7","21",21A,38521.1553210162,92711404.1777058,"27170040",,,,,35.7958731530122,
"271130005",Black River Twp,"0005",Black River Twp,"005","06364",Pennington,"57","113","7","1",1A,32102.0784575444,61901276.9621964,"27570005",,,,,23.900083035104,
"270010020",Balsam Twp,"0020",Balsam Twp,"020","03412",Aitkin,"1","001","8","7",7A,38988.0947784207,95179413.7860433,"27010020",,,,,36.7487716627913,
"271110005",Aastad Twp,"0005",Aastad Twp,"005","00100",Otter Tail,"56","111","7","9",9A,38338.227472161,91804595.9951438,"27560005",,,,,35.445754513725,
"270190100",New Germany,"0100",New Germany,"080","45556",Carver,"10","019","6","17",17B,12883.4319983185,2589470.97319117,"27100100",,,,,0.999794742749111,
"270373810",Northfield W-3 P-2,"3810",Northfield,"122","46924",Dakota,"19","037","2","58",58A,17944.881528563,4086029.59708018,"27193810",383,Matt Little,21.41,"[{""name"": ""Abdi Abdulle"", ""votes"": 4, ""votes_pct"": 1.04, ""party"": ""DFL""}, {""name"": ""Matthew D. Klein"", ""votes"": 106, ""votes_pct"": 27.68, ""party"": ""DFL""}, {""name"": ""Hugh McTavish"", ""votes"": 4, ""votes_pct"": 1.04, ""party"": ""DFL""}, {""name"": ""Matt Little"", ""votes"": 188, ""votes_pct"": 49.09, ""party"": ""DFL""}, {""name"": ""Kaela Berg"", ""votes"": 80, ""votes_pct"": 20.89, ""party"": ""DFL""}, {""name"": ""Christopher Mosel"", ""votes"": 1, ""votes_pct"": 0.26, ""party"": ""DFL""}]",1.57761602743266,242.771367265631
"271110240",Henning Twp,"0240",Henning Twp,"195","28538",Otter Tail,"56","111","7","9",9B,57711.9404304182,84945085.5857089,"27560240",,,,,32.7972975446422,
"270210075",Cass Lake,"0075",Cass Lake,"075","10252",Cass,"11","021","8","2",2B,14295.5047914135,2797659.49832302,"27110075",,,,,1.08017633230252,
"270390015",Claremont,"0015",Claremont,"014","11566",Dodge,"20","039","1","24",24A,9926.03673036478,2832200.33331506,"27200015",,,,,1.09351254869295,
"271190015",Badger Twp,"0015",Badger Twp,"015","03142",Polk,"60","119","7","1",1B,38719.64497663,93709751.4994207,"27600015",,,,,36.1813350539263,
"271710050",Clearwater Twp,"0050",Clearwater Twp,"035","11818",Wright,"86","171","6","29",29A,56302.6488877569,59899749.948602,"27860050",,,,,23.1272934551552,
"270670025",Colfax Twp,"0025",Colfax Twp,"025","12538",Kandiyohi,"34","067","7","16",16B,38549.2526446789,92764832.444314,"27340025",,,,,35.8165018067496,
"271710065",Corinna Twp,"0065",Corinna Twp,"050","13222",Wright,"86","171","6","29",29A,52564.4583624858,85019071.2217343,"27860065",,,,,32.8258633987116,
"271110290",New York Mills,"0290",New York Mills,"251","46060",Otter Tail,"56","111","7","9",9B,12011.1003809788,3853909.54983327,"27560290",,,,,1.48799447719062,
"271190350",Nielsville,"0350",Nielsville,"260","46258",Polk,"60","119","7","1",1B,4049.20928463365,540185.422024976,"27600350",,,,,0.208565591443843,
"270890150",Middle River,"0150",Middle River,"149","41912",Marshall,"45","089","7","1",1A,4797.46580366845,1278544.80711172,"27450150",,,,,0.493646150025836,
"271010075",Iona,"0075",Iona,"074","31094",Murray,"51","101","7","21",21A,7023.85284966049,1390509.57672901,"27510075",,,,,0.536875747575071,
"271170065",Jasper,"0065",Jasper,"065","31760",Pipestone,"59","117","7","21",21A,4834.13801672674,1291873.36252805,"27590065",,,,,0.49879230527208,
"271330040",Jasper,"0040",Jasper,"040","31760",Rock,"67","133","1","21",21A,4933.13789095522,1356597.45749853,"27670040",,,,,0.523782278340181,
"271030025",Courtland Twp,"0025",Courtland Twp,"020","13600",Nicollet,"52","103","1","18",18A,70663.5306267027,109112799.494018,"27520025",,,,,42.1284518846405,
"271450050",Collegeville Twp P-1,"0050",Collegeville Twp,"045","12592",Stearns,"73","145","6","13",13A,38172.0368873688,88555414.3151322,"27730050",,,,,34.1912454670725,
"271110090",Dead Lake Twp,"0090",Dead Lake Twp,"085","15076",Otter Tail,"56","111","7","9",9B,38191.8187247542,91045635.4645523,"27560090",,,,,35.1527198528636,
"270050052",Detroit Twp P-2,"0052",Detroit Twp,"052","15814",Becker,"3","005","7","4",4B,1524.34955747396,82874.7883141574,"27030052",,,,,0.0319979557680962,
"271670085",Foxhome Twp,"0085",Foxhome Twp,"065","22220",Wilkin,"84","167","7","9",9A,40652.7979514671,90585618.5489169,"27840085",,,,,34.9751073217368,
"270250040",Franconia Twp,"0040",Franconia Twp,"035","22310",Chisago,"13","025","8","28",28B,39072.0079820953,82613969.3898606,"27130040",,,,,31.8972535814252,
"271690030",Fremont Twp,"0030",Fremont Twp,"030","22688",Winona,"85","169","1","26",26A,38518.6823369403,92748073.9096162,"27850030",,,,,35.8100313365028,
"270350140",Gail Lake Twp,"0140",Gail Lake Twp,"090","23012",Crow Wing,"18","035","8","6",6A,28993.4633080802,46821480.5421093,"27180140",,,,,18.0777736373084,
"270130035",Decoria Twp,"0035",Decoria Twp,"035","15130",Blue Earth,"7","013","1","22",22A,38506.6855686403,92773151.3983331,"27070035",,,,,35.8197137548964,
"270790020",Derrynane Twp,"0020",Derrynane Twp,"020","15760",Le Sueur,"40","079","2","22",22B,38695.5961585324,93433222.3560818,"27400020",38,Matthew D. Klein,28.95,"[{""name"": ""Abdi Abdulle"", ""votes"": 2, ""votes_pct"": 5.26, ""party"": ""DFL""}, {""name"": ""Matthew D. Klein"", ""votes"": 20, ""votes_pct"": 52.63, ""party"": ""DFL""}, {""name"": ""Hugh McTavish"", ""votes"": 2, ""votes_pct"": 5.26, ""party"": ""DFL""}, {""name"": ""Matt Little"", ""votes"": 5, ""votes_pct"": 13.16, ""party"": ""DFL""}, {""name"": ""Kaela Berg"", ""votes"": 9, ""votes_pct"": 23.68, ""party"": ""DFL""}, {""name"": ""Christopher Mosel"", ""votes"": 0, ""votes_pct"": 0.00, ""party"": ""DFL""}]",36.0745671516832,1.05337369233624
"271330100",Rose Dell Twp,"0100",Rose Dell Twp,"085","55654",Rock,"67","133","1","21",21A,47029.8945233638,124524852.600378,"27670100",,,,,48.079045589006,
"270670150",Roseville Twp,"0150",Roseville Twp,"150","55834",Kandiyohi,"34","067","7","16",16B,43823.1530674863,91594266.7432804,"27340150",,,,,35.3645463895805,
"270850125",Round Grove Twp,"0125",Round Grove Twp,"090","56032",McLeod,"43","085","7","17",17A,38672.0617396183,93555933.2538898,"27430125",,,,,36.1219458293269,
"270050180",Runeberg Twp,"0180",Runeberg Twp,"155","56248",Becker,"3","005","7","5",5A,38492.9398953876,92584821.2120518,"27030180",,,,,35.7469994699732,
"271090040",Eyota Twp,"0040",Eyota Twp,"035","20132",Olmsted,"55","109","1","20",20B,50488.5171976997,88151140.5034639,"27550040",,,,,34.0351553483874,
"271150095",Fleming Twp,"0095",Fleming Twp,"090","21248",Pine,"58","115","8","11",11B,38660.8360346648,93327085.9762281,"27580095",,,,,36.0335878954217,
"270470115",Freeman Twp,"0115",Freeman Twp,"065","22634",Freeborn,"24","047","1","23",23A,39593.1095712286,93038303.1319163,"27240115",,,,,35.9220888392329,
"271730035",Florida Twp,"0035",Florida Twp,"025","21464",Yellow Medicine,"87","173","7","15",15A,37301.5943966994,86721879.1974962,"27870035",,,,,33.4833175581533,
"271370540",Fredenberg Twp,"0540",Fredenberg Twp,"195","22508",St. Louis,"69","137","8","3",3B,38575.6788826914,93092533.3631499,"27690540",,,,,35.9430271315122,
"270070080",Frohn Twp,"0080",Frohn Twp,"060","22886",Beltrami,"4","007","8","2",2B,38872.1042170269,94411207.3707641,"27040080",,,,,36.452167165852,
"270470140",Hartland Twp,"0140",Hartland Twp,"085","27422",Freeborn,"24","047","1","23",23A,43123.0647469256,92896478.6717368,"27240140",,,,,35.8673304151576,
"270690065",Hazelton Twp,"0065",Hazelton Twp,"065","28070",Kittson,"35","069","7","1",1A,39498.8801456244,93220248.81365,"27350065",,,,,35.9923380669503,
"271110225",Girard Twp,"0225",Girard Twp,"185","23840",Otter Tail,"56","111","7","9",9B,38456.2394021897,92360241.055419,"27560225",,,,,35.6602890714973,
"270290040",Falk Twp,"0040",Falk Twp,"040","20438",Clearwater,"15","029","8","2",2B,38891.0422780338,94121309.8414355,"27150040",,,,,36.3402377297783,
"270570040",Fern Twp,"0040",Fern Twp,"040","20942",Hubbard,"29","057","8","2",2B,38669.6978688982,93590249.9695911,"27290040",,,,,36.1351955132591,
"271630135",Grey Cloud Island Twp,"0135",Grey Cloud Island Twp,"065","25982",Washington,"82","163","2","53",53B,14059.7183041494,6918247.36444184,"27820135",41,Matthew D. Klein,2.44,"[{""name"": ""Abdi Abdulle"", ""votes"": 0, ""votes_pct"": 0.00, ""party"": ""DFL""}, {""name"": ""Matthew D. Klein"", ""votes"": 18, ""votes_pct"": 43.90, ""party"": ""DFL""}, {""name"": ""Hugh McTavish"", ""votes"": 1, ""votes_pct"": 2.44, ""party"": ""DFL""}, {""name"": ""Matt Little"", ""votes"": 17, ""votes_pct"": 41.46, ""party"": ""DFL""}, {""name"": ""Kaela Berg"", ""votes"": 5, ""votes_pct"": 12.20, ""party"": ""DFL""}, {""name"": ""Christopher Mosel"", ""votes"": 0, ""votes_pct"": 0.00, ""party"": ""DFL""}]",2.671135307411,15.3492785956019
"270670055",Green Lake Twp,"0055",Green Lake Twp,"055","25694",Kandiyohi,"34","067","7","16",16B,48013.6711205864,88464254.0470314,"27340055",,,,,34.1560484875588,
"270970085",Green Prairie Twp,"0085",Green Prairie Twp,"085","25784",Morrison,"49","097","7","10",10A,34776.512900281,43369072.439682,"27490085",,,,,16.7447988689612,
"270290050",Greenwood Twp,"0050",Greenwood Twp,"050","25910",Clearwater,"15","029","8","2",2A,37452.1768526878,61780668.8095667,"27150050",,,,,23.8535162273737,
"270790030",Elysian Twp,"0030",Elysian Twp,"025","19178",Le Sueur,"40","079","2","22",22B,53044.1938431827,89939778.6573585,"27400030",73,Matt Little,6.85,"[{""name"": ""Abdi Abdulle"", ""votes"": 0, ""votes_pct"": 0.00, ""party"": ""DFL""}, {""name"": ""Matthew D. Klein"", ""votes"": 24, ""votes_pct"": 32.88, ""party"": ""DFL""}, {""name"": ""Hugh McTavish"", ""votes"": 1, ""votes_pct"": 1.37, ""party"": ""DFL""}, {""name"": ""Matt Little"", ""votes"": 29, ""votes_pct"": 39.73, ""party"": ""DFL""}, {""name"": ""Kaela Berg"", ""votes"": 19, ""votes_pct"": 26.03, ""party"": ""DFL""}, {""name"": ""Christopher Mosel"", ""votes"": 0, ""votes_pct"": 0.00, ""party"": ""DFL""}]",34.7257485396061,2.10218650626755
"270830070",Lake Marshall Twp,"0070",Lake Marshall Twp,"070","34712",Lyon,"42","083","7","15",15A,61211.938970252,74245461.2639983,"27420070",,,,,28.6661725940297,
"271030045",Lake Prairie Twp,"0045",Lake Prairie Twp,"045","34856",Nicollet,"52","103","1","18",18A,54270.3174797377,143056425.91489,"27520045",,,,,55.2340860457389,
"270890100",Fork Twp,"0100",Fork Twp,"100","21878",Marshall,"45","089","7","1",1A,48368.3207020895,70176214.3771413,"27450100",,,,,27.0950363710143,
"270550050",Hokah Twp,"0050",Hokah Twp,"035","29528",Houston,"28","055","1","26",26B,45454.1375859558,65470764.472487,"27280050",,,,,25.2782621628272,
"270230025",Granite Falls W-2,"0025",Granite Falls,"025","25280",Chippewa,"12","023","7","15",15A,19585.3565346079,4814654.20236319,"27120025",,,,,1.85893798753243,
"271730050",Granite Falls W-1,"0050",Granite Falls,"040","25280",Yellow Medicine,"87","173","7","15",15A,13873.115859143,4875833.58755604,"27870050",,,,,1.88255934815539,
"270830125",Minneota,"0125",Minneota,"100","43126",Lyon,"42","083","7","15",15A,9380.40434924661,3671196.56095661,"27420125",,,,,1.41744899218535,
"270372010",Empire,"2010",Empire,"031","19358",Dakota,"19","037","2","58",58B,44470.9436581714,79265459.7163677,"27192010",211,Matt Little,39.81,"[{""name"": ""Abdi Abdulle"", ""votes"": 3, ""votes_pct"": 1.42, ""party"": ""DFL""}, {""name"": ""Matthew D. Klein"", ""votes"": 48, ""votes_pct"": 22.75, ""party"": ""DFL""}, {""name"": ""Hugh McTavish"", ""votes"": 5, ""votes_pct"": 2.37, ""party"": ""DFL""}, {""name"": ""Matt Little"", ""votes"": 132, ""votes_pct"": 62.56, ""party"": ""DFL""}, {""name"": ""Kaela Berg"", ""votes"": 23, ""votes_pct"": 10.90, ""party"": ""DFL""}, {""name"": ""Christopher Mosel"", ""votes"": 0, ""votes_pct"": 0.00, ""party"": ""DFL""}]",30.6043939964896,6.89443483259961
"270810030",Hansonville Twp,"0030",Hansonville Twp,"030","27026",Lincoln,"41","081","7","21",21A,37446.1898890929,87497169.6270195,"27410030",,,,,33.7826571929922,
"271150185",Pine City Twp,"0185",Pine City Twp,"165","51082",Pine,"58","115","8","11",11B,64936.0814947404,94315643.6386321,"27580185",,,,,36.4152700088758,
"270970150",Motley Twp,"0150",Motley Twp,"135","44440",Morrison,"49","097","7","5",5B,33933.78879477,41856736.482831,"27490150",,,,,16.160885956021,
"271090070",New Haven Twp,"0070",New Haven Twp,"070","45610",Olmsted,"55","109","1","20",20B,54671.1795257449,86616421.5417712,"27550070",,,,,33.4426003572778,
"271150195",Pokegama Twp,"0195",Pokegama Twp,"180","51784",Pine,"58","115","8","11",11B,69068.1281051631,138850527.993733,"27580195",,,,,53.6101888583802,
"270290105",Popple Twp,"0105",Popple Twp,"105","52018",Clearwater,"15","029","8","2",2B,38586.173403637,92936859.3284963,"27150105",,,,,35.8829213867324,
"271370885",Portage Twp,"0885",Portage Twp,"375","52090",St. Louis,"69","137","8","3",3A,77118.1035729501,371227261.601796,"27690885",,,,,143.330845704453,
"271650030",Fieldon Twp,"0030",Fieldon Twp,"030","21014",Watonwan,"83","165","1","22",22A,38537.8816066707,92865063.8950478,"27830030",,,,,35.855201169878,
"270650030",Ford Twp,"0030",Ford Twp,"025","21644",Kanabec,"33","065","8","10",10A,38774.3388478897,93854703.4928866,"27330030",,,,,36.2373010186035,
"271030145",West Newton Twp,"0145",West Newton Twp,"090","69556",Nicollet,"52","103","1","18",18A,47695.6598889202,98795217.8356207,"27520145",,,,,38.1448336063332,
"271210145",Westport Twp,"0145",Westport Twp,"135","69646",Pope,"61","121","7","12",12B,43109.2027877724,91660464.6531991,"27610145",,,,,35.3901054026002,
"271050135",Westside Twp,"0135",Westside Twp,"135","69718",Nobles,"53","105","1","21",21A,42948.0806513432,91862630.0130954,"27530135",,,,,35.4681614480561,
"271310150",Wheatland Twp,"0150",Wheatland Twp,"100","69826",Rice,"66","131","2","58",58A,52856.6160966189,86426005.755958,"27660150",63,Matthew D. Klein,4.76,"[{""name"": ""Abdi Abdulle"", ""votes"": 2, ""votes_pct"": 3.17, ""party"": ""DFL""}, {""name"": ""Matthew D. Klein"", ""votes"": 27, ""votes_pct"": 42.86, ""party"": ""DFL""}, {""name"": ""Hugh McTavish"", ""votes"": 2, ""votes_pct"": 3.17, ""party"": ""DFL""}, {""name"": ""Matt Little"", ""votes"": 24, ""votes_pct"": 38.10, ""party"": ""DFL""}, {""name"": ""Kaela Berg"", ""votes"": 8, ""votes_pct"": 12.70, ""party"": ""DFL""}, {""name"": ""Christopher Mosel"", ""votes"": 0, ""votes_pct"": 0.00, ""party"": ""DFL""}]",33.3690808223754,1.88797528872164
"271371134",White Twp P-1,"1134",White Twp,"450","69898",St. Louis,"69","137","8","7",7B,101693.80952324,177573375.457573,"27691134",,,,,68.5610802641691,
"271210150",White Bear Lake Twp,"0150",White Bear Lake Twp,"145","69952",Pope,"61","121","7","12",12A,50905.7172142737,89941132.1813444,"27610150",,,,,34.7262711352171,
"270330045",Germantown Twp,"0045",Germantown Twp,"045","23570",Cottonwood,"17","033","7","21",21A,38543.1897684836,92847617.6153265,"27170045",,,,,35.8484651612776,
"271190185",Fanny Twp,"0185",Fanny Twp,"105","20510",Polk,"60","119","7","1",1B,38592.0395046751,93026594.840628,"27600185",,,,,35.9175682679665,
"271530065",Fawn Lake Twp,"0065",Fawn Lake Twp,"065","20708",Todd,"77","153","7","5",5B,38499.9351869671,92348080.5023764,"27770065",,,,,35.6555938819675,
"271250020",Equality Twp,"0020",Equality Twp,"020","19502",Red Lake,"63","125","7","1",1B,44990.0009676807,123710804.587618,"27630020",,,,,47.7647416512793,
"271110160",Erhards Grove Twp,"0160",Erhards Grove Twp,"152","19574",Otter Tail,"56","111","7","9",9A,43431.9419565157,90518293.7008039,"27560160",,,,,34.9491131978804,
"270070185",Port Hope Twp,"0185",Port Hope Twp,"160","52162",Beltrami,"4","007","8","2",2B,42042.1911386755,84177475.340154,"27040185",,,,,32.5009232288334,
"270490105",Pine Island Twp,"0105",Pine Island Twp,"100","51154",Goodhue,"25","049","1","20",20B,42938.5878664495,83122508.8741305,"27250105",,,,,32.0936006763018,
"271290150",Preston Lake Twp,"0150",Preston Lake Twp,"150","52486",Renville,"65","129","7","16",16A,50484.3192432042,100449485.611703,"27650150",,,,,38.7835463946784,
"270950115",Princeton Twp,"0115",Princeton Twp,"110","52540",Mille Lacs,"48","095","8","27",27B,52048.8420528881,83830235.0438078,"27480115",,,,,32.3668537504142,
"270110095",Prior Twp,"0095",Prior Twp,"090","52576",Big Stone,"6","011","7","12",12A,46907.6469848266,124106150.492101,"27060095",,,,,47.9173847050003,
"270350255",Rabbit Lake Twp,"0255",Rabbit Lake Twp,"190","52855",Crow Wing,"18","035","8","6",6A,37940.9669013118,62096791.5370869,"27180255",,,,,23.9755712124692,
"270374010",Randolph Twp,"4010",Randolph Twp,"125","53116",Dakota,"19","037","2","58",58B,36838.3381605087,26271231.4916083,"27194010",72,Matt Little,4.17,"[{""name"": ""Abdi Abdulle"", ""votes"": 0, ""votes_pct"": 0.00, ""party"": ""DFL""}, {""name"": ""Matthew D. Klein"", ""votes"": 28, ""votes_pct"": 38.89, ""party"": ""DFL""}, {""name"": ""Hugh McTavish"", ""votes"": 0, ""votes_pct"": 0.00, ""party"": ""DFL""}, {""name"": ""Matt Little"", ""votes"": 31, ""votes_pct"": 43.06, ""party"": ""DFL""}, {""name"": ""Kaela Berg"", ""votes"": 13, ""votes_pct"": 18.06, ""party"": ""DFL""}, {""name"": ""Christopher Mosel"", ""votes"": 0, ""votes_pct"": 0.00, ""party"": ""DFL""}]",10.14332247891,7.09826589361648
"271110260",Leaf Lake Twp,"0260",Leaf Lake Twp,"220","35990",Otter Tail,"56","111","7","9",9B,38413.0705362805,92151464.0875306,"27560260",,,,,35.5796802841955,
"271050080",Leota Twp,"0080",Leota Twp,"080","36566",Nobles,"53","105","1","21",21A,38759.8442624208,93955187.1571222,"27530080",,,,,36.2760977613649,
"271050090",Lismore Twp,"0090",Lismore Twp,"085","37430",Nobles,"53","105","1","21",21A,42776.4524155735,92961265.3555163,"27530090",,,,,35.8923445537648,
"270570125",Rockwood Twp,"0125",Rockwood Twp,"125","55132",Hubbard,"29","057","8","2",2B,38684.4930379485,93263732.2855775,"27290125",,,,,36.0091270354615,
"271250045",Louisville Twp,"0045",Louisville Twp,"045","38276",Red Lake,"63","125","7","1",1B,38751.6710449354,93697786.5684609,"27630045",,,,,36.1767153940828,
"270310035",Lutsen Twp P-10,"0035",Lutsen Twp,"016","38550",Cook,"16","031","8","3",3A,85513.7631671202,273561246.473042,"27160035",,,,,105.621997263241,
"270610230",Lawrence Twp,"0230",Lawrence Twp,"150","35900",Itasca,"31","061","8","7",7A,38559.4392011891,92834505.2314447,"27310230",,,,,35.8434024698608,
"271550040",Leonardsville Twp,"0040",Leonardsville Twp,"045","36512",Traverse,"78","155","7","9",9A,39968.3407472582,99762878.7892625,"27780040",,,,,38.5184475005342,
"270890135",Linsell Twp,"0135",Linsell Twp,"135","37340",Marshall,"45","089","7","1",1A,38459.8257595751,93045992.4373425,"27450135",,,,,35.9250576800579,
"271490045",Framnas Twp,"0045",Framnas Twp,"045","22274",Stevens,"75","149","7","12",12A,38676.5602944984,93464623.7764439,"27750045",,,,,36.086691240085,
"271110220",Friberg Twp,"0220",Friberg Twp,"180","22796",Otter Tail,"56","111","7","9",9A,38514.4004947691,92680432.7911082,"27560220",,,,,35.7839151006469,
"270210090",Deerfield Twp,"0090",Deerfield Twp,"090","15220",Cass,"11","021","8","5",5A,38653.7276285484,93201548.0113022,"27110090",,,,,35.9851176871638,
"270230110",Rosewood Twp,"0110",Rosewood Twp,"085","55870",Chippewa,"12","023","7","16",16A,38446.3872668215,92592996.3575133,"27120110",,,,,35.7501558936359,
"270910095",Fairmont Twp,"0095",Fairmont Twp,"040","20348",Martin,"46","091","1","22",22A,44052.3763110102,56689427.8650796,"27460095",,,,,21.8877880987072,
"271010095",Leeds Twp,"0095",Leeds Twp,"095","36260",Murray,"51","101","7","21",21A,44534.6211185573,92149743.704337,"27510095",,,,,35.5790160442445,
"271530110",Leslie Twp,"0110",Leslie Twp,"110","36674",Todd,"77","153","7","5",5B,38706.2903301716,93811544.5784363,"27770110",,,,,36.2206373617343,
"271010100",Lime Lake Twp,"0100",Lime Lake Twp,"100","37088",Murray,"51","101","7","21",21A,46638.9924524965,90667854.3787154,"27510100",,,,,35.006858575622,
"270230105",Rheiderland Twp,"0105",Rheiderland Twp,"080","53962",Chippewa,"12","023","7","16",16A,42540.1332406818,89979767.853268,"27120105",,,,,34.7411883681468,
"271370590",Halden Twp,"0590",Halden Twp,"225","26522",St. Louis,"69","137","8","7",7A,38542.4256304013,92763770.643919,"27690590",,,,,35.8160918456171,
"271370910",Rice Lake,"0910",Rice Lake,"390","54060",St. Louis,"69","137","8","3",3B,47688.0583667086,87374649.8935331,"27690910",,,,,33.7353523238931,
"271210115",Rolling Forks Twp,"0115",Rolling Forks Twp,"110","55240",Pope,"61","121","7","12",12A,38479.8284222871,92679011.6297821,"27610115",,,,,35.7833663902589,
"271170015",Burke Twp,"0015",Burke Twp,"015","08650",Pipestone,"59","117","7","21",21A,47650.5084129511,89606730.4997991,"27590015",,,,,34.5971586459724,
"271290045",Cairo Twp,"0045",Cairo Twp,"045","09208",Renville,"65","129","7","16",16A,48222.2416960458,88594993.7742135,"27650045",,,,,34.2065270962238,
"271190220",Garden Twp,"0220",Garden Twp,"130","23066",Polk,"60","119","7","1",1B,38386.2709506459,92021052.8049539,"27600220",,,,,35.5293284879927,
"271350030",Deer Twp,"0030",Deer Twp,"035","15166",Roseau,"68","135","7","1",1A,43735.0508956305,93633729.8516215,"27680030",,,,,36.1519830957111,
"270610100",Deer River Twp P-1,"0100",Deer River Twp,"080","15328",Itasca,"31","061","8","7",7A,2377.41057750993,302885.820207706,"27310100",,,,,0.116944215182195,
"270350110",Deerwood Twp,"0110",Deerwood Twp,"055","15364",Crow Wing,"18","035","8","6",6A,48595.5862663915,86913784.2884261,"27180110",,,,,33.5574121137613,
"270090020",Gilmanton Twp,"0020",Gilmanton Twp,"015","23822",Benton,"5","009","6","10",10B,61840.8591363974,86381111.8311654,"27050020",,,,,33.3517472780129,
"271110115",Dunn Twp,"0115",Dunn Twp,"110","17162",Otter Tail,"56","111","7","9",9B,38912.8344480707,94888540.9864466,"27560115",,,,,36.636465674867,
"270050082",Eagle View Twp,"0082",Eagle View Twp,"057","17455",Becker,"3","005","8","2",2B,38728.2258890528,93911746.6948186,"27030082",,,,,36.2593253988694,
"270390035",Ellington Twp,"0035",Ellington Twp,"035","18764",Dodge,"20","039","1","24",24A,38611.5290284712,93166057.1212942,"27200035",,,,,35.9714146545317,
"271350045",Enstrom Twp,"0045",Enstrom Twp,"050","19466",Roseau,"68","135","7","1",1A,38618.3596203707,93114061.114979,"27680045",,,,,35.9513389964934,
"270670045",Fahlun Twp,"0045",Fahlun Twp,"045","20150",Kandiyohi,"34","067","7","16",16A,38614.4597896077,93225011.3201765,"27340045",,,,,35.9941768707202,
"270270095",Goose Prairie Twp,"0095",Goose Prairie Twp,"085","24542",Clay,"14","027","7","4",4B,40305.6496072636,92411026.249766,"27140095",,,,,35.6798972350346,
"271350065",Grimstad Twp,"0065",Grimstad Twp,"070","26036",Roseau,"68","135","7","1",1A,39249.6036135822,96376814.2406843,"27680065",,,,,37.2110879783282,
"270610125",Good Hope Twp,"0125",Good Hope Twp,"100","24362",Itasca,"31","061","8","2",2B,38002.6691980913,89526899.7177797,"27310125",,,,,34.5663359810347,
"270070070",Durand Twp,"0070",Durand Twp,"050","17234",Beltrami,"4","007","8","2",2A,29202.6076692921,47401386.9351235,"27040070",,,,,18.3016754956512,
"271190375",Reis Twp,"0375",Reis Twp,"285","53764",Polk,"60","119","7","1",1B,48336.4544440861,88255668.9045787,"27600375",,,,,34.0755137640578,
"270610200",Harris Twp,"0200",Harris Twp,"125","27296",Itasca,"31","061","8","6",6A,40927.5959696159,93467917.1225326,"27310200",,,,,36.0879628010099,
"270210240",Rogers Twp,"0240",Rogers Twp,"235","55168",Cass,"11","021","8","2",2B,38934.1709931675,93700978.8525873,"27110240",,,,,36.177947934984,
"270330090",Rosehill Twp,"0090",Rosehill Twp,"085","55672",Cottonwood,"17","033","7","21",21A,38845.2094322748,94566840.5537037,"27170090",,,,,36.512257137785,
"271190400",Sandsville Twp,"0400",Sandsville Twp,"310","58432",Polk,"60","119","7","1",1B,33866.5790417425,70250574.3850338,"27600400",,,,,27.1237467700616,
"270010175",Shamrock Twp,"0175",Shamrock Twp,"170","59368",Aitkin,"1","001","8","7",7A,38499.9507468245,92270189.3812921,"27010175",,,,,35.6255201201169,
"270350260",Roosevelt Twp,"0260",Roosevelt Twp,"195","55420",Crow Wing,"18","035","8","10",10A,38750.2695105621,94127150.3020576,"27180260",,,,,36.3424927316244,
"271450155",Lynden Twp,"0155",Lynden Twp,"140","38780",Stearns,"73","145","6","13",13A,49503.79219917,65700595.3627394,"27730155",,,,,25.3669998695537,
"271050075",Larkin Twp,"0075",Larkin Twp,"075","35666",Nobles,"53","105","1","21",21A,40374.6293273603,93253267.3366361,"27530075",,,,,36.0050865186752,
"270510055",Land Twp,"0055",Land Twp,"055","35396",Grant,"26","051","7","9",9A,45806.700651244,87621483.7438507,"27260055",,,,,33.8306548735008,
"270010105",Libby Twp P-West,"0105",Libby Twp,"100","36908",Aitkin,"1","001","8","7",7A,45059.9526196064,68311548.2235916,"27010105",,,,,26.3750887691287,
"270810070",Limestone Twp,"0070",Limestone Twp,"070","37106",Lincoln,"41","081","7","21",21A,37868.8909455638,89646972.9050285,"27410070",,,,,34.6126962386315,
"271050095",Little Rock Twp,"0095",Little Rock Twp,"095","37682",Nobles,"53","105","1","21",21A,38669.0762353911,93504223.3211284,"27530095",,,,,36.1019806242877,
"270730060",Freeland Twp,"0060",Freeland Twp,"050","22616",Lac qui Parle,"37","073","7","15",15A,38843.5838500123,94430071.3860108,"27370060",,,,,36.4594505621388,
"270690025",Davis Twp,"0025",Davis Twp,"025","14950",Kittson,"35","069","7","1",1A,44976.0416770395,93078486.3689812,"27350025",,,,,35.9376035870636,
"270510015",Delaware Twp,"0015",Delaware Twp,"015","15508",Grant,"26","051","7","9",9A,38785.9629993123,93918695.7683248,"27260015",,,,,36.2620084361502,
"271250025",Garnes Twp,"0025",Garnes Twp,"025","23174",Red Lake,"63","125","7","1",1B,45268.6050533075,125420479.699052,"27630025",,,,,48.4248472118038,
"271530155",Round Prairie Twp,"0155",Round Prairie Twp,"150","56122",Todd,"77","153","7","5",5B,38661.0571284997,93453183.0552052,"27770155",,,,,36.0822739776147,
"271350050",Falun Twp,"0050",Falun Twp,"055","20492",Roseau,"68","135","7","1",1A,38525.6087564724,92239557.6204655,"27680050",,,,,35.6136931972617,
"270650100",South Fork Twp,"0100",South Fork Twp,"090","61348",Kanabec,"33","065","8","10",10B,38890.5839161126,94258084.5936908,"27330100",,,,,36.393046461624,
"270610320",Spang Twp,"0320",Spang Twp,"215","61564",Itasca,"31","061","8","6",6A,48469.5038315177,136578367.29961,"27310320",,,,,52.7329076143796,
"270590065",Springvale Twp,"0065",Springvale Twp,"065","62086",Isanti,"30","059","8","28",28A,38878.7230790646,91361775.7443551,"27300065",,,,,35.2747816148955,
"270590075",Stanford Twp,"0075",Stanford Twp,"075","62374",Isanti,"30","059","8","27",27B,48523.4507191614,101724995.372654,"27300075",,,,,39.2760207133817,
"271430100",Severance Twp,"0100",Severance Twp,"100","59242",Sibley,"72","143","7","17",17B,48564.3248572428,98946154.406878,"27720100",,,,,38.2031102164956,
"270250085",Shafer Twp,"0085",Shafer Twp,"075","59332",Chisago,"13","025","8","28",28B,51558.2166143468,76047055.7834368,"27130085",,,,,29.361768237985,
"270130235",Shelby Twp,"0235",Shelby Twp,"150","59458",Blue Earth,"7","013","1","22",22A,45759.8641669256,92597969.3385967,"27070235",,,,,35.7520759616322,
"270970220",Scandia Valley Twp,"0220",Scandia Valley Twp,"210","58918",Morrison,"49","097","7","5",5B,66882.7143190512,205670347.811561,"27490220",,,,,79.4093212900436,
"271450435",Spring Hill Twp,"0435",Spring Hill Twp,"275","61906",Stearns,"73","145","7","12",12A,46053.5481051922,90514554.430712,"27730435",,,,,34.9476694656979,
"271510125",Shible Twp,"0125",Shible Twp,"115","59818",Swift,"76","151","7","12",12A,38662.4663958173,93382169.875874,"27760125",,,,,36.054855789075,
"270270245",Skree Twp,"0245",Skree Twp,"180","60718",Clay,"14","027","7","4",4B,37442.1937180993,87625377.483382,"27140245",,,,,33.8321582463338,
"271470150",Somerset Twp,"0150",Somerset Twp,"080","61150",Steele,"74","147","1","23",23A,38618.9459885257,93250391.9216899,"27740150",,,,,36.0039763209645,
"271710180",Victor Twp,"0180",Victor Twp,"160","67018",Wright,"86","171","6","29",29A,52803.7354994047,88888044.8807405,"27860180",,,,,34.3196741284539,
"270730160",Walter Twp,"0160",Walter Twp,"140","67882",Lac qui Parle,"37","073","7","15",15A,35689.0302086771,75279778.9415038,"27370160",,,,,29.0655226493146,
"270830130",Monroe Twp,"0130",Monroe Twp,"105","43666",Lyon,"42","083","7","15",15A,56438.6251827281,88001161.2348283,"27420130",,,,,33.9772483527672,
"271550045",Monson Twp,"0045",Monson Twp,"050","43684",Traverse,"78","155","7","9",9A,49107.7682068435,140498810.050759,"27780045",,,,,54.246590560598,
"270650085",Peace Twp,"0085",Peace Twp,"075","50002",Kanabec,"33","065","8","10",10A,39566.7738996244,98128051.2942867,"27330085",,,,,37.8872406047241,
"270470205",Pickerel Lake Twp,"0205",Pickerel Lake Twp,"155","50722",Freeborn,"24","047","1","23",23A,41851.1336217734,92240071.9952988,"27240205",,,,,35.6138917973849,
"271630365",White Bear Lake W-4 P-2,"0365",White Bear Lake,"182","69970",Washington,"82","163","4","36",36B,2364.09773264997,186301.168094009,"27820365",,,,,0.0719308810010968,
"271210140",Westport,"0140",Westport,"134","69628",Pope,"61","121","7","12",12B,3793.29118050461,677349.09359492,"27610140",,,,,0.261524485036999,
"271050140",Wilmont,"0140",Wilmont,"139","70582",Nobles,"53","105","1","21",21A,8413.53105457078,1747147.86620777,"27530140",,,,,0.67457379114282,
"271450080",Elrosa,"0080",Elrosa,"070","19088",Stearns,"73","145","7","12",12A,3511.67522132974,388848.287881748,"27730080",,,,,0.150134323951143,
"270230125",Tunsberg Twp,"0125",Tunsberg Twp,"100","65704",Chippewa,"12","023","7","16",16A,44644.0051181187,86441655.9114648,"27120125",,,,,33.3751233474166,
"271150210",Sandstone,"0210",Sandstone,"194","58396",Pine,"58","115","8","11",11B,24279.9669438811,13903500.7704889,"27580210",,,,,5.36814164748577,
"271630315",Stillwater W-3 P-3,"0315",Stillwater,"170","62824",Washington,"82","163","4","33",33B,11789.0588841073,7514842.56789034,"27820315",,,,,2.90148071546246,
"270930150",Watkins,"0150",Watkins,"125","68620",Meeker,"47","093","7","16",16A,10419.8555717729,1704913.5222885,"27470150",,,,,0.65826711095559,
"271650085",Riverdale Twp,"0085",Riverdale Twp,"080","54556",Watonwan,"83","165","1","22",22A,42382.3571353412,100622663.420954,"27830085",,,,,38.8504103468304,
"270110005",Akron Twp,"0005",Akron Twp,"005","00532",Big Stone,"6","011","7","12",12A,58347.844144804,138207672.03877,"27060005",,,,,53.3619821741691,
"271390010",Belle Plaine Twp,"0010",Belle Plaine Twp,"010","04852",Scott,"70","139","2","22",22B,53809.1802446629,97807745.7286074,"27700010",44,Matthew D. Klein,18.18,"[{""name"": ""Abdi Abdulle"", ""votes"": 2, ""votes_pct"": 4.55, ""party"": ""DFL""}, {""name"": ""Matthew D. Klein"", ""votes"": 20, ""votes_pct"": 45.45, ""party"": ""DFL""}, {""name"": ""Hugh McTavish"", ""votes"": 3, ""votes_pct"": 6.82, ""party"": ""DFL""}, {""name"": ""Matt Little"", ""votes"": 12, ""votes_pct"": 27.27, ""party"": ""DFL""}, {""name"": ""Kaela Berg"", ""votes"": 6, ""votes_pct"": 13.64, ""party"": ""DFL""}, {""name"": ""Christopher Mosel"", ""votes"": 1, ""votes_pct"": 2.27, ""party"": ""DFL""}]",37.7635706258153,1.16514406002491
"271210015",Ben Wade Twp,"0015",Ben Wade Twp,"015","05302",Pope,"61","121","7","12",12A,45168.8868972871,91569274.2317897,"27610015",,,,,35.354896780894,
"271430005",Alfsborg Twp,"0005",Alfsborg Twp,"005","00982",Sibley,"72","143","7","17",17B,41959.4694597321,90759708.3526805,"27720005",,,,,35.04232339497,
"271170010",Altona Twp,"0010",Altona Twp,"010","01216",Pipestone,"59","117","7","21",21A,42424.3971882867,111471513.333695,"27590010",,,,,43.0391512981396,
"271570015",Elgin City,"0015",Elgin,"014","18530",Wabasha,"79","157","1","20",20B,19399.0843640939,2334003.83705726,"27790015",,,,,0.901158881487809,
"271110425",Underwood,"0425",Underwood,"385","66172",Otter Tail,"56","111","7","9",9B,9820.18262175991,1492449.16873129,"27560425",,,,,0.576234624047151,
"270410060",Evansville City,"0060",Evansville,"039","19898",Douglas,"21","041","7","9",9B,7842.30520004664,2036865.76113054,"27210060",,,,,0.786433870372501,
"270430150",Walters,"0150",Walters,"102","67900",Faribault,"22","043","1","23",23A,3634.56735768191,522611.696395575,"27220150",,,,,0.201780375978332,
"270870055",Mahnomen,"0055",Mahnomen,"055","39392",Mahnomen,"44","087","8","2",2B,11942.633428821,2690863.2138288,"27440055",,,,,1.0389422868593,
"271070125",Shelly,"0125",Shelly,"119","59566",Norman,"54","107","7","1",1B,6086.03676109074,537538.251640591,"27540125",,,,,0.207543518958432,
"270150135",Sleepy Eye W-1,"0135",Sleepy Eye,"100","60844",Brown,"8","015","1","15",15B,9564.01330582595,2784175.5520577,"27080135",,,,,1.07497018064948,
"270830170",Tracy,"0170",Tracy,"145","65308",Lyon,"42","083","7","15",15A,19272.4276921891,6351390.91385863,"27420170",,,,,2.45227203184082,
"270470220",Twin Lakes,"0220",Twin Lakes,"170","65920",Freeborn,"24","047","1","23",23A,5063.0554646951,1315451.20711052,"27240220",,,,,0.507895711065371,
"271070150",Twin Valley,"0150",Twin Valley,"145","65938",Norman,"54","107","7","1",1B,6924.95063785376,2207304.87043736,"27540150",,,,,0.852240410475865,
"270650090",Pomroy Twp,"0090",Pomroy Twp,"080","51874",Kanabec,"33","065","8","11",11B,39535.3444003838,97677902.5192676,"27330090",,,,,37.7134381626892,
"271450450",Zion Twp,"0450",Zion Twp,"290","72256",Stearns,"73","145","7","12",12A,39703.8094840707,91825465.0798439,"27730450",,,,,35.4538120673277,
"271370935",Toivola Twp,"0935",Toivola Twp,"420","65146",St. Louis,"69","137","8","7",7A,57916.7292799001,186564590.770503,"27690935",,,,,72.0325884964914,
"270210195",Pillager,"0195",Pillager,"190","50902",Cass,"11","021","8","5",5B,11277.7702960213,2258524.97796011,"27110195",,,,,0.8720164939904,
"271710105",Maple Lake,"0105",Maple Lake,"089","40220",Wright,"86","171","6","29",29B,15323.7272052775,5755237.0814266,"27860105",,,,,2.22209703713881,
"270450155",Rushford,"0155",Rushford,"145","56284",Fillmore,"23","045","1","26",26B,10542.5304236646,4317895.80185859,"27230155",,,,,1.6671395690976,
"271410040",Clear Lake Twp,"0040",Clear Lake Twp,"035","11782",Sherburne,"71","141","6","27",27A,59859.4138016519,94950721.0212099,"27710040",,,,,36.6604733862892,
"271190430",Trail,"0430",Trail,"340","65344",Polk,"60","119","7","1",1B,6423.70588201292,2584213.77166119,"27600430",,,,,0.997764937238386,
"270910195",Truman,"0195",Truman,"135","65668",Martin,"46","091","1","22",22A,9892.67572310843,2849324.03347445,"27460195",,,,,1.10012400932448,
"271110430",Urbank,"0430",Urbank,"390","66388",Otter Tail,"56","111","7","9",9B,5483.22097327185,1731398.33437001,"27560430",,,,,0.668492896900263,
"270150040",Evan,"0040",Evan,"040","19880",Brown,"8","015","1","15",15B,6927.12614914902,2651869.58108331,"27080040",,,,,1.02388684525626,
"271590095",Verndale,"0095",Verndale,"090","66874",Wadena,"80","159","7","5",5B,7286.05865672459,2783386.01315101,"27800095",,,,,1.07466533967761,
"270130255",Vernon Center,"0255",Vernon Center,"175","66910",Blue Earth,"7","013","1","22",22A,4622.1432442748,1215738.30215498,"27070255",,,,,0.469396558462039,
"271110440",Vining,"0440",Vining,"400","67216",Otter Tail,"56","111","7","9",9B,8035.71127720635,3055359.44242312,"27560440",,,,,1.17967428071956,
"270190125",Waconia P-2,"0125",Waconia,"100","67432",Carver,"10","019","6","48",48A,25312.2452689475,5532126.12943911,"27100125",,,,,2.13595389857644,
"271110445",Wadena P-4,"0445",Wadena,"403","67504",Otter Tail,"56","111","7","9",9B,6547.34742618009,645042.225754058,"27560445",,,,,0.249050803363642,
"271450442",Waite Park P-3,"0442",Waite Park,"280","67612",Stearns,"73","145","6","14",14A,24402.2284038147,16687498.6518581,"27730442",,,,,6.44304322948242,
"270210305",Walker,"0305",Walker,"300","67792",Cass,"11","021","8","2",2B,25328.5977596727,6658345.85740925,"27110305",,,,,2.57078733554571,
"271110320",Ottertail,"0320",Ottertail,"279","49210",Otter Tail,"56","111","7","9",9B,16066.4334501851,15428220.9658505,"27560320",,,,,5.95683611491486,
"270590057",Saint Francis P-3,"0057",St. Francis,"057","56950",Isanti,"30","059","8","27",27B,3998.75008556617,831515.224761043,"27300057",,,,,0.321048028280239,
"271170115",Trosky,"0115",Trosky,"095","65542",Pipestone,"59","117","7","21",21A,11607.6172186195,3658211.69837778,"27590115",,,,,1.41243553674366,
"270970195",Randall,"0195",Randall,"185","53080",Morrison,"49","097","7","10",10A,9636.68966093911,5189963.61992145,"27490195",,,,,2.00384495365167,
"270990165",Pleasant Valley Twp,"0165",Pleasant Valley Twp,"115","51640",Mower,"50","099","1","23",23B,35427.1403355818,77912011.1767339,"27500165",,,,,30.081827515337,
"270210280",Trelipe Twp,"0280",Trelipe Twp,"275","65434",Cass,"11","021","8","6",6A,57594.1980098544,183595724.141331,"27110280",,,,,70.8863090909681,
"271710130",Monticello Twp,"0130",Monticello Twp,"110","43792",Wright,"86","171","6","29",29B,86676.1654805568,103211061.100266,"27860130",,,,,39.8497906908128,
"271190435",Tynsid Twp,"0435",Tynsid Twp,"345","66064",Polk,"60","119","7","1",1B,34170.3248722912,37093963.5834429,"27600435",,,,,14.3219793395673,
"270410135",Miltona Twp,"0135",Miltona Twp,"110","42416",Douglas,"21","041","7","9",9B,45124.626612582,92492591.7295884,"27210135",,,,,35.7113896667941,
"271510145",Torning Twp,"0145",Torning Twp,"135","65236",Swift,"76","151","7","12",12A,46801.0431242889,86822938.4390598,"27760145",,,,,33.522336531321,
"271710075",Delano,"0075",Delano,"060","15454",Wright,"86","171","6","29",29A,44465.0850448589,12710396.5584618,"27860075",,,,,4.90748411122211,
"271530050",Clarissa,"0050",Clarissa,"050","11602",Todd,"77","153","7","5",5B,7527.12207935993,2627643.54384037,"27770050",,,,,1.01453317227677,
"271190055",Climax,"0055",Climax,"055","11962",Polk,"60","119","7","1",1B,8054.10449844477,2582957.43652925,"27600055",,,,,0.997279866243945,
"270230130",Watson,"0130",Watson,"105","68656",Chippewa,"12","023","7","16",16A,4237.62494860977,384049.873215237,"27120130",,,,,0.148281656048403,
"270050015",Audubon Twp,"0015",Audubon Twp,"010","02746",Becker,"3","005","7","4",4B,48927.2540464224,90984296.5072965,"27030015",,,,,35.1290368814672,
"270930130",Litchfield Twp,"0130",Litchfield Twp,"105","37466",Meeker,"47","093","7","16",16A,62783.82718982,86867705.2491731,"27470130",,,,,33.5396209967057,
"270970135",Little Falls Twp,"0135",Little Falls Twp,"125","37574",Morrison,"49","097","7","10",10A,54445.8244626711,93231703.5304083,"27490135",,,,,35.9967607330906,
"270990160",Nevada Twp,"0160",Nevada Twp,"110","45322",Mower,"50","099","1","23",23B,38909.6789799905,94753092.7063206,"27500160",,,,,36.5841690939104,
"271510110",Moyer Twp,"0110",Moyer Twp,"100","44674",Swift,"76","151","7","12",12A,43815.2358995754,90101648.2856116,"27760110",,,,,34.7882464030746,
"270290015",Clearbrook City,"0015",Clearbrook,"015","11746",Clearwater,"15","029","8","2",2A,8935.15055489519,1243718.04604185,"27150015",,,,,0.480199537576758,
"271610035",Janesville City,"0035",Janesville,"029","31706",Waseca,"81","161","1","19",19A,13741.2655909494,3535503.19276823,"27810035",,,,,1.36505778272781,
"270470135",Hartland,"0135",Hartland,"084","27404",Freeborn,"24","047","1","23",23A,4404.1035928269,682635.532981063,"27240135",,,,,0.263565579283988,
"270970095",Hillman,"0095",Hillman,"094","29150",Morrison,"49","097","7","10",10A,5604.7052233013,1597582.9792134,"27490095",,,,,0.616826788274292,
"271170055",Holland,"0055",Holland,"055","29618",Pipestone,"59","117","7","21",21A,7765.44287356543,2329597.84321922,"27590055",,,,,0.899457727266941,
"271530010",Bertha,"0010",Bertha,"009","05482",Todd,"77","153","7","5",5B,9590.21599793258,2810314.6740878,"27770010",,,,,1.0850624956653,
"270730030",Boyd,"0030",Boyd,"030","07138",Lac qui Parle,"37","073","7","15",15A,6443.14074239922,1339592.80583891,"27370030",,,,,0.517216782334404,
"271050005",Adrian,"0005",Adrian,"005","00262",Nobles,"53","105","1","21",21A,13839.8135040708,2942074.081367,"27530005",,,,,1.1359348028158,
"271490025",Donnelly,"0025",Donnelly,"024","16084",Stevens,"75","149","7","12",12A,22654.2742783119,8060387.899409,"27750025",,,,,3.11211576796181,
"271530080",Grey Eagle,"0080",Grey Eagle,"079","26000",Todd,"77","153","7","5",5B,3830.57963925665,918011.18093949,"27770080",,,,,0.354444116960737,
"270890110",Grygla,"0110",Grygla,"110","26216",Marshall,"45","089","7","1",1A,5796.78432428664,870302.594559328,"27450110",,,,,0.336023831759357,
"270210115",Hackensack,"0115",Hackensack,"115","26378",Cass,"11","021","8","5",5A,12068.4628525639,2639956.62892921,"27110115",,,,,1.01928725442957,
"271570040",Hammond,"0040",Hammond,"040","26828",Wabasha,"79","157","1","20",20B,4911.81196076829,446250.92398364,"27790040",,,,,0.172297481750083,
"270250045",Harris,"0045",Harris,"040","27278",Chisago,"13","025","8","28",28A,32774.5254289483,51899657.8434941,"27130045",,,,,20.0384578933731,
"270810025",Drammen Twp,"0025",Drammen Twp,"025","16372",Lincoln,"41","081","7","21",21A,39948.5742213727,100200415.432172,"27410025",,,,,38.6873803983615,
"271370010",Alborn Twp,"0010",Alborn Twp,"010","00820",St. Louis,"69","137","8","7",7B,38278.8239265461,91022996.1317509,"27690010",,,,,35.143978806469,
"271590015",Blueberry Twp,"0015",Blueberry Twp,"015","06670",Wadena,"80","159","7","5",5A,51387.5873557894,82848525.7566217,"27800015",,,,,31.9878157946316,
"271370570",Grand Lake Twp,"0570",Grand Lake Twp,"215","24956",St. Louis,"69","137","8","3",3B,57819.9001202313,185298947.371189,"27690570",,,,,71.5439235800161,
"270650035",Grass Lake Twp,"0035",Grass Lake Twp,"030","25406",Kanabec,"33","065","8","11",11B,43433.0266178279,89881355.6840095,"27330035",,,,,34.7031914295961,
"271730030",Echo Twp,"0030",Echo Twp,"015","17918",Yellow Medicine,"87","173","7","15",15A,44508.959494518,93215030.338293,"27870030",,,,,35.9903232136149,
"270890080",Eckvoll Twp,"0080",Eckvoll Twp,"080","17972",Marshall,"45","089","7","1",1A,38307.4228413927,92101174.2121612,"27450080",,,,,35.5602633633154,
"271370585",Greenwood Twp,"0585",Greenwood Twp,"222","25928",St. Louis,"69","137","8","3",3A,68147.8194558045,238405361.347726,"27690585",,,,,92.0483100163571,
"271110150",Elmo Twp,"0150",Elmo Twp,"145","18980",Otter Tail,"56","111","7","9",9B,38871.7492526261,95166771.1782555,"27560150",,,,,36.7438903519244,
"270630035",Enterprise Twp,"0035",Enterprise Twp,"035","19484",Jackson,"32","063","1","21",21B,38602.2859656956,93095955.2509787,"27320035",,,,,35.9443483224029,
"271470040",Havana Twp,"0040",Havana Twp,"040","27638",Steele,"74","147","1","19",19B,38608.2267342418,93116764.3893694,"27740040",,,,,35.9523827307355,
"271190235",Godfrey Twp,"0235",Godfrey Twp,"145","24254",Polk,"60","119","7","1",1B,38487.6948759857,92842106.3513166,"27600235",,,,,35.8463372622433,
"271290015",Birch Cooley Twp,"0015",Birch Cooley Twp,"015","05968",Renville,"65","129","7","16",16A,68867.1020894228,107565345.959199,"27650015",,,,,41.5309800748468,
"270190005",Benton Twp,"0005",Benton Twp,"005","05266",Carver,"10","019","6","48",48A,55524.9043695531,87707717.8071476,"27100005",,,,,33.8639498453397,
"271090005",Byron,"0005",Byron,"005","09154",Olmsted,"55","109","1","24",24A,29960.4445997527,8159177.3256744,"27550005",,,,,3.15025836544289,
"270210055",Boy River Twp,"0055",Boy River Twp,"050","07192",Cass,"11","021","8","2",2B,44410.9057928952,92610345.1051707,"27110055",,,,,35.7568542451064,
"270050140",Lake View Twp,"0140",Lake View Twp,"115","35144",Becker,"3","005","7","4",4B,52433.2678662682,73793533.689066,"27030140",,,,,28.4916833573484,
"271190320",Lessor Twp,"0320",Lessor Twp,"230","36692",Polk,"60","119","7","1",1B,38882.0940174663,94158683.0900432,"27600320",,,,,36.3546675410657,
"270070145",Liberty Twp,"0145",Liberty Twp,"125","36926",Beltrami,"4","007","8","2",2A,38753.6645324172,93885735.3814108,"27040145",,,,,36.2492824307627,
"271350095",Lind Twp,"0095",Lind Twp,"095","37196",Roseau,"68","135","7","1",1A,38700.7731269302,93692538.6019111,"27680095",,,,,36.1746891541979,
"270790050",Kilkenny,"0050",Kilkenny,"049","33110",Le Sueur,"40","079","2","22",22B,5096.19578585897,372349.542008779,"27400050",11,Matthew D. Klein,9.09,"[{""name"": ""Abdi Abdulle"", ""votes"": 0, ""votes_pct"": 0.00, ""party"": ""DFL""}, {""name"": ""Matthew D. Klein"", ""votes"": 6, ""votes_pct"": 54.55, ""party"": ""DFL""}, {""name"": ""Hugh McTavish"", ""votes"": 0, ""votes_pct"": 0.00, ""party"": ""DFL""}, {""name"": ""Matt Little"", ""votes"": 5, ""votes_pct"": 45.45, ""party"": ""DFL""}, {""name"": ""Kaela Berg"", ""votes"": 0, ""votes_pct"": 0.00, ""party"": ""DFL""}, {""name"": ""Christopher Mosel"", ""votes"": 0, ""votes_pct"": 0.00, ""party"": ""DFL""}]",0.14376415816959,76.5142031230343
"270670010",Atwater,"0010",Atwater,"010","02692",Kandiyohi,"34","067","7","16",16B,11882.7287315784,2773292.83991828,"27340010",,,,,1.07076836549245,
"270050010",Audubon,"0010",Audubon,"009","02728",Becker,"3","005","7","4",4B,10412.6998063973,1872335.51712872,"27030010",,,,,0.722908743163397,
"270371610",Douglas Twp,"1610",Douglas Twp,"020","16228",Dakota,"19","037","2","20",20A,47725.8636420675,88123656.8452502,"27191610",34,Matt Little,20.59,"[{""name"": ""Abdi Abdulle"", ""votes"": 0, ""votes_pct"": 0.00, ""party"": ""DFL""}, {""name"": ""Matthew D. Klein"", ""votes"": 9, ""votes_pct"": 26.47, ""party"": ""DFL""}, {""name"": ""Hugh McTavish"", ""votes"": 2, ""votes_pct"": 5.88, ""party"": ""DFL""}, {""name"": ""Matt Little"", ""votes"": 16, ""votes_pct"": 47.06, ""party"": ""DFL""}, {""name"": ""Kaela Berg"", ""votes"": 7, ""votes_pct"": 20.59, ""party"": ""DFL""}, {""name"": ""Christopher Mosel"", ""votes"": 0, ""votes_pct"": 0.00, ""party"": ""DFL""}]",34.0245439079511,0.999278641088695
"270650005",Ann Lake Twp,"0005",Ann Lake Twp,"005","01702",Kanabec,"33","065","8","10",10A,36847.1246116294,84181469.4577753,"27330005",,,,,32.502465357647,
"270570020",Badoura Twp,"0020",Badoura Twp,"020","03178",Hubbard,"29","057","7","5",5A,38838.7993037468,94184460.5020664,"27290020",,,,,36.3646201998478,
"271650005",Adrian Twp,"0005",Adrian Twp,"005","00280",Watonwan,"83","165","1","21",21B,42299.9022103559,92389399.8685992,"27830005",,,,,35.6715472892662,
"270090005",Alberta Twp,"0005",Alberta Twp,"005","00668",Benton,"5","009","6","10",10B,42952.2562989652,93283102.0666934,"27050005",,,,,36.0166057079503,
"270130010",Beauford Twp,"0010",Beauford Twp,"010","04330",Blue Earth,"7","013","1","22",22A,38595.9212583187,93231362.4389986,"27070010",,,,,35.9966290376974,
"270070045",Benville Twp,"0045",Benville Twp,"025","05284",Beltrami,"4","007","8","2",2A,37700.4886113219,89059835.6394477,"27040045",,,,,34.3860025403908,
"270890035",Bloomer Twp,"0035",Bloomer Twp,"035","06535",Marshall,"45","089","7","1",1A,38915.8657158077,94609093.5052467,"27450035",,,,,36.5285710023758,
"271670020",Bradford Twp,"0020",Bradford Twp,"020","07264",Wilkin,"84","167","7","9",9A,38299.7984380337,91709104.0546129,"27840020",,,,,35.408885075486,
"270930090",Harvey Twp,"0090",Harvey Twp,"090","27440",Meeker,"47","093","7","16",16A,40172.6912892092,100852328.387344,"27470090",,,,,38.9390839903534,
"270130025",Ceresco Twp,"0025",Ceresco Twp,"025","10756",Blue Earth,"7","013","1","22",22A,38581.4568381181,93071425.8527463,"27070025",,,,,35.9348775217453,
"270210040",Blind Lake Twp,"0040",Blind Lake Twp,"040","06454",Cass,"11","021","8","6",6A,38236.2216992116,91426662.2279843,"27110040",,,,,35.2998342862247,
"270610375",Winnibigoshish Prec,"0375",Winnibigoshish Unorg,"253","07105",Itasca,"31","061","8","2",2B,149738.155307585,533294886.937725,"27310375",,,,,205.905155846656,
"270890040",Boxville Twp,"0040",Boxville Twp,"040","07120",Marshall,"45","089","7","1",1A,24185.4108374369,22124227.3473384,"27450040",,,,,8.54216417880734,
"271530005",Bartlett Twp,"0005",Bartlett Twp,"005","03790",Todd,"77","153","7","5",5B,38603.9256024767,93155566.7781688,"27770005",,,,,35.967364333051,
"270010025",Beaver Twp,"0025",Beaver Twp,"025","04384",Aitkin,"1","001","8","10",10A,38288.6141895556,91359492.3945329,"27010025",,,,,35.2739000135292,
"271510025",Benson Twp,"0025",Benson Twp,"020","05230",Swift,"76","151","7","12",12A,39441.909938238,93370147.6196503,"27760025",,,,,36.050213995947,
"271370025",Arrowhead Twp,"0025",Arrowhead Twp,"025","02278",St. Louis,"69","137","8","11",11A,57900.7346643667,185244900.146552,"27690025",,,,,71.5230559465838,
"270250015",Center City,"0015",Center City,"015","10576",Chisago,"13","025","8","28",28B,19797.2780152807,1535162.78658414,"27130015",,,,,0.592726351900136,
"270250021",Chisago City P-B,"0021",Chisago City,"020","11350",Chisago,"13","025","8","28",28B,40016.8948779596,19851158.3465814,"27130021",,,,,7.66453223761508,
"270450025",Bristol Twp,"0025",Bristol Twp,"025","07804",Fillmore,"23","045","1","26",26B,38608.2104552595,93230116.6493691,"27230025",,,,,35.9961480383214,
"271110045",Butler Twp,"0045",Butler Twp,"040","08974",Otter Tail,"56","111","7","9",9B,38491.765425062,92895460.0911088,"27560045",,,,,35.8669371411771,
"270210005",Ansel Twp,"0005",Ansel Twp,"005","01738",Cass,"11","021","8","5",5A,38575.6706029858,92807474.7279367,"27110005",,,,,35.8329659924564,
"270650105",Whited Twp,"0105",Whited Twp,"095","69988",Kanabec,"33","065","8","11",11B,42636.4202371624,79430758.300695,"27330105",,,,,30.6682157798983,
"270290090",Moose Creek Twp,"0090",Moose Creek Twp,"090","43918",Clearwater,"15","029","8","2",2B,36543.5715608644,83309092.0215574,"27150090",,,,,32.1656404295233,
"270372610",Hastings W-1 P-1,"2610",Hastings,"060","27530",Dakota,"19","037","2","41",41B,13417.0776330389,9724477.94126725,"27192610",270,Matt Little,10,"[{""name"": ""Abdi Abdulle"", ""votes"": 4, ""votes_pct"": 1.48, ""party"": ""DFL""}, {""name"": ""Matthew D. Klein"", ""votes"": 86, ""votes_pct"": 31.85, ""party"": ""DFL""}, {""name"": ""Hugh McTavish"", ""votes"": 11, ""votes_pct"": 4.07, ""party"": ""DFL""}, {""name"": ""Matt Little"", ""votes"": 113, ""votes_pct"": 41.85, ""party"": ""DFL""}, {""name"": ""Kaela Berg"", ""votes"": 53, ""votes_pct"": 19.63, ""party"": ""DFL""}, {""name"": ""Christopher Mosel"", ""votes"": 3, ""votes_pct"": 1.11, ""party"": ""DFL""}]",3.75462093312329,71.9113872769575
"270510045",Herman,"0045",Herman,"045","28646",Grant,"26","051","7","9",9A,8555.49200952264,2873278.26344693,"27260045",,,,,1.10937273751686,
"271630170",Lake Elmo P-1,"0170",Lake Elmo,"075","34244",Washington,"82","163","4","41",41A,25963.3268977844,34513649.6525836,"27820170",,,,,13.3257201308625,
"270890180",New Folden Twp,"0180",New Folden Twp,"175","45538",Marshall,"45","089","7","1",1A,45017.7555854478,90370193.7811528,"27450180",,,,,34.8919318189031,
"270430120",Pilot Grove Twp,"0120",Pilot Grove Twp,"075","50974",Faribault,"22","043","1","22",22A,38659.787937194,93552302.4652908,"27220120",,,,,36.1205439818488,
"271150190",Pine Lake Twp,"0190",Pine Lake Twp,"175","51226",Pine,"58","115","8","11",11B,41924.2853303146,90522328.2871557,"27580190",,,,,34.9506709516708,
"270350265",Ross Lake Twp,"0265",Ross Lake Twp,"200","55978",Crow Wing,"18","035","8","6",6A,38634.8793619578,93508893.2600297,"27180265",,,,,36.1037836876975,
"271710045",Clearwater City P-1,"0045",Clearwater,"033","11800",Wright,"86","171","6","29",29A,22814.4023274917,4958832.87402035,"27860045",,,,,1.91460537265926,
"270170065",Cloquet W-5 P-2,"0065",Cloquet,"040","12160",Carlton,"9","017","8","11",11A,29967.9147917052,37508172.3169643,"27090065",,,,,14.4819053315799,
"271710055",Cokato,"0055",Cokato,"039","12430",Wright,"86","171","6","17",17A,15799.6131355439,4211071.28417967,"27860055",,,,,1.62589462282177,
"271450045",Cold Spring,"0045",Cold Spring,"040","12484",Stearns,"73","145","7","13",13A,32535.2875290169,7359965.51698256,"27730045",,,,,2.84168268610697,
"271210090",Lowry,"0090",Lowry,"085","38366",Pope,"61","121","7","12",12A,4874.00958956541,1174479.98104231,"27610090",,,,,0.453466720680438,
"271630070",Cottage Grove P-7,"0070",Cottage Grove,"030","13456",Washington,"82","163","2","41",41B,38057.9356477896,35236758.9319623,"27820070",274,Matthew D. Klein,5.84,"[{""name"": ""Abdi Abdulle"", ""votes"": 18, ""votes_pct"": 6.57, ""party"": ""DFL""}, {""name"": ""Matthew D. Klein"", ""votes"": 105, ""votes_pct"": 38.32, ""party"": ""DFL""}, {""name"": ""Hugh McTavish"", ""votes"": 12, ""votes_pct"": 4.38, ""party"": ""DFL""}, {""name"": ""Matt Little"", ""votes"": 89, ""votes_pct"": 32.48, ""party"": ""DFL""}, {""name"": ""Kaela Berg"", ""votes"": 49, ""votes_pct"": 17.88, ""party"": ""DFL""}, {""name"": ""Christopher Mosel"", ""votes"": 1, ""votes_pct"": 0.36, ""party"": ""DFL""}]",13.6049126236307,20.1397838839541
"271350170",Soler Twp,"0170",Soler Twp,"170","61096",Roseau,"68","135","7","1",1A,38999.6080814188,94540190.3267436,"27680170",,,,,36.5019674851557,
"270230120",Stoneham Twp,"0120",Stoneham Twp,"095","62950",Chippewa,"12","023","7","16",16A,48485.7720977636,90247163.297145,"27120120",,,,,34.8444297490277,
"271610075",Waldorf,"0075",Waldorf,"065","67756",Waseca,"81","161","1","23",23A,4040.15624874301,980184.653916023,"27810075",,,,,0.378449294876977,
"270450125",Peterson,"0125",Peterson,"120","50596",Fillmore,"23","045","1","26",26B,4792.1329234134,1280856.27243593,"27230125",,,,,0.494538606787513,
"270990210",Waltham City,"0210",Waltham,"159","67918",Mower,"50","099","1","23",23B,4813.83985568581,1221173.91002096,"27500210",,,,,0.471495246659091,
"271170125",Woodstock,"0125",Woodstock,"105","71680",Pipestone,"59","117","7","21",21A,7321.92151046367,1402961.58094302,"27590125",,,,,0.541683466402098,
"271570105",Mount Pleasant Twp,"0105",Mount Pleasant Twp,"095","44620",Wabasha,"79","157","1","20",20A,38600.3536542166,93201639.5757076,"27790105",,,,,35.9851530401807,
"271530030",Bruce Twp,"0030",Bruce Twp,"030","08272",Todd,"77","153","7","5",5B,38652.9077451011,93344043.6457316,"27770030",,,,,36.040135251617,
"271030020",Courtland City,"0020",Courtland,"019","13582",Nicollet,"52","103","1","18",18A,12634.0545017063,6798987.26897167,"27520020",,,,,2.62508898454996,
"270930040",Darwin,"0040",Darwin,"039","14842",Meeker,"47","093","7","17",17A,9847.89131726866,5462432.57949476,"27470040",,,,,2.10904521894293,
"271730010",Canby,"0010",Canby,"010","09604",Yellow Medicine,"87","173","7","15",15A,18681.7758136648,5779672.4856817,"27870010",,,,,2.23153154672171,
"271370600",Hermantown P-2,"0600",Hermantown,"230","28682",St. Louis,"69","137","8","3",3B,29003.8751602267,46797262.2508862,"27690600",,,,,18.0684229550672,
"271370625",Hibbing W-2,"0625",Hibbing,"235","28790",St. Louis,"69","137","8","7",7A,58391.318470746,165228119.393602,"27690625",,,,,63.7945768978699,
"271150105",Hinckley,"0105",Hinckley,"099","29294",Pine,"58","115","8","11",11B,32244.1566595887,10002795.833945,"27580105",,,,,3.86207947148616,
"270550045",Hokah,"0045",Hokah,"034","29510",Houston,"28","055","1","26",26B,10303.9103631767,2095333.38047565,"27280045",,,,,0.809008218201647,
"271370035",Babbitt,"0035",Babbitt,"040","03106",St. Louis,"69","137","8","3",3A,77530.136322849,276455091.311466,"27690035",,,,,106.739310755357,
"270790065",Le Center,"0065",Le Center,"065","36134",Le Sueur,"40","079","2","22",22B,14072.252446452,4338852.63631451,"27400065",131,Matthew D. Klein,1.53,"[{""name"": ""Abdi Abdulle"", ""votes"": 4, ""votes_pct"": 3.05, ""party"": ""DFL""}, {""name"": ""Matthew D. Klein"", ""votes"": 45, ""votes_pct"": 34.35, ""party"": ""DFL""}, {""name"": ""Hugh McTavish"", ""votes"": 5, ""votes_pct"": 3.82, ""party"": ""DFL""}, {""name"": ""Matt Little"", ""votes"": 43, ""votes_pct"": 32.82, ""party"": ""DFL""}, {""name"": ""Kaela Berg"", ""votes"": 32, ""votes_pct"": 24.43, ""party"": ""DFL""}, {""name"": ""Christopher Mosel"", ""votes"": 2, ""votes_pct"": 1.53, ""party"": ""DFL""}]",1.67523100288103,78.1981707446367
"270150025",Comfrey,"0025",Comfrey,"025","12772",Brown,"8","015","7","15",15B,4613.3561327206,1030517.30845039,"27080025",,,,,0.397882732792694,
"270810010",Arco,"0010",Arco,"010","01972",Lincoln,"41","081","7","21",21A,6390.23618238983,926900.539061477,"27410010",,,,,0.357876298131636,
"271010035",Currie,"0035",Currie,"035","14320",Murray,"51","101","7","21",21A,5901.54420161177,1411967.56964968,"27510035",,,,,0.545160678641742,
"271570055",Kellogg,"0055",Kellogg,"055","32642",Wabasha,"79","157","1","20",20B,4296.33963581825,821728.263279961,"27790055",,,,,0.317269282452393,
"270410095",Kensington,"0095",Kensington,"075","32768",Douglas,"21","041","7","9",9B,5439.20433954034,916257.043970536,"27210095",,,,,0.353766844677024,
"271270060",Lamberton,"0060",Lamberton,"059","35288",Redwood,"64","127","7","15",15B,9871.67090175432,1959820.89378556,"27640060",,,,,0.756686847090606,
"271310060",Lonsdale City,"0060",Lonsdale,"040","38150",Rice,"66","131","2","58",58A,17317.7760470039,6830025.88434709,"27660060",237,Matt Little,13.08,"[{""name"": ""Abdi Abdulle"", ""votes"": 4, ""votes_pct"": 1.69, ""party"": ""DFL""}, {""name"": ""Matthew D. Klein"", ""votes"": 71, ""votes_pct"": 29.96, ""party"": ""DFL""}, {""name"": ""Hugh McTavish"", ""votes"": 8, ""votes_pct"": 3.38, ""party"": ""DFL""}, {""name"": ""Matt Little"", ""votes"": 102, ""votes_pct"": 43.04, ""party"": ""DFL""}, {""name"": ""Kaela Berg"", ""votes"": 51, ""votes_pct"": 21.52, ""party"": ""DFL""}, {""name"": ""Christopher Mosel"", ""votes"": 1, ""votes_pct"": 0.42, ""party"": ""DFL""}]",2.63707299394641,89.87237006486
"271290125",Morton,"0125",Morton,"125","44368",Renville,"65","129","7","16",16A,8655.18195786189,3150209.03653431,"27650125",,,,,1.2162957090059,
"270210080",Chickamaw Beach,"0080",Chickamaw Beach,"080","11296",Cass,"11","021","8","5",5A,11845.5936342303,6673221.86470872,"27110080",,,,,2.57653096196404,
"270830025",Cottonwood,"0025",Cottonwood,"025","13564",Lyon,"42","083","7","15",15A,14775.8680144776,3973722.15693974,"27420025",,,,,1.53425412479444,
"271190075",Crookston W-3,"0075",Crookston,"065","13870",Polk,"60","119","7","1",1B,9128.65427399175,2061022.89794209,"27600075",,,,,0.795760940895441,
"270930050",Dassel,"0050",Dassel,"049","14878",Meeker,"47","093","7","17",17A,17702.8222760489,4518378.90212937,"27470050",,,,,1.74454609411215,
"270830040",Fairview Twp,"0040",Fairview Twp,"040","20384",Lyon,"42","083","7","15",15A,53044.3342849537,83910497.0977085,"27420040",,,,,32.3978429294253,
"271150205",Royalton Twp,"0205",Royalton Twp,"190","56194",Pine,"58","115","8","11",11B,38023.3162013087,89940105.0146302,"27580205",,,,,34.7258745461487,
"271050145",Wilmont Twp,"0145",Wilmont Twp,"140","70600",Nobles,"53","105","1","21",21A,42853.9245514209,92780495.8984425,"27530145",,,,,35.8225494663886,
"271690150",Wilson Twp,"0150",Wilson Twp,"140","70690",Winona,"85","169","1","26",26A,61217.9985203898,89199182.1851411,"27850150",,,,,34.439804241683,
"271670125",Prairie View Twp,"0125",Prairie View Twp,"105","52324",Wilkin,"84","167","7","9",9A,38168.4237497725,90863648.6400543,"27840125",,,,,35.082454739925,
"270030830",Columbia Heights P-6,"0830",Columbia Heights,"040","12700",Anoka,"2","003","5","39",39B,6188.43327397945,1417778.82480904,"27020830",,,,,0.547404404258769,
"270450060",Fillmore Twp,"0060",Fillmore Twp,"060","21068",Fillmore,"23","045","1","26",26B,44987.0146445228,90469590.8428707,"27230060",,,,,34.9303090244324,
"270010045",Fleming Twp,"0045",Fleming Twp,"045","21230",Aitkin,"1","001","8","7",7A,38781.4369618271,93951440.4154673,"27010045",,,,,36.2746511444119,
"270970100",Hillman Twp,"0100",Hillman Twp,"095","29168",Morrison,"49","097","7","10",10B,34268.9110548272,73110971.0697109,"27490100",,,,,28.2281459300154,
"270630055",Hunter Twp,"0055",Hunter Twp,"055","30482",Jackson,"32","063","1","21",21B,40302.8537366943,92671016.9486526,"27320055",,,,,35.7802796438748,
"270490070",Holden Twp,"0070",Holden Twp,"075","29546",Goodhue,"25","049","1","19",19A,38618.3216049421,93152234.3131949,"27250070",,,,,35.9660776683245,
"270050120",Holmesville Twp,"0120",Holmesville Twp,"095","29816",Becker,"3","005","7","5",5A,38704.3853153531,93614717.4881272,"27030120",,,,,36.1446424221659,
"271110255",Inman Twp,"0255",Inman Twp,"215","31004",Otter Tail,"56","111","7","9",9B,38975.3427927527,94578950.9097255,"27560255",,,,,36.516932946245,
"270350085",Cuyuna City,"0085",Cuyuna,"040","14428",Crow Wing,"18","035","8","6",6A,13114.1800044572,9216926.03150717,"27180085",,,,,3.55865514076492,
"271710007",Albertville P-2,"0007",Albertville,"005","00730",Wright,"86","171","6","30",30A,15201.0047719458,7886968.67940342,"27860007",,,,,3.04515860711766,
"270890020",Argyle,"0020",Argyle,"020","02134",Marshall,"45","089","7","1",1A,8087.68299336791,3926261.32636086,"27450020",,,,,1.51592949810793,
"271010005",Avoca,"0005",Avoca,"005","03052",Murray,"51","101","7","21",21A,7851.10603600857,3343633.0119411,"27510005",,,,,1.29097670591046,
"270110020",Barry,"0020",Barry,"020","03718",Big Stone,"6","011","7","12",12A,3226.54714014248,651351.484357253,"27060020",,,,,0.251486808110335,
"270770020",2-B Baudette City,"0020",Baudette,"005","04024",Lake of the Woods,"39","077","8","2",2A,10965.0560909511,4791368.42272651,"27390020",,,,,1.8499473480147,
"271630025",Bayport,"0025",Bayport,"015","04114",Washington,"82","163","4","33",33B,15423.1552881198,4759329.70177409,"27820025",,,,,1.83757719785498,
"271210070",Lake Johanna Twp,"0070",Lake Johanna Twp,"065","34586",Pope,"61","121","7","12",12A,38505.7368180631,92440299.7575274,"27610070",,,,,35.6911997363813,
"270990070",Austin Twp,"0070",Austin Twp,"020","02926",Mower,"50","099","1","23",23B,51034.1718717964,72881599.7113803,"27500070",,,,,28.139585648564,
"270330120",Westbrook,"0120",Westbrook,"114","69250",Cottonwood,"17","033","7","21",21A,6725.51032800734,1607687.41826901,"27170120",,,,,0.620728112193663,
"270790130",Waterville,"0130",Waterville,"115","68584",Le Sueur,"40","079","2","22",22B,13293.9191393373,6109673.75898114,"27400130",108,Matthew D. Klein,14.81,"[{""name"": ""Abdi Abdulle"", ""votes"": 2, ""votes_pct"": 1.85, ""party"": ""DFL""}, {""name"": ""Matthew D. Klein"", ""votes"": 46, ""votes_pct"": 42.59, ""party"": ""DFL""}, {""name"": ""Hugh McTavish"", ""votes"": 9, ""votes_pct"": 8.33, ""party"": ""DFL""}, {""name"": ""Matt Little"", ""votes"": 30, ""votes_pct"": 27.78, ""party"": ""DFL""}, {""name"": ""Kaela Berg"", ""votes"": 18, ""votes_pct"": 16.67, ""party"": ""DFL""}, {""name"": ""Christopher Mosel"", ""votes"": 3, ""votes_pct"": 2.78, ""party"": ""DFL""}]",2.35894503834262,45.783177753001
"270910205",Welcome,"0205",Welcome,"145","69070",Martin,"46","091","1","22",22A,16105.2749150103,3768186.96759153,"27460205",,,,,1.45489698818709,
"270250105",Wyoming P-A,"0105",Wyoming,"105","72022",Chisago,"13","025","8","28",28B,32049.8390623806,31445931.6230308,"27130105",,,,,12.1412741996522,
"270610339",Taconite,"0339",Taconite,"227","64048",Itasca,"31","061","8","7",7A,48128.9864590836,76679139.4976849,"27310339",,,,,29.6058157600561,
"270250100",Taylors Falls,"0100",Taylors Falls,"095","64318",Chisago,"13","025","8","28",28B,20921.4589565442,11091966.9393117,"27130100",,,,,4.28260843526824,
"271130150",Thief River Falls P-3A,"0150",Thief River Falls,"115","64570",Pennington,"57","113","7","1",1A,14799.3677814934,4629301.54697824,"27570150",,,,,1.7873733272883,
"271730080",Hazel Run Twp,"0080",Hazel Run Twp,"055","28034",Yellow Medicine,"87","173","7","15",15A,42066.3838362922,92162734.9459471,"27870080",,,,,35.5840319626302,
"271350070",Hereim Twp,"0070",Hereim Twp,"075","28628",Roseau,"68","135","7","1",1A,48190.3850281282,85675907.8812857,"27680070",,,,,33.0794680329644,
"271670010",Andrea Twp,"0010",Andrea Twp,"010","01522",Wilkin,"84","167","7","9",9A,38355.3121876745,91880506.4221753,"27840010",,,,,35.4750635296019,
"270690005",Arveson Twp,"0005",Arveson Twp,"005","02386",Kittson,"35","069","7","1",1A,42029.006206809,89900282.3797449,"27350005",,,,,34.7104990268195,
"270170010",Automba Twp,"0010",Automba Twp,"010","03016",Carlton,"9","017","8","11",11A,38730.24822441,94065104.2625756,"27090010",,,,,36.3185367557804,
"271610010",Blooming Grove Twp,"0010",Blooming Grove Twp,"010","06562",Waseca,"81","161","1","19",19A,38580.0051002319,93296475.5858744,"27810010",,,,,36.0217692237061,
"271290030",Boon Lake Twp,"0030",Boon Lake Twp,"030","06976",Renville,"65","129","7","16",16A,40351.7505445244,101518142.575578,"27650030",,,,,39.1961548484307,
"271190040",Brislet Twp,"0040",Brislet Twp,"040","07768",Polk,"60","119","7","1",1B,33848.9262235265,70177023.8093448,"27600040",,,,,27.095348892788,
"270510020",Elbow Lake,"0020",Elbow Lake,"019","18458",Grant,"26","051","7","9",9A,13566.9085253266,4472958.18580351,"27260020",,,,,1.72700915553873,
"270010110",Logan Twp,"0110",Logan Twp,"105","37844",Aitkin,"1","001","8","7",7A,50474.511339986,92103644.8986311,"27010110",,,,,35.5612172953615,
"270230065",Maynard,"0065",Maynard,"065","41210",Chippewa,"12","023","7","16",16A,6386.24202839548,1555935.23822117,"27120065",,,,,0.600746595477193,
"270010115",McGrath,"0115",McGrath,"110","38996",Aitkin,"1","001","8","10",10A,4006.96519500843,960134.196388896,"27010115",,,,,0.370707813225753,
"271510115",Murdock,"0115",Murdock,"105","44818",Swift,"76","151","7","12",12A,5980.94702314592,1521094.13025486,"27760115",,,,,0.587294443691402,
"270470185",Myrtle,"0185",Myrtle,"135","44890",Freeborn,"24","047","1","23",23B,2391.66949799584,254019.370777423,"27240185",,,,,0.0980768790571629,
"270730135",Nassau,"0135",Nassau,"115","45016",Lac qui Parle,"37","073","7","15",15A,3513.96244601831,412310.282677352,"27370135",,,,,0.159193000141725,
"270373610",New Trier,"3610",New Trier,"115","46024",Dakota,"19","037","2","58",58B,3722.97001304927,492941.919402481,"27193610",8,Matthew D. Klein,50,"[{""name"": ""Abdi Abdulle"", ""votes"": 0, ""votes_pct"": 0.00, ""party"": ""DFL""}, {""name"": ""Matthew D. Klein"", ""votes"": 6, ""votes_pct"": 75.00, ""party"": ""DFL""}, {""name"": ""Hugh McTavish"", ""votes"": 0, ""votes_pct"": 0.00, ""party"": ""DFL""}, {""name"": ""Matt Little"", ""votes"": 2, ""votes_pct"": 25.00, ""party"": ""DFL""}, {""name"": ""Kaela Berg"", ""votes"": 0, ""votes_pct"": 0.00, ""party"": ""DFL""}, {""name"": ""Christopher Mosel"", ""votes"": 0, ""votes_pct"": 0.00, ""party"": ""DFL""}]",0.190324875081298,42.0333915710323
"270150095",New Ulm W-2 P-2,"0095",New Ulm,"080","46042",Brown,"8","015","1","15",15B,17640.7365836467,6626138.20308321,"27080095",,,,,2.55835196021043,
"270910145",Northrop,"0145",Northrop,"090","47212",Martin,"46","091","1","22",22A,3199.97201738337,288262.191352856,"27460145",,,,,0.111298032081338,
"271250050",Oklee,"0050",Oklee,"050","48202",Red Lake,"63","125","7","1",1B,6792.27591097021,1925380.58438411,"27630050",,,,,0.743389443630703,
"270410120",Millerville City,"0120",Millerville,"099","42254",Douglas,"21","041","7","9",9B,8875.66933431161,2366591.46463751,"27210120",,,,,0.913740964496541,
"271690065",Minneiska,"0065",Minneiska,"058","43036",Winona,"85","169","1","20",20B,4002.57019944227,619905.248395585,"27850065",,,,,0.239345416405535,
"270630110",Okabena,"0110",Okabena,"090","48184",Jackson,"32","063","1","21",21B,4500.76533226766,898273.405286955,"27320110",,,,,0.346823361781293,
"270270195",Moorhead City W-3 P-10,"0195",Moorhead,"145","43864",Clay,"14","027","7","4",4A,14149.5452007909,4434611.54403024,"27140195",,,,,1.71220351715007,
"271310065",Morristown City,"0065",Morristown,"044","44296",Rice,"66","131","2","19",19A,10555.6323724049,2907415.50796237,"27660065",34,Matt Little,26.47,"[{""name"": ""Abdi Abdulle"", ""votes"": 1, ""votes_pct"": 2.94, ""party"": ""DFL""}, {""name"": ""Matthew D. Klein"", ""votes"": 10, ""votes_pct"": 29.41, ""party"": ""DFL""}, {""name"": ""Hugh McTavish"", ""votes"": 0, ""votes_pct"": 0.00, ""party"": ""DFL""}, {""name"": ""Matt Little"", ""votes"": 19, ""votes_pct"": 55.88, ""party"": ""DFL""}, {""name"": ""Kaela Berg"", ""votes"": 3, ""votes_pct"": 8.82, ""party"": ""DFL""}, {""name"": ""Christopher Mosel"", ""votes"": 1, ""votes_pct"": 2.94, ""party"": ""DFL""}]",1.12255312762427,30.2880987663865
"270210187",Motley,"0187",Motley,"182","44422",Cass,"11","021","8","5",5B,2861.2629598071,489709.520581876,"27110187",,,,,0.189076845896662,
"271190335",McIntosh,"0335",McIntosh,"245","39050",Polk,"60","119","7","1",1B,6451.53828320705,2611166.00287812,"27600335",,,,,1.00817119371124,
"270970225",Sobieski,"0225",Sobieski,"215","61006",Morrison,"49","097","7","10",10B,18401.0162992323,10387771.6727469,"27490225",,,,,4.01071864284759,
"270970235",Swanville,"0235",Swanville,"224","63778",Morrison,"49","097","7","10",10B,5712.11029347428,1276334.45533934,"27490235",,,,,0.49279273320652,
"270830165",Taunton,"0165",Taunton,"140","64264",Lyon,"42","083","7","15",15A,6654.57774068628,2606589.69667621,"27420165",,,,,1.00640428188668,
"271650080",Ormsby,"0080",Ormsby,"075","48562",Watonwan,"83","165","1","21",21B,3993.6043117758,656802.167441553,"27830080",,,,,0.253591316849184,
"270490055",Goodhue,"0055",Goodhue,"059","24398",Goodhue,"25","049","1","20",20A,9785.79224037675,2833655.20492695,"27250055",,,,,1.0940742746223,
"271190340",Mentor,"0340",Mentor,"250","41714",Polk,"60","119","7","1",1B,10421.6116592237,4937687.53222105,"27600340",,,,,1.90644115619055,
"270950090",Onamia,"0090",Onamia,"089","48310",Mille Lacs,"48","095","8","10",10A,12323.5578292164,2588466.09505148,"27480090",,,,,0.999406759299378,
"270590005",Athens Twp,"0005",Athens Twp,"005","02602",Isanti,"30","059","8","31",31B,46469.8880521688,81151487.5015946,"27300005",,,,,31.3325893243657,
"270350285",Trommald City,"0285",Trommald,"220","65506",Crow Wing,"18","035","8","6",6A,17750.4063694729,10239783.5030941,"27180285",,,,,3.95358041054463,
"271390075",New Prague P-2,"0075",New Prague,"070","45808",Scott,"70","139","2","58",58A,16867.4749048122,5917077.17597472,"27700075",320,Matt Little,12.19,"[{""name"": ""Abdi Abdulle"", ""votes"": 11, ""votes_pct"": 3.44, ""party"": ""DFL""}, {""name"": ""Matthew D. Klein"", ""votes"": 93, ""votes_pct"": 29.06, ""party"": ""DFL""}, {""name"": ""Hugh McTavish"", ""votes"": 15, ""votes_pct"": 4.69, ""party"": ""DFL""}, {""name"": ""Matt Little"", ""votes"": 132, ""votes_pct"": 41.25, ""party"": ""DFL""}, {""name"": ""Kaela Berg"", ""votes"": 66, ""votes_pct"": 20.63, ""party"": ""DFL""}, {""name"": ""Christopher Mosel"", ""votes"": 3, ""votes_pct"": 0.94, ""party"": ""DFL""}]",2.28458349764384,140.069295050947
"270550065",Jefferson Twp,"0065",Jefferson Twp,"050","31814",Houston,"28","055","1","26",26B,40826.0347452369,90251096.8973447,"27280065",,,,,34.8459485120648,
"270170090",Kalevala Twp,"0090",Kalevala Twp,"055","32264",Carlton,"9","017","8","11",11A,38536.7435653516,92715182.616488,"27090090",,,,,35.797332008226,
"271570050",Hyde Park Twp,"0050",Hyde Park Twp,"050","30680",Wabasha,"79","157","1","20",20B,33660.8194432091,41502706.5834439,"27790050",,,,,16.0241950118677,
"270070180",Ponemah,"0180",Lower Red Lake Unorg,"127","38335",Beltrami,"4","007","8","2",2A,134653.158051997,824294033.498872,"27040180",,,,,318.259926333915,
"270130060",Judson Twp P-1,"0060",Judson Twp,"060","32210",Blue Earth,"7","013","1","15",15B,45617.1176284646,86106230.8910593,"27070060",,,,,33.245615747038,
"271710185",Waverly,"0185",Waverly,"165","68764",Wright,"86","171","6","29",29A,28281.4506486405,6841776.68107887,"27860185",,,,,2.64160997656455,
"271570095",Minneiska City,"0095",Minneiska,"084","43036",Wabasha,"79","157","1","20",20B,7398.5895134816,1887521.28695164,"27790095",,,,,0.728771968892027,
"270610215",Keewatin,"0215",Keewatin,"135","32570",Itasca,"31","061","8","7",7A,13328.7125386804,7452937.91961921,"27310215",,,,,2.87757933076498,
"270330110",Storden,"0110",Storden,"104","63022",Cottonwood,"17","033","7","21",21A,3685.82829403717,819638.041542949,"27170110",,,,,0.316462247839732,
"270090015",Gilman,"0015",Gilman,"013","23804",Benton,"5","009","6","10",10B,8576.28196709304,1815730.862827,"27050015",,,,,0.701053686137506,
"270373310",Mendota City,"3310",Mendota,"102","41678",Dakota,"19","037","2","52",52B,5126.22784000835,781002.382524165,"27193310",51,Matthew D. Klein,3.92,"[{""name"": ""Abdi Abdulle"", ""votes"": 2, ""votes_pct"": 3.92, ""party"": ""DFL""}, {""name"": ""Matthew D. Klein"", ""votes"": 22, ""votes_pct"": 43.14, ""party"": ""DFL""}, {""name"": ""Hugh McTavish"", ""votes"": 1, ""votes_pct"": 1.96, ""party"": ""DFL""}, {""name"": ""Matt Little"", ""votes"": 20, ""votes_pct"": 39.22, ""party"": ""DFL""}, {""name"": ""Kaela Berg"", ""votes"": 5, ""votes_pct"": 9.80, ""party"": ""DFL""}, {""name"": ""Christopher Mosel"", ""votes"": 1, ""votes_pct"": 1.96, ""party"": ""DFL""}]",0.30154501989258,169.128974566278
"270590070",Stanchfield Twp,"0070",Stanchfield Twp,"070","62347",Isanti,"30","059","8","28",28A,46694.9756707218,88634719.6970659,"27300070",,,,,34.2218652750371,
"271430110",Transit Twp,"0110",Transit Twp,"110","65380",Sibley,"72","143","7","17",17B,39328.2764232671,92261117.578906,"27720110",,,,,35.6220174972156,
"271070140",Strand Twp,"0140",Strand Twp,"135","63094",Norman,"54","107","7","1",1B,46312.0781383398,92324584.0313734,"27540140",,,,,35.6465218945133,
"270810060",Lake Benton Twp,"0060",Lake Benton Twp,"055","34118",Lincoln,"41","081","7","21",21A,62992.3316479345,88802283.5122316,"27410060",,,,,34.2865616640726,
"270372950",Lakeville P-5,"2950",Lakeville,"080","35180",Dakota,"19","037","2","57",57A,17316.8198788943,13785778.58826,"27192950",449,Matt Little,37.64,"[{""name"": ""Abdi Abdulle"", ""votes"": 8, ""votes_pct"": 1.78, ""party"": ""DFL""}, {""name"": ""Matthew D. Klein"", ""votes"": 108, ""votes_pct"": 24.05, ""party"": ""DFL""}, {""name"": ""Hugh McTavish"", ""votes"": 4, ""votes_pct"": 0.89, ""party"": ""DFL""}, {""name"": ""Matt Little"", ""votes"": 277, ""votes_pct"": 61.69, ""party"": ""DFL""}, {""name"": ""Kaela Berg"", ""votes"": 49, ""votes_pct"": 10.91, ""party"": ""DFL""}, {""name"": ""Christopher Mosel"", ""votes"": 3, ""votes_pct"": 0.67, ""party"": ""DFL""}]",5.32268911292718,84.3558566870864
"270990125",Le Roy City,"0125",Le Roy,"074","36620",Mower,"50","099","1","26",26B,9562.45042974783,1792823.82136759,"27500125",,,,,0.692209277430025,
"271430065",Henderson,"0065",Henderson,"065","28394",Sibley,"72","143","7","17",17B,9973.38942834292,2867669.53763276,"27720065",,,,,1.10720720848001,
"271450120",Holdingford,"0120",Holdingford,"105","29582",Stearns,"73","145","7","13",13B,12941.9595817572,2334758.88789915,"27730120",,,,,0.901450406617864,
"271370475",Eveleth P-1,"0475",Eveleth,"155","19934",St. Louis,"69","137","8","7",7B,15770.9936871267,11184809.5738369,"27690475",,,,,4.31845497645843,
"271370550",Gilbert,"0550",Gilbert,"205","23714",St. Louis,"69","137","8","7",7B,26186.1502729483,32261421.7935561,"27690550",,,,,12.456134954492,
"270910115",Granada,"0115",Granada,"060","24884",Martin,"46","091","1","22",22A,7270.69683976697,1473360.52989199,"27460115",,,,,0.568864500591299,
"270371210",Burnsville P-1,"1210",Burnsville,"006","08794",Dakota,"19","037","2","52",52A,16915.9285154104,11703269.2879565,"27191210",573,Matt Little,16.4,"[{""name"": ""Abdi Abdulle"", ""votes"": 16, ""votes_pct"": 2.79, ""party"": ""DFL""}, {""name"": ""Matthew D. Klein"", ""votes"": 163, ""votes_pct"": 28.45, ""party"": ""DFL""}, {""name"": ""Hugh McTavish"", ""votes"": 15, ""votes_pct"": 2.62, ""party"": ""DFL""}, {""name"": ""Matt Little"", ""votes"": 257, ""votes_pct"": 44.85, ""party"": ""DFL""}, {""name"": ""Kaela Berg"", ""votes"": 121, ""votes_pct"": 21.12, ""party"": ""DFL""}, {""name"": ""Christopher Mosel"", ""votes"": 1, ""votes_pct"": 0.17, ""party"": ""DFL""}]",4.51863227208001,126.808283015302
"270470090",Clarks Grove,"0090",Clarks Grove,"040","11674",Freeborn,"24","047","1","23",23A,9382.70347528744,1400163.90338581,"27240090",,,,,0.540603283097261,
"271450445",Wakefield Twp,"0445",Wakefield Twp,"285","67630",Stearns,"73","145","7","13",13A,75492.4611436601,83438454.7579367,"27730445",,,,,32.2155873820394,
"271450040",Brooten,"0040",Brooten,"035","08092",Stearns,"73","145","7","12",12A,12517.1987042777,4049615.37147871,"27730040",,,,,1.56355649492793,
"271370100",Chisholm,"0100",Chisholm,"095","11386",St. Louis,"69","137","8","7",7B,19488.3003460156,12263422.858792,"27690100",,,,,4.73490756577958,
"271190455",Woodside Twp,"0455",Woodside Twp,"365","71662",Polk,"60","119","7","1",1B,38504.1567902994,92774759.0724929,"27600455",,,,,35.8203344778895,
"271590125",Wing River Twp,"0125",Wing River Twp,"105","70906",Wadena,"80","159","7","5",5B,38622.1138122143,93389409.5737615,"27800125",,,,,36.0576510364293,
"270850095",Hutchinson Twp,"0095",Hutchinson Twp,"060","30662",McLeod,"43","085","7","17",17A,42127.6725200684,89148186.4484471,"27430095",,,,,34.4201147877454,
"270330095",Selma Twp,"0095",Selma Twp,"090","59224",Cottonwood,"17","033","7","21",21A,39593.0580535754,93206535.5456056,"27170095",,,,,35.9870433741583,
"270810090",Shaokatan Twp,"0090",Shaokatan Twp,"090","59377",Lincoln,"41","081","7","21",21A,39902.5415420001,99482873.0968216,"27410090",,,,,38.4103373026828,
"270910175",Silver Lake Twp,"0175",Silver Lake Twp,"120","60412",Martin,"46","091","1","22",22A,39369.4899689531,96988748.9033737,"27460175",,,,,37.4473559515926,
"271330105",Springwater Twp,"0105",Springwater Twp,"090","62140",Rock,"67","133","1","21",21A,45409.1420323492,126069211.940951,"27670105",,,,,48.675322730401,
"270290120",Shevlin Twp,"0120",Shevlin Twp,"115","59800",Clearwater,"15","029","8","2",2B,42857.2162020843,80737965.6985207,"27150120",,,,,31.1729285561988,
"270690155",Skane Twp,"0155",Skane Twp,"155","60646",Kittson,"35","069","7","1",1A,39443.4301026069,91783338.6431805,"27350155",,,,,35.437547050132,
"270830155",Sodus Twp,"0155",Sodus Twp,"130","61042",Lyon,"42","083","7","15",15A,38817.988439852,94131342.3042102,"27420155",,,,,36.3441112636555,
"270070280",Unorg Dist 2,"0280",Shotley Brook Unorg,"181","60079",Beltrami,"4","007","8","2",2A,38461.2148785219,92299956.2938755,"27040280",,,,,35.6370131250653,
"270270250",Spring Prairie Twp,"0250",Spring Prairie Twp,"185","62032",Clay,"14","027","7","4",4B,38442.5480147284,92471305.4263904,"27140250",,,,,35.7031710251293,
"270150155",Stark Twp,"0155",Stark Twp,"110","62518",Brown,"8","015","1","15",15B,38718.4708996383,93530210.2751715,"27080155",,,,,36.1120141872437,
"271310125",Shieldsville Twp,"0125",Shieldsville Twp,"075","59854",Rice,"66","131","2","19",19A,38795.4599255691,94505579.971027,"27660125",78,Matthew D. Klein,2.56,"[{""name"": ""Abdi Abdulle"", ""votes"": 1, ""votes_pct"": 1.28, ""party"": ""DFL""}, {""name"": ""Matthew D. Klein"", ""votes"": 31, ""votes_pct"": 39.74, ""party"": ""DFL""}, {""name"": ""Hugh McTavish"", ""votes"": 6, ""votes_pct"": 7.69, ""party"": ""DFL""}, {""name"": ""Matt Little"", ""votes"": 29, ""votes_pct"": 37.18, ""party"": ""DFL""}, {""name"": ""Kaela Berg"", ""votes"": 10, ""votes_pct"": 12.82, ""party"": ""DFL""}, {""name"": ""Christopher Mosel"", ""votes"": 1, ""votes_pct"": 1.28, ""party"": ""DFL""}]",36.4886044268135,2.13765369285217
"270210260",Smoky Hollow Twp,"0260",Smoky Hollow Twp,"255","60970",Cass,"11","021","8","6",6A,38573.5992492679,92963182.1037855,"27110260",,,,,35.8930846102716,
"270590060",Spencer Brook Twp,"0060",Spencer Brook Twp,"060","61672",Isanti,"30","059","8","27",27B,38344.9918678628,91634616.1857991,"27300060",,,,,35.380125309337,
"270830160",Stanley Twp,"0160",Stanley Twp,"135","62392",Lyon,"42","083","7","15",15A,38194.524727655,91257957.2481565,"27420160",,,,,35.2346972935132,
"271370925",Stoney Brook Twp,"0925",Stoney Brook Twp,"405","62968",St. Louis,"69","137","8","11",11A,38467.3107566035,92871914.5564943,"27690925",,,,,35.8578462102624,
"271010130",Skandia Twp,"0130",Skandia Twp,"130","60628",Murray,"51","101","7","21",21A,38514.4986174604,92650373.9784337,"27510130",,,,,35.7723093930733,
"270130250",Sterling Twp,"0250",Sterling Twp,"165","62716",Blue Earth,"7","013","1","22",22A,38599.3260652909,93230399.4567311,"27070250",,,,,35.9962572302439,
"270690165",Spring Brook Twp,"0165",Spring Brook Twp,"165","61744",Kittson,"35","069","7","1",1A,38630.361546887,93218736.0004241,"27350165",,,,,35.9917539697638,
"270970025",Buckman,"0025",Buckman,"024","08416",Morrison,"49","097","7","10",10B,6476.21964206391,2617527.06148531,"27490025",,,,,1.01062719843948,
"270610074",Calumet,"0074",Calumet,"058","09316",Itasca,"31","061","8","7",7A,10433.0962349697,4855633.10965093,"27310074",,,,,1.87475994363622,
"271410035",Clear Lake City,"0035",Clear Lake,"034","11764",Sherburne,"71","141","6","27",27A,10302.2091964214,2834990.75632583,"27710035",,,,,1.0945899310174,
"271450015",Ashley Twp,"0015",Ashley Twp,"015","02530",Stearns,"73","145","7","12",12B,41851.035795473,108859002.014082,"27730015",,,,,42.030460677637,
"271290155",Renville,"0155",Renville,"155","53890",Renville,"65","129","7","16",16A,13903.8300502793,4031080.05793331,"27650155",,,,,1.55640001036805,
"270374980",West Saint Paul W-3 P-2,"4980",West St. Paul,"180","69700",Dakota,"19","037","2","53",53A,10596.3581625366,3939247.80267407,"27194980",750,Matthew D. Klein,15.87,"[{""name"": ""Abdi Abdulle"", ""votes"": 13, ""votes_pct"": 1.73, ""party"": ""DFL""}, {""name"": ""Matthew D. Klein"", ""votes"": 369, ""votes_pct"": 49.20, ""party"": ""DFL""}, {""name"": ""Hugh McTavish"", ""votes"": 15, ""votes_pct"": 2.00, ""party"": ""DFL""}, {""name"": ""Matt Little"", ""votes"": 250, ""votes_pct"": 33.33, ""party"": ""DFL""}, {""name"": ""Kaela Berg"", ""votes"": 101, ""votes_pct"": 13.47, ""party"": ""DFL""}, {""name"": ""Christopher Mosel"", ""votes"": 2, ""votes_pct"": 0.27, ""party"": ""DFL""}]",1.52094357661246,493.114939655058
"270070295",Wilton,"0295",Wilton,"235","70708",Beltrami,"4","007","8","2",2A,20210.2193298993,7963817.89216852,"27040295",,,,,3.07483008816627,
"271630370",Willernie,"0370",Willernie,"185","70366",Washington,"82","163","4","33",33A,3650.61137925591,331297.910491153,"27820370",,,,,0.127914123240634,
"270170185",Wright,"0185",Wright,"140","71824",Carlton,"9","017","8","11",11A,7962.55271708112,3779580.83249541,"27090185",,,,,1.45929615942648,
"271370940",Tower,"0940",Tower,"425","65272",St. Louis,"69","137","8","3",3A,21237.411514506,7534271.15550249,"27690940",,,,,2.90898209313951,
"270910010",Center Creek Twp,"0010",Center Creek Twp,"010","10594",Martin,"46","091","1","22",22A,45926.1177022498,91893936.6830105,"27460010",,,,,35.4802489533104,
"270870020",Chief Twp,"0020",Chief Twp,"020","11314",Mahnomen,"44","087","8","2",2B,38772.778918317,93867967.4055181,"27440020",,,,,36.2424222152705,
"270170068",Clear Creek Unorg,"0068",Clear Creek Unorg,"042","11750",Carlton,"9","017","8","11",11A,39001.8525692166,94830004.9360339,"27090068",,,,,36.6138649058027,
"271370120",Colvin Twp,"0120",Colvin Twp,"105","12736",St. Louis,"69","137","8","7",7B,38592.0806534946,93012985.1534087,"27690120",,,,,35.9123135677311,
"270570030",Crow Wing Lake Twp,"0030",Crow Wing Lake Twp,"030","14140",Hubbard,"29","057","7","5",5A,38315.9562371939,91549662.5028486,"27290030",,,,,35.3473246923498,
"271010040",Des Moines River Twp,"0040",Des Moines River Twp,"040","15778",Murray,"51","101","7","21",21A,38619.0909952619,93198675.3386248,"27510040",,,,,35.9840085482431,
"271670060",Campbell Twp,"0060",Campbell Twp,"040","09514",Wilkin,"84","167","7","9",9A,51896.4613449151,129846171.236474,"27840060",,,,,50.1336067144027,
"270190115",Victoria P-1,"0115",Victoria,"095","67036",Carver,"10","019","6","48",48A,26001.9124169867,24757322.6030641,"27100115",,,,,9.55880225704305,
"271290075",Fairfax,"0075",Fairfax,"075","20222",Renville,"65","129","7","16",16A,10806.4578391651,3351628.09865874,"27650075",,,,,1.29406360889214,
"271310075",Nerstrand,"0075",Nerstrand,"055","45196",Rice,"66","131","1","19",19A,8475.73820589699,3658674.96494289,"27660075",,,,,1.41261440396445,
"270510080",Norcross,"0080",Norcross,"080","46492",Grant,"26","051","7","9",9A,12461.5879318316,4048668.78593111,"27260080",,,,,1.563191018248,
"270230070",Milan,"0070",Milan,"070","42146",Chippewa,"12","023","7","16",16A,6237.2226472278,1810376.69200905,"27120070",,,,,0.698986440784695,
"270430110",Minnesota Lake,"0110",Minnesota Lake,"069","43198",Faribault,"22","043","1","23",23A,9742.33642606409,5332718.75877518,"27220110",,,,,2.0589627127631,
"271350160",Ross Twp,"0160",Ross Twp,"160","55942",Roseau,"68","135","7","1",1A,38433.5509876455,92444884.9934005,"27680160",,,,,35.6929700959519,
"270110086",Ortonville Twp,"0086",Ortonville Twp,"081","48724",Big Stone,"6","011","7","12",12A,44865.2181782398,35945700.0169336,"27060086",,,,,13.8786347765381,
"271290140",Osceola Twp,"0140",Osceola Twp,"140","48868",Renville,"65","129","7","16",16A,38810.684541286,94135654.9716989,"27650140",,,,,36.3457763845729,
"270550095",Mound Prairie Twp,"0095",Mound Prairie Twp,"075","44512",Houston,"28","055","1","26",26B,43145.9262713696,95363142.1896988,"27280095",,,,,36.8197091994427,
"271710035",Buffalo Twp,"0035",Buffalo Twp,"020","08470",Wright,"86","171","6","29",29B,69955.3118197157,70273263.4068173,"27860035",,,,,27.1325070013721,
"270050020",Burlington Twp,"0020",Burlington Twp,"020","08686",Becker,"3","005","7","5",5A,51276.5740536208,91551037.0582324,"27030020",,,,,35.3478554081835,
"270150015",Burnstown Twp,"0015",Burnstown Twp,"015","08776",Brown,"8","015","7","15",15B,45471.3283559238,90182604.8520585,"27080015",,,,,34.8195037333798,
"271410005",Baldwin City P-2,"0005",Baldwin,"004","03282",Sherburne,"71","141","6","27",27B,36391.8920075328,52877584.5067282,"27710005",,,,,20.4160353780478,
"271010080",Iona Twp,"0080",Iona Twp,"075","31112",Murray,"51","101","7","21",21A,45664.550051268,91844152.1315835,"27510080",,,,,35.4610271380044,
"271530195",Wykeham Twp,"0195",Wykeham Twp,"195","71932",Todd,"77","153","7","5",5B,44477.9296736223,90529973.3270673,"27770195",,,,,34.9536227015807,
"271670155",Wolverton Twp,"0155",Wolverton Twp,"130","71410",Wilkin,"84","167","7","9",9A,60451.8680651003,77010672.0583913,"27840155",,,,,29.7338204817449,
"271190285",Huntsville Twp,"0285",Huntsville Twp,"195","30590",Polk,"60","119","7","1",1B,49489.7585501059,91432241.1046341,"27600285",,,,,35.3019882904992,
"270010010",Aitkin Twp,"0010",Aitkin Twp,"005","00478",Aitkin,"1","001","8","10",10A,67031.3477227885,86809548.4540397,"27010010",,,,,33.5171666581047,
"271510010",Appleton Twp,"0010",Appleton Twp,"005","01882",Swift,"76","151","7","12",12A,51336.8450921835,82723383.8750192,"27760010",,,,,31.9394985141449,
"270910005",Cedar Twp,"0005",Cedar Twp,"005","10378",Martin,"46","091","1","21",21B,38472.0776430949,92643334.3295411,"27460005",,,,,35.7695913846358,
"271270015",Charlestown Twp,"0015",Charlestown Twp,"015","10936",Redwood,"64","127","7","15",15B,46659.0622509329,87744886.478524,"27640015",,,,,33.8783006693581,
"271290035",Brookfield Twp,"0035",Brookfield Twp,"035","07912",Renville,"65","129","7","16",16A,38752.8541815756,93558232.639135,"27650035",,,,,36.12283362197,
"270210060",Bull Moose Twp,"0060",Bull Moose Twp,"060","08560",Cass,"11","021","8","5",5A,38516.2029145254,92861235.8137414,"27110060",,,,,35.8537231476855,
"271530040",Burnhamville Twp,"0040",Burnhamville Twp,"040","08722",Todd,"77","153","7","5",5B,45111.9917063449,90547361.1050022,"27770040",,,,,34.9603361226414,
"270850010",Bergen Twp,"0010",Bergen Twp,"010","05338",McLeod,"43","085","7","17",17B,52081.4677725311,90813829.0111419,"27430010",,,,,35.0632193812019,
"270610050",Bigfork Twp,"0050",Bigfork Twp,"035","05716",Itasca,"31","061","8","3",3A,60454.2533972844,124130774.180712,"27310050",,,,,47.9268919111729,
"270150125",Prairieville Twp P-1,"0125",Prairieville Twp,"090","52342",Brown,"8","015","1","15",15B,41997.5902659936,49294979.4805566,"27080125",,,,,19.0327915774429,
"270374110",Ravenna Twp,"4110",Ravenna Twp,"135","53260",Dakota,"19","037","2","58",58B,36361.9008079843,56529665.7874137,"27194110",201,Matt Little,17.91,"[{""name"": ""Abdi Abdulle"", ""votes"": 3, ""votes_pct"": 1.49, ""party"": ""DFL""}, {""name"": ""Matthew D. Klein"", ""votes"": 68, ""votes_pct"": 33.83, ""party"": ""DFL""}, {""name"": ""Hugh McTavish"", ""votes"": 6, ""votes_pct"": 2.99, ""party"": ""DFL""}, {""name"": ""Matt Little"", ""votes"": 104, ""votes_pct"": 51.74, ""party"": ""DFL""}, {""name"": ""Kaela Berg"", ""votes"": 19, ""votes_pct"": 9.45, ""party"": ""DFL""}, {""name"": ""Christopher Mosel"", ""votes"": 1, ""votes_pct"": 0.50, ""party"": ""DFL""}]",21.8261039605204,9.20915617205771
"270610372",Wildwood Twp,"0372",Wildwood Twp,"252","70306",Itasca,"31","061","8","6",6A,37082.8606498553,85722296.2763584,"27310372",,,,,33.097378592302,
"271110395",Scambler Twp,"0395",Scambler Twp,"355","58864",Otter Tail,"56","111","7","9",9A,38806.075828726,94122582.5479048,"27560395",,,,,36.340729121746,
"270430130",Rome Twp,"0130",Rome Twp,"085","55348",Faribault,"22","043","1","23",23A,40230.992818006,92602517.3580562,"27220130",,,,,35.7538319519455,
"270430105",Lura Twp,"0105",Lura Twp,"065","38528",Faribault,"22","043","1","23",23A,38696.3841195036,91182563.1342795,"27220105",,,,,35.2055876261453,
"271370775",Lavell Twp,"0775",Lavell Twp,"270","35774",St. Louis,"69","137","8","7",7A,77689.5149659983,280397409.236823,"27690775",,,,,108.261439706337,
"270970115",Leigh Twp,"0115",Leigh Twp,"115","36350",Morrison,"49","097","7","10",10A,44519.7717711008,93358725.7904285,"27490115",,,,,36.0458040276845,
"270230045",Leenthrop Twp,"0045",Leenthrop Twp,"045","36278",Chippewa,"12","023","7","16",16A,38488.1408627065,92558639.8649902,"27120045",,,,,35.7368908518727,
"271530115",Little Elk Twp,"0115",Little Elk Twp,"115","37538",Todd,"77","153","7","5",5B,38525.2728804861,92718496.5328763,"27770115",,,,,35.7986115113435,
"271150070",Danforth Twp,"0070",Danforth Twp,"065","14680",Pine,"58","115","8","11",11B,38809.2063521461,93825461.2977072,"27580070",,,,,36.2260106070448,
"270290140",Long Lost Lake Twp,"0140",Long Lost Lake Twp,"140","38042",Clearwater,"15","029","8","2",2B,38591.6366483952,93035791.1659911,"27150140",,,,,35.9211189691892,
"271670030",Breckenridge P-1,"0030",Breckenridge,"030","07462",Wilkin,"84","167","7","9",9A,9671.11462195461,1810484.58604471,"27840030",,,,,0.699028098671863,
"270350055",Breezy Point City,"0055",Breezy Point,"017","07516",Crow Wing,"18","035","8","6",6B,41076.0756311591,33231280.9774439,"27180055",,,,,12.8305975853911,
"270430030",Bricelyn,"0030",Bricelyn,"018","07678",Faribault,"22","043","1","23",23A,3840.76688561826,765279.448256609,"27220030",,,,,0.295474394971877,
"271150035",Brook Park,"0035",Brook Park,"034","07984",Pine,"58","115","8","11",11B,6419.20835821921,2571808.60139065,"27580035",,,,,0.992975300996928,
"271210022",Brooten,"0022",Brooten,"022","08092",Pope,"61","121","7","12",12A,1452.42529974975,54804.4232478406,"27610022",,,,,0.0211599878159913,
"271350190",Strathcona,"0190",Strathcona,"190","63130",Roseau,"68","135","7","1",1A,4825.43671061659,1287231.49180512,"27680190",,,,,0.497000078985956,
"270150050",Home Twp,"0050",Home Twp,"050","29960",Brown,"8","015","1","15",15B,79791.3255351138,135603361.004773,"27080050",,,,,52.356457683943,
"270350160",Irondale Twp,"0160",Irondale Twp,"110","31202",Crow Wing,"18","035","8","6",6A,57728.968563323,79538644.7659234,"27180160",,,,,30.709870744123,
"270890075",East Valley Twp,"0075",East Valley Twp,"075","17864",Marshall,"45","089","7","1",1A,43081.6195226048,90315320.464216,"27450075",,,,,34.8707452312338,
"271010020",Cameron Twp,"0020",Cameron Twp,"020","09460",Murray,"51","101","7","21",21A,38686.8701029028,93540408.0303118,"27510020",,,,,36.1159515405034,
"270130015",Butternut Valley Twp,"0015",Butternut Valley Twp,"015","09046",Blue Earth,"7","013","1","15",15B,38640.6109607596,93284227.424704,"27070015",,,,,36.0170402086782,
"271610015",Byron Twp,"0015",Byron Twp,"015","09172",Waseca,"81","161","1","23",23A,38673.347529815,93482882.6066192,"27810015",,,,,36.0937409744157,
"270450040",Carimona Twp,"0040",Carimona Twp,"040","09910",Fillmore,"23","045","1","26",26B,39067.0722867579,92213905.6589296,"27230040",,,,,35.6037889749127,
"271370095",Cherry Twp,"0095",Cherry Twp,"090","11134",St. Louis,"69","137","8","7",7B,37308.5033238382,86838734.0793145,"27690095",,,,,33.5284352280233,
"270550005",Black Hammer Twp,"0005",Black Hammer Twp,"005","06292",Houston,"28","055","1","26",26B,38488.533700092,92366599.4262564,"27280005",,,,,35.6627440384776,
"271110025",Blowers Twp,"0025",Blowers Twp,"025","06652",Otter Tail,"56","111","7","9",9B,38463.258705219,92184797.0716889,"27560025",,,,,35.5925501493791,
"270730020",Baxter Twp,"0020",Baxter Twp,"020","04060",Lac qui Parle,"37","073","7","15",15A,38605.7116103073,93113027.4863728,"27370020",,,,,35.9509399124885,
"271010010",Belfast Twp,"0010",Belfast Twp,"010","04708",Murray,"51","101","7","21",21A,38607.7975750865,93089337.958502,"27510010",,,,,35.9417933857776,
"270830005",Amiret Twp,"0005",Amiret Twp,"005","01432",Lyon,"42","083","7","15",15A,38771.2562626921,94026589.9424656,"27420005",,,,,36.303666376786,
"271450230",Richmond,"0230",Richmond,"205","54268",Stearns,"73","145","7","13",13A,16895.1359355582,3148596.52982371,"27730230",,,,,1.21567312016494,
"270890295",Whiteford Twp,"0295",Whiteford Twp,"290","70096",Marshall,"45","089","7","1",1A,38907.071249347,94437826.951855,"27450295",,,,,36.4624449861112,
"270130260",Vernon Center Twp,"0260",Vernon Center Twp,"176","66928",Blue Earth,"7","013","1","22",22A,43252.5847159143,92079019.8998393,"27070260",,,,,35.5517095833279,
"270210185",Moose Lake Twp,"0185",Moose Lake Twp,"180","43990",Cass,"11","021","8","5",5A,40122.8829991341,100658203.108083,"27110185",,,,,38.8641322200309,
"271430015",Arlington Twp,"0015",Arlington Twp,"015","02170",Sibley,"72","143","7","17",17B,49813.2908632229,89469927.3765097,"27720015",,,,,34.5443389600704,
"270990085",Clayton Twp,"0085",Clayton Twp,"035","11728",Mower,"50","099","1","23",23B,38632.4939968888,93506168.8691272,"27500085",,,,,36.10273180037,
"271150050",Bruno Twp,"0050",Bruno Twp,"045","08308",Pine,"58","115","8","11",11A,41862.5757786597,90758718.8518638,"27580050",,,,,35.0419413487046,
"270910150",Ormsby,"0150",Ormsby,"095","48562",Martin,"46","091","1","21",21B,2885.69219443597,259037.358448606,"27460150",,,,,0.100014324097007,
"271070090",Lee Twp,"0090",Lee Twp,"085","36188",Norman,"54","107","7","1",1B,60857.9369268309,103143785.591049,"27540090",,,,,39.8238156167039,
"271390100",Sand Creek Twp,"0100",Sand Creek Twp,"080","58324",Scott,"70","139","2","54",54B,49485.1734081593,83917293.1054637,"27700100",79,Matthew D. Klein,15.19,"[{""name"": ""Abdi Abdulle"", ""votes"": 2, ""votes_pct"": 2.53, ""party"": ""DFL""}, {""name"": ""Matthew D. Klein"", ""votes"": 36, ""votes_pct"": 45.57, ""party"": ""DFL""}, {""name"": ""Hugh McTavish"", ""votes"": 3, ""votes_pct"": 3.80, ""party"": ""DFL""}, {""name"": ""Matt Little"", ""votes"": 24, ""votes_pct"": 30.38, ""party"": ""DFL""}, {""name"": ""Kaela Berg"", ""votes"": 12, ""votes_pct"": 15.19, ""party"": ""DFL""}, {""name"": ""Christopher Mosel"", ""votes"": 2, ""votes_pct"": 2.53, ""party"": ""DFL""}]",32.4004668680195,2.43823647115332
"270890030",Big Woods Twp,"0030",Big Woods Twp,"030","05842",Marshall,"45","089","7","1",1A,47908.358695308,80142188.0103883,"27450030",,,,,30.9428987908109,
"270210035",Birch Lake Twp,"0035",Birch Lake Twp,"035","06040",Cass,"11","021","8","5",5A,50546.1815579863,90579987.0144147,"27110035",,,,,34.9729329862655,
"271450190",Munson Twp,"0190",Munson Twp,"165","44800",Stearns,"73","145","7","13",13A,53134.7178985656,97414087.6381303,"27730190",,,,,37.6115792370821,
"271370840",Ness Twp,"0840",Ness Twp,"330","45232",St. Louis,"69","137","8","7",7B,38372.0813494909,91272990.1417325,"27690840",,,,,35.2405014937229,
"270830035",Eidsvold Twp,"0035",Eidsvold Twp,"035","18332",Lyon,"42","083","7","15",15A,50149.236030262,87238362.0965127,"27420035",,,,,33.6827316054636,
"271570020",Elgin Twp,"0020",Elgin Twp,"015","18548",Wabasha,"79","157","1","20",20B,56882.52656462,89244865.1196378,"27790020",,,,,34.4574424226922,
"270570045",Guthrie Twp,"0045",Guthrie Twp,"045","26360",Hubbard,"29","057","8","2",2B,38264.4111682394,91588537.1799721,"27290045",,,,,35.3623342051872,
"270690135",Richardville Twp,"0135",Richardville Twp,"135","54196",Kittson,"35","069","7","1",1A,43526.7240097997,117424141.444252,"27350135",,,,,45.3374610116257,
"271710150",Rockford Twp P-1,"0150",Rockford Twp,"130","55024",Wright,"86","171","6","30",30A,66805.7052130262,90022424.3572709,"27860150",,,,,34.7576580443423,
"270610305",Sago Twp,"0305",Sago Twp,"205","56644",Itasca,"31","061","8","7",7A,37638.3571800103,89087881.8807468,"27310305",,,,,34.3968311941563,
"271030115",Ridgely Twp,"0115",Ridgely Twp,"075","54430",Nicollet,"52","103","1","18",18A,50337.7104688201,48187220.9365601,"27520115",,,,,18.6050860036059,
"270970205",Ripley Twp,"0205",Ripley Twp,"195","54520",Morrison,"49","097","7","10",10A,47796.2469848098,125200159.428507,"27490205",,,,,48.3397815553467,
"270050200",Spring Creek Twp,"0200",Spring Creek Twp,"175","61762",Becker,"3","005","8","2",2B,39645.0926755132,98020783.8372564,"27030200",,,,,37.8458246395647,
"271710175",Stockholm Twp,"0175",Stockholm Twp,"155","62878",Wright,"86","171","6","17",17A,38447.5282264985,92310079.3040867,"27860175",,,,,35.6409216193079,
"271130105",Silverton Twp,"0105",Silverton Twp,"100","60448",Pennington,"57","113","7","1",1A,33577.2054845929,69131855.8302394,"27570105",,,,,26.6918095360554,
"271130110",Smiley Twp,"0110",Smiley Twp,"105","60898",Pennington,"57","113","7","1",1A,38669.1387867471,93849097.3622938,"27570110",,,,,36.2351364915816,
"270290135",South Clearwater 143-36,"0135",South Clearwater Unorg,"143","61303",Clearwater,"15","029","8","2",2B,38674.8695759744,93163089.2832193,"27150135",,,,,35.970268772251,
"271070135",Spring Creek Twp,"0135",Spring Creek Twp,"130","61780",Norman,"54","107","7","1",1B,38747.6983750383,93704408.2020856,"27540135",,,,,36.1792720068253,
"270050205",Spruce Grove Twp,"0205",Spruce Grove Twp,"180","62212",Becker,"3","005","7","5",5A,39216.5048620098,91814487.5859186,"27030205",,,,,35.4495736569232,
"270470215",Shell Rock Twp,"0215",Shell Rock Twp,"165","59548",Freeborn,"24","047","1","23",23B,42008.6642516299,89804625.6836161,"27240215",,,,,34.6735659764442,
"271430105",Sibley Twp,"0105",Sibley Twp,"105","60124",Sibley,"72","143","7","17",17B,38408.5263933236,92155733.9164054,"27720105",,,,,35.5813288651241,
"271450205",Oak Twp,"0205",Oak Twp,"180","47644",Stearns,"73","145","7","12",12A,53159.6715360149,88696245.3564613,"27730205",,,,,34.2456203321297,
"270350230",Oak Lawn Twp,"0230",Oak Lawn Twp,"165","47824",Crow Wing,"18","035","8","6",6A,62214.3984947037,95272474.0133288,"27180230",,,,,36.7847022165462,
"270150070",Milford Twp,"0070",Milford Twp,"070","42182",Brown,"8","015","1","15",15B,67304.4297773223,100071487.282296,"27080070",,,,,38.6376012396943,
"271450170",Melrose,"0170",Melrose,"150","41570",Stearns,"73","145","7","12",12B,21384.3061518087,8526918.90853957,"27730170",,,,,3.29224339058713,
"270373440",Mendota Heights P-4,"3440",Mendota Heights,"105","41696",Dakota,"19","037","2","52",52B,21014.8489467821,13916064.1639153,"27193440",568,Matthew D. Klein,19.72,"[{""name"": ""Abdi Abdulle"", ""votes"": 11, ""votes_pct"": 1.94, ""party"": ""DFL""}, {""name"": ""Matthew D. Klein"", ""votes"": 287, ""votes_pct"": 50.53, ""party"": ""DFL""}, {""name"": ""Hugh McTavish"", ""votes"": 6, ""votes_pct"": 1.06, ""party"": ""DFL""}, {""name"": ""Matt Little"", ""votes"": 175, ""votes_pct"": 30.81, ""party"": ""DFL""}, {""name"": ""Kaela Berg"", ""votes"": 87, ""votes_pct"": 15.32, ""party"": ""DFL""}, {""name"": ""Christopher Mosel"", ""votes"": 2, ""votes_pct"": 0.35, ""party"": ""DFL""}]",5.37299237368768,105.713904002838
"271370820",Mountain Iron P-1,"0820",Mountain Iron,"325","44548",St. Louis,"69","137","8","7",7B,58542.6704747096,111775767.645023,"27690820",,,,,43.1566238877433,
"270330075",Mountain Lake,"0075",Mountain Lake,"074","44566",Cottonwood,"17","033","7","21",21A,16064.0938304332,4417328.5116134,"27170075",,,,,1.70553053833393,
"270990130",Le Roy Twp,"0130",Le Roy Twp,"075","36638",Mower,"50","099","1","26",26B,48212.8326234336,91566772.592616,"27500130",,,,,35.353930898009,
"270130075",Lime Twp,"0075",Lime Twp,"075","37052",Blue Earth,"7","013","1","18",18A,57292.448342005,42903738.0292383,"27070075",,,,,16.5651332530889,
"271730085",Lisbon Twp,"0085",Lisbon Twp,"060","37394",Yellow Medicine,"87","173","7","15",15A,38506.6174831683,92641241.2944067,"27870085",,,,,35.7687832637704,
"270250070",Rush City,"0070",Rush City,"065","56266",Chisago,"13","025","8","11",11B,28410.2137984211,11172121.4369599,"27130070",,,,,4.31355608681023,
"271430045",Gibbon,"0045",Gibbon,"045","23678",Sibley,"72","143","7","17",17B,8343.40106685737,2072770.8330698,"27720045",,,,,0.800296818648249,
"271370799",Meadowlands,"0799",Meadowlands,"293","41372",St. Louis,"69","137","8","7",7B,4589.55657248707,981909.169490448,"27690799",,,,,0.379115130340262,
"271590050",Nimrod,"0050",Nimrod,"050","46294",Wadena,"80","159","7","5",5A,6423.88360658692,2575413.17530886,"27800050",,,,,0.994367026986752,
"270090055",Minden Twp P-1,"0055",Minden Twp,"050","42434",Benton,"5","009","6","14",14B,77214.1431712818,87417991.0805095,"27050055",,,,,33.7520863561847,
"270490180",Vasa Twp,"0180",Vasa Twp,"125","66640",Goodhue,"25","049","1","20",20A,46346.5557157459,106256345.564608,"27250180",,,,,41.025575022495,
"271090065",Marion Twp P-1,"0065",Marion Twp,"065","40616",Olmsted,"55","109","1","20",20B,49885.921937079,75174814.0212836,"27550065",,,,,29.0249956936176,
"271330090",Martin Twp,"0090",Martin Twp,"075","40796",Rock,"67","133","1","21",21A,54277.5796944457,124347562.395734,"27670090",,,,,48.0105938409928,
"270430075",Emerald Twp,"0075",Emerald Twp,"045","19268",Faribault,"22","043","1","23",23A,39439.3049350701,92921182.2850983,"27220075",,,,,35.8768684802764,
"271350165",Skagen Twp,"0165",Skagen Twp,"165","60610",Roseau,"68","135","7","1",1A,45469.2627369371,90951740.813662,"27680165",,,,,35.1164671281549,
"270850005",Acoma Twp,"0005",Acoma Twp,"005","00136",McLeod,"43","085","7","17",17A,39846.1158250073,90108379.5780998,"27430005",,,,,34.7908453551044,
"270890005",Agder Twp,"0005",Agder Twp,"005","00388",Marshall,"45","089","7","1",1A,43421.1942590197,114618857.090935,"27450005",,,,,44.25434072281,
"270350165",Riverton City,"0165",Riverton,"112","54736",Crow Wing,"18","035","8","6",6A,6762.57495523915,2367838.41885349,"27180165",,,,,0.914222413519333,
"271650070",Odin,"0070",Odin,"064","48094",Watonwan,"83","165","1","21",21B,4471.43061909975,957861.750234589,"27830070",,,,,0.369830421765575,
"270373510",Miesville,"3510",Miesville,"110","42092",Dakota,"19","037","2","20",20A,9245.11568020841,4515470.15894084,"27193510",14,Matt Little,85.71,"[{""name"": ""Abdi Abdulle"", ""votes"": 0, ""votes_pct"": 0.00, ""party"": ""DFL""}, {""name"": ""Matthew D. Klein"", ""votes"": 1, ""votes_pct"": 7.14, ""party"": ""DFL""}, {""name"": ""Hugh McTavish"", ""votes"": 0, ""votes_pct"": 0.00, ""party"": ""DFL""}, {""name"": ""Matt Little"", ""votes"": 13, ""votes_pct"": 92.86, ""party"": ""DFL""}, {""name"": ""Kaela Berg"", ""votes"": 0, ""votes_pct"": 0.00, ""party"": ""DFL""}, {""name"": ""Christopher Mosel"", ""votes"": 0, ""votes_pct"": 0.00, ""party"": ""DFL""}]",1.74342302836706,8.03017957902782
"270710100",Mizpah City,"0100",Mizpah,"025","43540",Koochiching,"36","071","8","3",3A,12917.3037047235,7820477.67438987,"27360100",,,,,3.01948643008193,
"270250065",North Branch P-B,"0065",North Branch,"060","46798",Chisago,"13","025","8","28",28B,22900.1664583519,31948620.0237116,"27130065",,,,,12.3353621911551,
"270610247",Marble,"0247",Marble,"164","40418",Itasca,"31","061","8","7",7A,17860.6074559421,11493663.929706,"27310247",,,,,4.43770364325948,
"271570080",Mazeppa City,"0080",Mazeppa,"069","41282",Wabasha,"79","157","1","20",20B,7942.16848475176,2797570.86544808,"27790080",,,,,1.0801421111495,
"270130240",Skyline,"0240",Skyline,"155","60754",Blue Earth,"7","013","1","18",18B,4087.85951241044,496370.852361717,"27070240",,,,,0.191648786096859,
"271590085",Staples,"0085",Staples,"082","62446",Wadena,"80","159","7","5",5B,14368.8285528929,6493623.02768032,"27800085",,,,,2.50718785098737,
"271690125",Stockton,"0125",Stockton,"115","62896",Winona,"85","169","1","26",26A,12531.2737024112,4363065.04960752,"27850125",,,,,1.68457941565346,
"271430055",Green Isle,"0055",Green Isle,"054","25658",Sibley,"72","143","7","17",17B,11448.1297853466,2633634.16692425,"27720055",,,,,1.01684615184945,
"270010120",McGregor,"0120",McGregor,"114","39014",Aitkin,"1","001","8","7",7A,13483.7107101412,5834145.39896249,"27010120",,,,,2.25256353853942,
"271450434",Spring Hill,"0434",Spring Hill,"273","61888",Stearns,"73","145","7","12",12A,7608.18001927648,1867275.67242192,"27730434",,,,,0.720955137122104,
"270374510",Sunfish Lake,"4510",Sunfish Lake,"160","63544",Dakota,"19","037","2","53",53A,8082.34022768779,4372547.34125026,"27194510",72,Matthew D. Klein,36.11,"[{""name"": ""Abdi Abdulle"", ""votes"": 0, ""votes_pct"": 0.00, ""party"": ""DFL""}, {""name"": ""Matthew D. Klein"", ""votes"": 44, ""votes_pct"": 61.11, ""party"": ""DFL""}, {""name"": ""Hugh McTavish"", ""votes"": 0, ""votes_pct"": 0.00, ""party"": ""DFL""}, {""name"": ""Matt Little"", ""votes"": 18, ""votes_pct"": 25.00, ""party"": ""DFL""}, {""name"": ""Kaela Berg"", ""votes"": 9, ""votes_pct"": 12.50, ""party"": ""DFL""}, {""name"": ""Christopher Mosel"", ""votes"": 1, ""votes_pct"": 1.39, ""party"": ""DFL""}]",1.68824052845673,42.6479513945904
"270470120",Geneva,"0120",Geneva,"069","23354",Freeborn,"24","047","1","23",23A,6103.08608687688,1221904.6255249,"27240120",,,,,0.471777375915164,
"270990110",Grand Meadow City,"0110",Grand Meadow,"059","25010",Mower,"50","099","1","23",23B,7421.78875800135,1768178.93304055,"27500110",,,,,0.682693886046955,
"271610050",New Richland City,"0050",New Richland,"039","45862",Waseca,"81","161","1","23",23A,6874.95122782538,1482333.26398305,"27810050",,,,,0.572328873223856,
"270550100",Sheldon Twp,"0100",Sheldon Twp,"080","59494",Houston,"28","055","1","26",26B,35231.7472107067,77074827.2473023,"27280100",,,,,29.7585908001834,
"270050100",Frazee,"0100",Frazee,"070","22472",Becker,"3","005","7","5",5A,10704.0188793132,2831029.26257773,"27030100",,,,,1.09306039828126,
"271010060",Fulda,"0060",Fulda,"060","22958",Murray,"51","101","7","21",21A,9402.69499408647,2826266.56249028,"27510060",,,,,1.0912215197775,
"271190245",Grove Park-Tilden Twp,"0245",Grove Park-Tilden Twp,"155","26190",Polk,"60","119","7","1",1B,68308.6121023625,181439415.233129,"27600245",,,,,70.0537582215113,
"270130212",Minnesota Lake,"0212",Minnesota Lake,"125","43198",Blue Earth,"7","013","1","22",22A,3528.10250094946,197781.197302931,"27070212",,,,,0.0763633202786618,
"270630050",Heron Lake Twp,"0050",Heron Lake Twp,"045","28718",Jackson,"32","063","1","21",21B,54552.0371110844,113015693.629268,"27320050",,,,,43.6353593102603,
"270210120",Hiram Twp,"0120",Hiram Twp,"120","29366",Cass,"11","021","8","5",5A,38465.6819162208,92248376.336522,"27110120",,,,,35.6170981035311,
"271450135",Lake George Twp,"0135",Lake George Twp,"120","34406",Stearns,"73","145","7","12",12A,41854.7285150036,91614896.8653419,"27730135",,,,,35.3725116797085,
"271370565",Gnesen Twp,"0565",Gnesen Twp,"210","24218",St. Louis,"69","137","8","3",3B,57796.0944757044,186213811.763005,"27690565",,,,,71.8971527216964,
"270290030",Dudley Twp,"0030",Dudley Twp,"030","16462",Clearwater,"15","029","8","2",2B,42433.7921636206,80568098.3786018,"27150030",,,,,31.1073427839782,
"271530060",Eagle Valley Twp,"0060",Eagle Valley Twp,"060","17450",Todd,"77","153","7","5",5B,46322.7495176525,91075801.5286648,"27770060",,,,,35.1643669702175,
"270830060",Grandview Twp,"0060",Grandview Twp,"060","25154",Lyon,"42","083","7","15",15A,43628.3429943167,91113132.3409142,"27420060",,,,,35.178780396827,
"270910025",East Chain Twp,"0025",East Chain Twp,"025","17522",Martin,"46","091","1","22",22A,38631.5580986057,93335653.1835413,"27460025",,,,,36.0368956941653,
"270670035",East Lake Lillian Twp,"0035",East Lake Lillian Twp,"035","17702",Kandiyohi,"34","067","7","16",16A,39850.0356686989,92853170.6194808,"27340035",,,,,35.8506091761815,
"271170020",Eden Twp,"0020",Eden Twp,"020","18062",Pipestone,"59","117","7","21",21A,51447.6401978754,111359883.747852,"27590020",,,,,42.9960511150457,
"271110145",Elizabeth Twp,"0145",Elizabeth Twp,"135","18584",Otter Tail,"56","111","7","9",9A,43391.5163190571,92067906.6634071,"27560145",,,,,35.5474187627415,
"271430060",Green Isle Twp,"0060",Green Isle Twp,"055","25676",Sibley,"72","143","7","17",17B,41515.5666791156,92800303.3859095,"27720060",,,,,35.8301971372997,
"270372310",Greenvale Twp,"2310",Greenvale Twp,"045","25802",Dakota,"19","037","2","58",58B,40848.0114407816,73624998.0161304,"27192310",101,Matt Little,24.75,"[{""name"": ""Abdi Abdulle"", ""votes"": 2, ""votes_pct"": 1.98, ""party"": ""DFL""}, {""name"": ""Matthew D. Klein"", ""votes"": 28, ""votes_pct"": 27.72, ""party"": ""DFL""}, {""name"": ""Hugh McTavish"", ""votes"": 1, ""votes_pct"": 0.99, ""party"": ""DFL""}, {""name"": ""Matt Little"", ""votes"": 53, ""votes_pct"": 52.48, ""party"": ""DFL""}, {""name"": ""Kaela Berg"", ""votes"": 16, ""votes_pct"": 15.84, ""party"": ""DFL""}, {""name"": ""Christopher Mosel"", ""votes"": 1, ""votes_pct"": 0.99, ""party"": ""DFL""}]",28.426611734028,3.55300874212519
"270930085",Grove City,"0085",Grove City,"085","26126",Meeker,"47","093","7","16",16A,8875.15282761694,1543918.58792444,"27470085",,,,,0.596106966797626,
"271250015",Emardville Twp,"0015",Emardville Twp,"015","19196",Red Lake,"63","125","7","1",1B,57368.9888821249,118700556.80629,"27630015",,,,,45.8302849829085,
"271290065",Emmet Twp,"0065",Emmet Twp,"065","19322",Renville,"65","129","7","16",16A,49370.0078369904,89770229.1524798,"27650065",,,,,34.6602854757724,
"270410065",Evansville Twp,"0065",Evansville Twp,"040","19916",Douglas,"21","041","7","9",9B,46508.5479764334,91288832.2692555,"27210065",,,,,35.2466181391595,
"271610005",Alton Twp,"0005",Alton Twp,"005","01198",Waseca,"81","161","1","19",19A,38688.9437844366,93664087.4287166,"27810005",,,,,36.1637041562275,
"271190010",Angus Twp,"0010",Angus Twp,"010","01648",Polk,"60","119","7","1",1B,38680.0112875656,93462036.4233899,"27600010",,,,,36.0856922630708,
"271710145",Rockford,"0145",Rockford,"129","55006",Wright,"86","171","6","29",29A,25349.5249547165,5833012.18686131,"27860145",,,,,2.25212600534715,
"271370575",Great Scott Twp,"0575",Great Scott Twp,"220","25550",St. Louis,"69","137","8","7",7B,87481.2518080744,156202301.700462,"27690575",,,,,60.3097086865483,
"271450411",Saint Wendel Twp P-2,"0411",St. Wendel Twp,"260","58198",Stearns,"73","145","7","13",13B,35145.6000348657,68210286.8399289,"27730411",,,,,26.3359917488965,
"271690095",Richmond Twp,"0095",Richmond Twp,"085","54286",Winona,"85","169","1","26",26A,31006.9253803255,48364761.895891,"27850095",,,,,18.6736345680035,
"270670100",Lake Lillian Twp,"0100",Lake Lillian Twp,"095","34694",Kandiyohi,"34","067","7","16",16A,39884.3030866593,93858179.7476082,"27340100",,,,,36.2386432005515,
"270990080",Brownsdale City,"0080",Brownsdale,"030","08164",Mower,"50","099","1","23",23B,8766.99999927851,1106307.39654381,"27500080",,,,,0.427145285805566,
"270790005",Cleveland,"0005",Cleveland,"004","11872",Le Sueur,"40","079","2","22",22B,6251.03884899034,1464491.3924434,"27400005",40,Matthew D. Klein,15,"[{""name"": ""Abdi Abdulle"", ""votes"": 3, ""votes_pct"": 7.50, ""party"": ""DFL""}, {""name"": ""Matthew D. Klein"", ""votes"": 17, ""votes_pct"": 42.50, ""party"": ""DFL""}, {""name"": ""Hugh McTavish"", ""votes"": 2, ""votes_pct"": 5.00, ""party"": ""DFL""}, {""name"": ""Matt Little"", ""votes"": 11, ""votes_pct"": 27.50, ""party"": ""DFL""}, {""name"": ""Kaela Berg"", ""votes"": 7, ""votes_pct"": 17.50, ""party"": ""DFL""}, {""name"": ""Christopher Mosel"", ""votes"": 0, ""votes_pct"": 0.00, ""party"": ""DFL""}]",0.565440126622396,70.7413537113758
"270030605",Centerville P-1,"0605",Centerville,"030","10648",Anoka,"2","003","6","36",36A,12826.7027516292,6284650.36623098,"27020605",,,,,2.42650350640178,
"270730015",Augusta Twp,"0015",Augusta Twp,"015","02800",Lac qui Parle,"37","073","7","15",15A,40067.2247264082,74362728.2227676,"27370015",,,,,28.7114493668106,
"270110025",Big Stone Twp,"0025",Big Stone Twp,"025","05788",Big Stone,"6","011","7","12",12A,37924.2605743998,89297342.6349618,"27060025",,,,,34.4777039913588,
"270730040",Cerro Gordo Twp,"0040",Cerro Gordo Twp,"040","10774",Lac qui Parle,"37","073","7","15",15A,38705.1490458641,93334090.2261662,"27370040",,,,,36.0362922363228,
"270010030",Clark Twp,"0030",Clark Twp,"030","11620",Aitkin,"1","001","8","7",7A,51486.8074825495,83497479.8352221,"27010030",,,,,32.2383769643792,
"271530120",Little Sauk Twp,"0120",Little Sauk Twp,"120","37718",Todd,"77","153","7","5",5B,38468.6435181475,92635340.9575465,"27770120",,,,,35.7665051437087,
"270610280",Nashwauk,"0280",Nashwauk,"185","44980",Itasca,"31","061","8","7",7A,44469.4401885122,41011906.8125923,"27310280",,,,,15.8346972203419,
"270350220",Nisswa City,"0220",Nisswa,"155","46348",Crow Wing,"18","035","8","6",6B,29258.2912556262,47488112.0181201,"27180220",,,,,18.3351600501962,
"271430090",New Auburn City,"0090",New Auburn,"089","45376",Sibley,"72","143","7","17",17B,7680.74425982011,1769702.1561015,"27720090",,,,,0.68328200247079,
"271190410",Sletten Twp,"0410",Sletten Twp,"320","60880",Polk,"60","119","7","1",1B,38712.1924087145,93451334.9214236,"27600410",,,,,36.0815604131617,
"271530180",Villard Twp,"0180",Villard Twp,"175","67162",Todd,"77","153","7","5",5B,41741.8575008067,81771743.8026715,"27770180",,,,,31.5720702822115,
"270210105",Federal Dam,"0105",Federal Dam,"105","20798",Cass,"11","021","8","2",2B,22151.0082863248,4953653.80906442,"27110105",,,,,1.91260573567977,
"270610151",Grand Rapids P-3,"0151",Grand Rapids,"110","25118",Itasca,"31","061","8","6",6A,18053.985790057,17856891.8889751,"27310151",,,,,6.89454595833328,
"270830115",Marshall W-3,"0115",Marshall,"095","40688",Lyon,"42","083","7","15",15A,34794.1547793542,14511700.028585,"27420115",,,,,5.60296738103668,
"270190095",Mayer,"0095",Mayer,"075","41138",Carver,"10","019","6","48",48A,13973.6891260059,3638694.1367422,"27100095",,,,,1.40489980619616,
"270270030",Comstock City,"0030",Comstock,"020","12862",Clay,"14","027","7","4",4B,3746.17997211173,555931.751419189,"27140030",,,,,0.214645249222949,
"270390005",Ashland Twp,"0005",Ashland Twp,"005","02512",Dodge,"20","039","1","24",24A,43586.6637443725,96376594.1949823,"27200005",,,,,37.2110030186827,
"270610025",Balsam Twp,"0025",Balsam Twp,"020","03430",Itasca,"31","061","8","7",7A,64104.5927874613,215631000.610944,"27310025",,,,,83.2551293358854,
"270890045",Cedar Twp,"0045",Cedar Twp,"045","10360",Marshall,"45","089","7","1",1A,38791.2894385968,93899042.6960883,"27450045",,,,,36.2544203849597,
"270830020",Coon Creek Twp,"0020",Coon Creek Twp,"020","13078",Lyon,"42","083","7","15",15A,38827.4273572986,94355609.9861773,"27420020",,,,,36.4307010156631,
"271470050",Medford,"0050",Medford,"049","41426",Steele,"74","147","1","19",19B,21363.9871068088,3050357.96810854,"27740050",,,,,1.17774321148671,
"270410105",Lake Mary Twp,"0105",Lake Mary Twp,"085","34730",Douglas,"21","041","7","12",12B,51612.6779895851,88001822.7552697,"27210105",,,,,33.9775037658096,
"271450110",Grove Twp,"0110",Grove Twp,"095","26090",Stearns,"73","145","7","12",12B,54725.4368465003,87817169.4721566,"27730110",,,,,33.9062091331997,
"270970065",Elmdale Twp,"0065",Elmdale Twp,"060","18890",Morrison,"49","097","7","10",10B,68255.0449981698,102692147.75626,"27490065",,,,,39.6494382486918,
"271370445",Elmer Twp,"0445",Elmer Twp,"140","18944",St. Louis,"69","137","8","7",7B,42838.7228094923,105327844.735036,"27690445",,,,,40.6670808521975,
"270690050",Hallock Twp,"0050",Hallock Twp,"045","26594",Kittson,"35","069","7","1",1A,49732.1822910075,87600184.6140739,"27350050",,,,,33.8224312794939,
"270190080",Hancock Twp,"0080",Hancock Twp,"060","26918",Carver,"10","019","6","17",17B,28806.9389793062,46227401.6320648,"27100080",,,,,17.8483997701402,
"271190195",Fertile,"0195",Fertile,"115","20978",Polk,"60","119","7","1",1B,18991.2446521559,5368043.17393269,"27600195",,,,,2.07260146945541,
"271370040",Balkan Twp,"0040",Balkan Twp,"045","03322",St. Louis,"69","137","8","7",7B,71234.4649799087,170727323.959157,"27690040",,,,,65.9178197806304,
"271330005",Battle Plain Twp,"0005",Battle Plain Twp,"005","03988",Rock,"67","133","1","21",21A,39659.7070830905,94055346.0542038,"27670005",,,,,36.3147691115281,
"270990075",Bennington Twp,"0075",Bennington Twp,"025","05176",Mower,"50","099","1","26",26B,38636.4150220686,93268103.0942114,"27500075",,,,,36.010814604675,
"271430020",Bismarck Twp,"0020",Bismarck Twp,"020","06130",Sibley,"72","143","7","17",17A,38674.5021297541,93357381.6901039,"27720020",,,,,36.0452850705491,
"271370065",Breitung Twp,"0065",Breitung Twp,"065","07534",St. Louis,"69","137","8","3",3A,50509.9101523667,102119067.777342,"27690065",,,,,39.4281720688317,
"271110055",Carlisle Twp,"0055",Carlisle Twp,"050","09946",Otter Tail,"56","111","7","9",9A,39034.9289658901,92532255.4687387,"27560055",,,,,35.72670383648,
"270210070",Byron Twp,"0070",Byron Twp,"070","09136",Cass,"11","021","8","5",5B,38500.2036931917,92715256.3878819,"27110070",,,,,35.7973604913612,
"270330015",Ann Twp,"0015",Ann Twp,"015","01666",Cottonwood,"17","033","7","21",21A,38737.1948201144,93656975.3012394,"27170015",,,,,36.1609581638085,
"270570015",Arago Twp,"0015",Arago Twp,"015","01918",Hubbard,"29","057","8","5",5A,38625.7243488728,92298789.1362265,"27290015",,,,,35.6365624854971,
"271290005",Bandon Twp,"0005",Bandon Twp,"005","03484",Renville,"65","129","7","16",16A,38920.4670379131,94635924.6475112,"27650005",,,,,36.5389305064041,
"270070005",Alaska Twp,"0005",Alaska Twp,"005","00586",Beltrami,"4","007","8","2",2A,48358.1327689209,92310178.6859859,"27040005",,,,,35.6409599906591,
"270890010",Alma Twp,"0010",Alma Twp,"010","01072",Marshall,"45","089","7","1",1A,38892.098853003,94436527.4459931,"27450010",,,,,36.4619432468979,
"270830055",Ghent,"0055",Ghent,"055","23660",Lyon,"42","083","7","15",15A,5237.33626025742,829960.025947463,"27420055",,,,,0.320447566018316,
"270670110",New London,"0110",New London,"109","45682",Kandiyohi,"34","067","7","16",16B,22390.1255834791,3530983.34102574,"27340110",,,,,1.36331266797004,
"271370965",Unorg Prct 8,"0965",Sand Lake Unorg,"393","58369",St. Louis,"69","137","8","7",7B,38884.1720367922,96572391.6893476,"27690965",,,,,37.2866004312571,
"271590080",Shell River Twp,"0080",Shell River Twp,"080","59530",Wadena,"80","159","7","5",5A,38732.5252109774,93523549.0675101,"27800080",,,,,36.1094422949657,
"270330100",Southbrook Twp,"0100",Southbrook Twp,"095","61294",Cottonwood,"17","033","7","21",21A,38842.7752216469,94006895.83283,"27170100",,,,,36.2960624810557,
"270010180",Spalding Twp,"0180",Spalding Twp,"175","61546",Aitkin,"1","001","8","10",10A,39298.7783352169,96009674.3712419,"27010180",,,,,37.0693352747365,
"270150160",Stately Twp,"0160",Stately Twp,"115","62590",Brown,"8","015","7","15",15B,38658.5002939679,93504678.4723245,"27080160",,,,,36.1021563581645,
"271270145",Sheridan Twp,"0145",Sheridan Twp,"135","59656",Redwood,"64","127","7","15",15B,44578.4975916719,88249400.9074529,"27640145",,,,,34.0730936903676,
"270170140",Silver Brook Twp,"0140",Silver Brook Twp,"100","60268",Carlton,"9","017","8","11",11A,40950.6130403584,50216826.4127099,"27090140",,,,,19.3887166779473,
"271510130",Six Mile Grove Twp,"0130",Six Mile Grove Twp,"120","60592",Swift,"76","151","7","12",12A,41066.4119152508,93121662.5980547,"27760130",,,,,35.9542739291089,
"271090090",Pleasant Grove Twp,"0090",Pleasant Grove Twp,"085","51550",Olmsted,"55","109","1","20",20B,38483.2044359121,92585915.1391703,"27550090",,,,,35.7474218352337,
"270010155",Pliny Twp,"0155",Pliny Twp,"150","51694",Aitkin,"1","001","8","10",10A,38941.7241009309,94429510.0805655,"27010155",,,,,36.4592338421063,
"271350140",Poplar Grove Twp,"0140",Poplar Grove Twp,"140","51982",Roseau,"68","135","7","1",1A,38493.4815206461,92713107.3156532,"27680140",,,,,35.7965307345737,
"271370505",Fairbanks Twp,"0505",Fairbanks Twp,"160","20186",St. Louis,"69","137","8","3",3B,57953.3010259955,186607791.979212,"27690505",,,,,72.0492684831738,
"270250035",Fish Lake Twp,"0035",Fish Lake Twp,"030","21194",Chisago,"13","025","8","28",28A,37876.5305624087,89944357.5055088,"27130035",,,,,34.7275164328769,
"271170035",Fountain Prairie Twp,"0035",Fountain Prairie Twp,"035","22130",Pipestone,"59","117","7","21",21A,39198.6707813107,96061905.2172706,"27590035",,,,,37.0895016043882,
"270650045",Hay Brook Twp,"0045",Hay Brook Twp,"040","27782",Kanabec,"33","065","8","10",10A,38805.3173820058,94043124.2378355,"27330045",,,,,36.3100502682283,
"271510075",Hayes Twp,"0075",Hayes Twp,"070","27854",Swift,"76","151","7","12",12A,38569.1936398032,92893170.9840349,"27760075",,,,,35.8660533169359,
"270570055",Helga Twp,"0055",Helga Twp,"055","28340",Hubbard,"29","057","8","2",2B,38577.2193938238,92606793.7089225,"27290055",,,,,35.755483051015,
"271570045",Highland Twp,"0045",Highland Twp,"045","28952",Wabasha,"79","157","1","20",20B,38481.1872158954,92638485.4333054,"27790045",,,,,35.7677192257992,
"270350120",Fairfield Twp,"0120",Fairfield Twp,"070","20240",Crow Wing,"18","035","8","6",6A,38477.2203636987,92780459.1808086,"27180120",,,,,35.8225352897102,
"270490045",Featherstone Twp,"0045",Featherstone Twp,"050","20780",Goodhue,"25","049","1","20",20A,38614.4699855836,92720648.9950079,"27250045",,,,,35.7994425769725,
"270450150",Preston Twp,"0150",Preston Twp,"135","52468",Fillmore,"23","045","1","26",26B,40332.1792862316,89478030.8769712,"27230150",,,,,34.5474677215986,
"271370943",Unorg Prct 3,"0943",Whiteface Reservoir Unorg,"451","70069",St. Louis,"69","137","8","3",3B,103102.591949615,404229934.792474,"27690943",,,,,156.073177823374,
"270010095",Lee Twp,"0095",Lee Twp,"095","36152",Aitkin,"1","001","8","10",10A,38447.7615731395,92512404.5677193,"27010095",,,,,35.7190394035964,
"271190325",Liberty Twp,"0325",Liberty Twp,"235","36962",Polk,"60","119","7","1",1B,38640.8607706592,93447878.0625964,"27600325",,,,,36.0802257199685,
"271010105",Lowville Twp,"0105",Lowville Twp,"105","38402",Murray,"51","101","7","21",21A,38591.6415284936,93077545.4748029,"27510105",,,,,35.9372403078214,
"270830075",Lucas Twp,"0075",Lucas Twp,"075","38438",Lyon,"42","083","7","15",15A,53708.1655380883,90676059.1022277,"27420075",,,,,35.0100264193701,
"271590065",Red Eye Twp,"0065",Red Eye Twp,"065","53422",Wadena,"80","159","7","5",5A,41640.3994409946,90932559.0189028,"27800065",,,,,35.1090610371984,
"270690060",Hampden Twp,"0060",Hampden Twp,"060","26846",Kittson,"35","069","7","1",1A,38601.6903074047,93135346.0383561,"27350060",,,,,35.9595571054093,
"270210210",Pine River Twp,"0210",Pine River Twp,"200","51298",Cass,"11","021","8","5",5A,39438.9141502558,93174280.6843107,"27110210",,,,,35.9745897722124,
"271570130",Plainview Twp,"0130",Plainview Twp,"110","51442",Wabasha,"79","157","1","20",20B,51989.5963807807,86315656.6344627,"27790130",,,,,33.3264750265661,
"270210215",Ponto Lake Twp,"0215",Ponto Lake Twp,"210","51928",Cass,"11","021","8","6",6A,38795.8396728582,94001607.0817721,"27110215",,,,,36.2940204942722,
"270890090",Excel Twp,"0090",Excel Twp,"090","20060",Marshall,"45","089","7","1",1A,44734.343837719,121256509.007374,"27450090",,,,,46.817138127747,
"270010040",Farm Island Twp,"0040",Farm Island Twp,"040","20654",Aitkin,"1","001","8","10",10A,38518.4322850779,92470559.2058417,"27010040",,,,,35.7028829093755,
"271310145",Wells Twp,"0145",Wells Twp,"095","69124",Rice,"66","131","1","19",19A,54532.3236825104,76110346.4031239,"27660145",,,,,29.3862047462462,
"270890230",Strandquist,"0230",Strandquist,"230","63112",Marshall,"45","089","7","1",1A,3270.13643781489,667595.194598023,"27450230",,,,,0.257758504634297,
"270670165",Sunburg,"0165",Sunburg,"165","63454",Kandiyohi,"34","067","7","16",16B,4830.32180953559,1298776.54799061,"27340165",,,,,0.501457625179173,
"270010190",Tamarack,"0190",Tamarack,"185","64156",Aitkin,"1","001","8","7",7A,12871.2580605697,9060413.91825881,"27010190",,,,,3.49822581383973,
"270990200",Taopi City,"0200",Taopi,"150","64210",Mower,"50","099","1","23",23B,4873.27778435759,1003423.85290873,"27500200",,,,,0.387421949608061,
"270130050",Good Thunder,"0050",Good Thunder,"050","24506",Blue Earth,"7","013","1","22",22A,5672.62427170886,1601100.15582372,"27070050",,,,,0.618184770163538,
"270970075",Genola,"0075",Genola,"075","23444",Morrison,"49","097","7","10",10B,6747.41645162272,806076.825109385,"27490075",,,,,0.311226262174734,
"271590045",Menahga,"0045",Menahga,"045","41660",Wadena,"80","159","7","5",5A,12801.965866558,10132058.1108662,"27800045",,,,,3.91198763660544,
"270950070",Milaca,"0070",Milaca,"069","42110",Mille Lacs,"48","095","8","10",10B,25732.8618327815,9243846.84739063,"27480070",,,,,3.56904926777752,
"271370133",Crane Lake Twp,"0133",Crane Lake Twp,"118","13656",St. Louis,"69","137","8","3",3A,67964.9593610462,215744616.06993,"27690133",,,,,83.2989962646,
"271670113",Nashua,"0113",Nashua,"092","44944",Wilkin,"84","167","7","9",9A,12876.8026921553,9092311.34031438,"27840113",,,,,3.51054140849538,
"270890175",Newfolden,"0175",Newfolden,"174","45520",Marshall,"45","089","7","1",1A,6490.84582537811,2632932.95775975,"27450175",,,,,1.01657541499104,
"271030060",Nicollet City,"0060",Nicollet,"054","46150",Nicollet,"52","103","1","18",18A,9812.14234651294,2325497.1737597,"27520060",,,,,0.897874458788618,
"270650080",Ogilvie,"0080",Ogilvie,"070","48166",Kanabec,"33","065","8","10",10B,9798.22588838823,2689564.82612644,"27330080",,,,,1.03844097936742,
"271270075",Milroy,"0075",Milroy,"075","42362",Redwood,"64","127","7","15",15B,3401.15520743761,675125.425090018,"27640075",,,,,0.260665926627256,
"270550025",Caledonia P-2,"0025",Caledonia,"014","09226",Houston,"28","055","1","26",26B,8733.8796483086,3674277.15561108,"27280025",,,,,1.41863840978144,
"271490015",Chokio,"0015",Chokio,"015","11440",Stevens,"75","149","7","12",12A,4756.77889057392,1139547.83627941,"27750015",,,,,0.43997941958748,
"271730020",Clarkfield,"0020",Clarkfield,"012","11656",Yellow Medicine,"87","173","7","15",15A,9671.44730804158,2878718.9036849,"27870020",,,,,1.11147336871274,
"270150020",Cobden,"0020",Cobden,"020","12394",Brown,"8","015","7","15",15B,6400.63217559098,2560208.64544627,"27080020",,,,,0.988496558006804,
"270930025",Cosmos,"0025",Cosmos,"024","13420",Meeker,"47","093","7","16",16A,8557.07422573292,2584708.38386508,"27470025",,,,,0.997955907010306,
"271210030",Cyrus,"0030",Cyrus,"030","14446",Pope,"61","121","7","12",12A,3497.87675483187,694962.636908797,"27610030",,,,,0.268325074110487,
"270230010",Clara City,"0010",Clara City,"010","11548",Chippewa,"12","023","7","16",16A,13147.456506138,4809393.31732729,"27120010",,,,,1.85690675982007,
"271510045",Clontarf Twp,"0045",Clontarf Twp,"035","12142",Swift,"76","151","7","12",12A,49793.0456778836,87773097.041836,"27760045",,,,,33.8891927678529,
"270890055",Comstock Twp,"0055",Comstock Twp,"055","12880",Marshall,"45","089","7","1",1A,43571.3193089453,117167346.228522,"27450055",,,,,45.2383123788325,
"270430140",Verona Twp,"0140",Verona Twp,"095","66946",Faribault,"22","043","1","22",22A,45672.548858987,91723020.4076095,"27220140",,,,,35.414258179378,
"271350020",Beaver Twp,"0020",Beaver Twp,"020","04420",Roseau,"68","135","7","1",1A,38355.655018616,92265514.4812024,"27680020",,,,,35.6237151411923,
"270170025",Beseman Twp,"0025",Beseman Twp,"025","05518",Carlton,"9","017","8","11",11A,38537.7520745246,93222429.1572053,"27090025",,,,,35.993179897597,
"270610055",Blackberry Twp,"0055",Blackberry Twp,"045","06220",Itasca,"31","061","8","7",7A,38658.3745036709,93534065.3399022,"27310055",,,,,36.1135026277362,
"271190030",Brandsvold Twp,"0030",Brandsvold Twp,"030","07390",Polk,"60","119","7","1",1B,47139.5729641563,90723193.2540503,"27600030",,,,,35.0282249153888,
"271190440",Vineland Twp,"0440",Vineland Twp,"350","67198",Polk,"60","119","7","1",1B,56797.5729642019,119291698.466268,"27600440",,,,,46.0585247778261,
"271370020",Angora Twp,"0020",Angora Twp,"020","01612",St. Louis,"69","137","8","7",7B,38945.8781479846,94366270.4264088,"27690020",,,,,36.4348170116364,
"270210065",Bungo Twp,"0065",Bungo Twp,"065","08596",Cass,"11","021","8","5",5A,38485.639866257,92501502.8173113,"27110065",,,,,35.7148302377639,
"271730005",Burton Twp,"0005",Burton Twp,"005","08884",Yellow Medicine,"87","173","7","15",15A,39526.7377254493,93326513.9909616,"27870005",,,,,36.0333670519103,
"271350010",Barnett Twp,"0010",Barnett Twp,"010","03610",Roseau,"68","135","7","1",1A,39055.9409537844,95838061.9108555,"27680010",,,,,37.0030757037813,
"270350010",Bay Lake Twp,"0010",Bay Lake Twp,"010","04096",Crow Wing,"18","035","8","6",6A,38774.322501385,93790685.4316055,"27180010",,,,,36.2125836451429,
"270230005",Big Bend Twp,"0005",Big Bend Twp,"005","05608",Chippewa,"12","023","7","16",16A,38517.6060655234,92745493.3094571,"27120005",,,,,35.8090349667814,
"270690015",Caribou Twp,"0015",Caribou Twp,"015","09874",Kittson,"35","069","7","1",1A,43203.2243680347,114960424.76203,"27350015",,,,,44.3862200006197,
"271510035",Cashel Twp,"0035",Cashel Twp,"030","10216",Swift,"76","151","7","12",12A,38582.0312263525,92928467.2345243,"27760035",,,,,35.8796811992498,
"271510030",Camp Lake Twp,"0030",Camp Lake Twp,"025","09532",Swift,"76","151","7","12",12A,38459.0689619958,92468971.708052,"27760030",,,,,35.7022699764789,
"270730035",Camp Release Twp,"0035",Camp Release Twp,"035","09550",Lac qui Parle,"37","073","7","15",15A,51863.5221015017,76081436.6417267,"27370035",,,,,29.3750426873707,
"271470035",Ellendale,"0035",Ellendale,"035","18746",Steele,"74","147","1","23",23A,9341.35738769189,2011436.61516597,"27740035",,,,,0.776615677115581,
"270970015",Bellevue Twp,"0015",Bellevue Twp,"015","04942",Morrison,"49","097","7","10",10B,52322.1850577175,118540627.926796,"27490015",,,,,45.7685364425361,
"270210030",Beulah Twp,"0030",Beulah Twp,"030","05572",Cass,"11","021","8","6",6A,38593.6060559102,93044805.6126203,"27110030",,,,,35.9245994470327,
"270950020",Bradbury Twp,"0020",Bradbury Twp,"020","07210",Mille Lacs,"48","095","8","10",10A,39446.1284227141,94634157.7769569,"27480020",,,,,36.5382483176831,
"270110010",Almond Twp,"0010",Almond Twp,"010","01126",Big Stone,"6","011","7","12",12A,46497.9462142864,90203226.0290657,"27060010",,,,,34.8274655698223,
"271150010",Arna Twp,"0010",Arna Twp,"010","02224",Pine,"58","115","8","11",11B,39266.93568361,97780708.9142333,"27580010",,,,,37.7531317117855,
"270890025",Augsburg Twp,"0025",Augsburg Twp,"025","02764",Marshall,"45","089","7","1",1A,38750.5263481556,93840774.3756921,"27450025",,,,,36.2319229864547,
"270170030",Blackhoof Twp,"0030",Blackhoof Twp,"030","06328",Carlton,"9","017","8","11",11A,38884.5795280923,94359493.6443159,"27090030",,,,,36.4322004960704,
"271050020",Bloom Twp,"0020",Bloom Twp,"020","06508",Nobles,"53","105","1","21",21B,38529.142163447,92986227.2478044,"27530020",,,,,35.9019823403773,
"270210045",Boy Lake Twp,"0045",Boy Lake Twp,"045","07156",Cass,"11","021","8","2",2B,39308.4374848209,94389657.3425849,"27110045",,,,,36.443846699972,
"270110030",Browns Valley Twp,"0030",Browns Valley Twp,"030","08182",Big Stone,"6","011","7","12",12A,53591.2140392972,125619906.732761,"27060030",,,,,48.5018459895192,
"270730085",Lake Shore Twp,"0085",Lake Shore Twp,"075","34946",Lac qui Parle,"37","073","7","15",15A,56015.6313889434,139736704.300285,"27370085",,,,,53.9523415303401,
"271370790",Linden Grove Twp,"0790",Linden Grove Twp,"280","37250",St. Louis,"69","137","8","3",3A,38608.8805156051,91616722.3475775,"27690790",,,,,35.3732164983997,
"270610135",Gran Prec,"0135",Gran Unorg,"157","37691",Itasca,"31","061","8","7",7A,38424.9010655446,92650405.1642988,"27310135",,,,,35.7723214339358,
"271250087",Red Lake Falls Twp P-SW,"0087",Red Lake Falls Twp,"070","53494",Red Lake,"63","125","7","1",1B,27212.6221137115,29918711.019816,"27630087",,,,,11.551614324751,
"271730065",Hammer Twp,"0065",Hammer Twp,"045","26792",Yellow Medicine,"87","173","7","15",15A,44770.0273468007,92289764.8916459,"27870065",,,,,35.6330782246645,
"270050165",Riceville Twp,"0165",Riceville Twp,"140","54142",Becker,"3","005","8","2",2B,39505.200467977,97633992.3160697,"27030165",,,,,37.6964844332345,
"270790110",Ottawa Twp,"0110",Ottawa Twp,"095","49174",Le Sueur,"40","079","2","22",22B,44470.5805531226,39346808.1534273,"27400110",32,Matt Little,12.5,"[{""name"": ""Abdi Abdulle"", ""votes"": 0, ""votes_pct"": 0.00, ""party"": ""DFL""}, {""name"": ""Matthew D. Klein"", ""votes"": 10, ""votes_pct"": 31.25, ""party"": ""DFL""}, {""name"": ""Hugh McTavish"", ""votes"": 0, ""votes_pct"": 0.00, ""party"": ""DFL""}, {""name"": ""Matt Little"", ""votes"": 14, ""votes_pct"": 43.75, ""party"": ""DFL""}, {""name"": ""Kaela Berg"", ""votes"": 7, ""votes_pct"": 21.88, ""party"": ""DFL""}, {""name"": ""Christopher Mosel"", ""votes"": 1, ""votes_pct"": 3.13, ""party"": ""DFL""}]",15.1918026280383,2.10639914060891
"271270105",Paxton Twp,"0105",Paxton Twp,"105","49894",Redwood,"64","127","7","15",15B,81942.7049014631,103714081.755922,"27640105",,,,,40.0440069659615,
"270590020",Cambridge P-1,"0020",Cambridge,"019","09370",Isanti,"30","059","8","28",28A,52050.1110213634,12662499.7559991,"27300020",,,,,4.88899115579125,
"271410121",Big Lake Twp P-3,"0121",Big Lake Twp,"020","05770",Sherburne,"71","141","6","27",27A,50428.5718964129,31931601.7064223,"27710121",,,,,12.3287914188497,
"271190105",Crookston Twp,"0105",Crookston Twp,"070","13888",Polk,"60","119","7","1",1B,54816.2420003683,96744648.620178,"27600105",,,,,37.3531088322507,
"271150065",Crosby Twp,"0065",Crosby Twp,"060","13942",Pine,"58","115","8","11",11B,61874.520086455,114588153.931385,"27580065",,,,,44.2424862329076,
"270350080",Crow Wing Twp,"0080",Crow Wing Twp,"035","14122",Crow Wing,"18","035","8","6",6B,41921.8942861117,76843525.6390249,"27180080",,,,,29.6692852492275,
"271190060",Columbia Twp,"0060",Columbia Twp,"060","12682",Polk,"60","119","7","1",1B,43097.0307742851,92718281.6198654,"27600060",,,,,35.79852853343,
"271450060",Crow Lake Twp,"0060",Crow Lake Twp,"050","14032",Stearns,"73","145","7","12",12A,41802.8401073379,90748020.8811233,"27730060",,,,,35.0378108622017,
"270970055",Darling Twp,"0055",Darling Twp,"055","14806",Morrison,"49","097","7","10",10A,43438.4216150241,88772562.3667186,"27490055",,,,,34.27508632979,
"271330025",Denver Twp,"0025",Denver Twp,"025","15742",Rock,"67","133","1","21",21A,46700.4961715352,88670939.8526564,"27670025",,,,,34.2358498771106,
"270690115",Norway Twp,"0115",Norway Twp,"115","47410",Kittson,"35","069","7","1",1A,46791.0618351543,91203061.0207801,"27350115",,,,,35.2135018601232,
"270430115",Minnesota Lake Twp,"0115",Minnesota Lake Twp,"070","43216",Faribault,"22","043","1","23",23A,41934.3139249124,87896621.2571712,"27220115",,,,,33.9368854673938,
"271650075",Odin Twp,"0075",Odin Twp,"065","48112",Watonwan,"83","165","1","21",21B,40117.9132868943,91949786.2736007,"27830075",,,,,35.5018124802372,
"271350110",Moose Twp,"0110",Moose Twp,"110","43900",Roseau,"68","135","7","1",1A,38964.3198839098,94603330.5707428,"27680110",,,,,36.5263459333638,
"270890160",Moose River Twp,"0160",Moose River Twp,"160","44026",Marshall,"45","089","7","1",1A,38556.7117448778,92538575.2992683,"27450160",,,,,35.7291439230475,
"271370810",Morcom Twp,"0810",Morcom Twp,"315","44098",St. Louis,"69","137","8","7",7B,38827.6705662386,92732070.9669989,"27690810",,,,,35.8038526003583,
"270490030",Cannon Falls Twp,"0030",Cannon Falls Twp,"030","09748",Goodhue,"25","049","1","20",20A,58600.74189728,86395546.2127542,"27250030",,,,,33.3573203927444,
"270290100",Pine Lake Twp,"0100",Pine Lake Twp,"100","51190",Clearwater,"15","029","8","2",2A,47622.8680369153,88710744.8167024,"27150100",,,,,34.2512185737288,
"271370080",Buhl,"0080",Buhl,"075","08524",St. Louis,"69","137","8","7",7B,15970.291512574,9113044.17964963,"27690080",,,,,3.51854635776272,
"270030710",Circle Pines P-2,"0710",Circle Pines,"035","11494",Anoka,"2","003","6","36",36A,9470.50295319657,3682480.91571059,"27020710",,,,,1.42180588155586,
"271110060",Clitherall,"0060",Clitherall,"054","12088",Otter Tail,"56","111","7","9",9B,3962.14133935956,545080.893760076,"27560060",,,,,0.210455733080765,
"270371510",Coates,"1510",Coates,"015","12376",Dakota,"19","037","2","58",58B,9882.53908655271,3908253.88066265,"27191510",10,Matthew D. Klein,10,"[{""name"": ""Abdi Abdulle"", ""votes"": 0, ""votes_pct"": 0.00, ""party"": ""DFL""}, {""name"": ""Matthew D. Klein"", ""votes"": 5, ""votes_pct"": 50.00, ""party"": ""DFL""}, {""name"": ""Hugh McTavish"", ""votes"": 0, ""votes_pct"": 0.00, ""party"": ""DFL""}, {""name"": ""Matt Little"", ""votes"": 1, ""votes_pct"": 10.00, ""party"": ""DFL""}, {""name"": ""Kaela Berg"", ""votes"": 4, ""votes_pct"": 40.00, ""party"": ""DFL""}, {""name"": ""Christopher Mosel"", ""votes"": 0, ""votes_pct"": 0.00, ""party"": ""DFL""}]",1.50897682332385,6.62700701921506
"270610076",Carpenter Twp,"0076",Carpenter Twp,"060","10072",Itasca,"31","061","8","3",3A,76515.688566764,274330834.608431,"27310076",,,,,105.919135242315,
"271370085",Canosia Twp,"0085",Canosia Twp,"080","09784",St. Louis,"69","137","8","3",3B,43977.5708698062,90724611.5795627,"27690085",,,,,35.0287725308691,
"270050035",Carsonville Twp,"0035",Carsonville Twp,"035","10126",Becker,"3","005","7","5",5A,38501.7579506148,92485081.2648619,"27030035",,,,,35.7084898763632,
"271370090",Cedar Valley Twp,"0090",Cedar Valley Twp,"085","10540",St. Louis,"69","137","8","7",7A,58152.8698196937,179564593.173364,"27690090",,,,,69.3298894242359,
"270570022",Clay Twp,"0022",Clay Twp,"022","11682",Hubbard,"29","057","8","5",5A,38664.182895421,93531330.6204059,"27290022",,,,,36.1124467525387,
"271310005",Bridgewater Twp,"0005",Bridgewater Twp,"005","07714",Rice,"66","131","2","58",58A,59600.0574299391,92782363.3762346,"27660005",286,Matt Little,18.53,"[{""name"": ""Abdi Abdulle"", ""votes"": 2, ""votes_pct"": 0.70, ""party"": ""DFL""}, {""name"": ""Matthew D. Klein"", ""votes"": 96, ""votes_pct"": 33.57, ""party"": ""DFL""}, {""name"": ""Hugh McTavish"", ""votes"": 2, ""votes_pct"": 0.70, ""party"": ""DFL""}, {""name"": ""Matt Little"", ""votes"": 149, ""votes_pct"": 52.10, ""party"": ""DFL""}, {""name"": ""Kaela Berg"", ""votes"": 37, ""votes_pct"": 12.94, ""party"": ""DFL""}, {""name"": ""Christopher Mosel"", ""votes"": 0, ""votes_pct"": 0.00, ""party"": ""DFL""}]",35.8232704995642,7.98363733996535
"271450035",Brockway Twp,"0035",Brockway Twp,"030","07840",Stearns,"73","145","7","13",13B,71223.9759373066,125333218.458584,"27730035",,,,,48.3911556468591,
"271130010",Bray Twp,"0010",Bray Twp,"010","07444",Pennington,"57","113","7","1",1A,38681.9049077458,93538772.496447,"27570010",,,,,36.1153200608782,
"271070020",Bear Park Twp,"0020",Bear Park Twp,"015","04222",Norman,"54","107","7","1",1B,38717.3056001249,93955718.856179,"27540020",,,,,36.2763030503707,
"271330015",Beaver Creek Twp,"0015",Beaver Creek Twp,"010","04510",Rock,"67","133","1","21",21A,50280.885996045,124921111.646967,"27670015",,,,,48.2320412068941,
"270490015",Belvidere Twp,"0015",Belvidere Twp,"015","05032",Goodhue,"25","049","1","20",20A,40143.8733321303,92144122.3187666,"27250015",,,,,35.5768456272758,
"271190005",Andover Twp,"0005",Andover Twp,"005","01504",Polk,"60","119","7","1",1B,40321.6618919952,91751606.6298885,"27600005",,,,,35.4252953198,
"270390010",Canisteo Twp,"0010",Canisteo Twp,"010","09640",Dodge,"20","039","1","24",24A,41784.6561595261,92367867.9978663,"27200010",,,,,35.6632338339762,
"270710121",Ranier West Precinct,"0121",Ranier,"040","53134",Koochiching,"36","071","8","3",3A,9117.80076770335,2147456.96000709,"27360121",,,,,0.829133132258737,
"271250070",Red Lake Falls W-2,"0070",Red Lake Falls,"065","53476",Red Lake,"63","125","7","1",1B,7695.71034349825,2465476.46966495,"27630070",,,,,0.951920464937637,
"270490115",Red Wing W-1 P-2,"0115",Red Wing,"110","53620",Goodhue,"25","049","1","20",20A,47014.3094689762,53261050.9802212,"27250115",,,,,20.5640917834634,
"271370030",Ault Twp,"0030",Ault Twp,"030","02818",St. Louis,"69","137","8","3",3B,58119.2665403383,186169270.158252,"27690030",,,,,71.879955208101,
"271530190",West Union Twp,"0190",West Union Twp,"185","69754",Todd,"77","153","7","5",5B,41667.7270058344,76579137.705354,"27770190",,,,,29.5672050680372,
"270210315",Wilson Twp,"0315",Wilson Twp,"310","70654",Cass,"11","021","8","5",5A,30151.4217542553,46161003.2313292,"27110315",,,,,17.8227633476162,
"271090530",Viola Twp,"0530",Viola Twp,"120","67270",Olmsted,"55","109","1","20",20B,38449.5476753746,92374450.1048273,"27550530",,,,,35.6657751854738,
"271270210",Waterbury Twp,"0210",Waterbury Twp,"200","68494",Redwood,"64","127","7","15",15B,38735.3549553954,93720379.0203137,"27640210",,,,,36.1854383397431,
"270310040",Gunflint Trail P-8,"0040",West Cook Unorg,"020","69307",Cook,"16","031","8","3",3A,263754.11613255,1593239009.50435,"27160040",,,,,615.149581569628,
"270670170",Whitefield Twp,"0170",Whitefield Twp,"170","70078",Kandiyohi,"34","067","7","16",16B,38765.2569523565,93977795.7599246,"27340170",,,,,36.2848269429069,
"270670235",Willmar Twp,"0235",Willmar Twp,"180","70438",Kandiyohi,"34","067","7","16",16B,86290.6407518846,57507365.135246,"27340235",,,,,22.2035936787185,
"270430145",Walnut Lake Twp,"0145",Walnut Lake Twp,"100","67864",Faribault,"22","043","1","23",23A,38611.2018818025,93061748.7496063,"27220145",,,,,35.931141192223,
"270490195",Wanamingo Twp,"0195",Wanamingo Twp,"135","67990",Goodhue,"25","049","1","19",19A,41358.3241511971,97375803.972586,"27250195",,,,,37.5967979138155,
"270010210",Waukenabo Twp,"0210",Waukenabo Twp,"205","68692",Aitkin,"1","001","8","7",7A,38782.8796012928,93512892.7434772,"27010210",,,,,36.1053278882566,
"270690145",Saint Vincent,"0145",St. Vincent,"144","58144",Kittson,"35","069","7","1",1A,7173.77021445134,2813891.02269259,"27350145",,,,,1.08644332386161,
"270950110",Princeton,"0110",Princeton,"109","52522",Mille Lacs,"48","095","8","27",27B,19750.5306160843,9891996.04842446,"27480110",,,,,3.81929967429668,
"270374450",South Saint Paul P-5,"4450",South St. Paul,"155","61492",Dakota,"19","037","2","53",53B,13928.2817510901,4638041.95975525,"27194450",376,Matt Little,10.64,"[{""name"": ""Abdi Abdulle"", ""votes"": 6, ""votes_pct"": 1.60, ""party"": ""DFL""}, {""name"": ""Matthew D. Klein"", ""votes"": 120, ""votes_pct"": 31.91, ""party"": ""DFL""}, {""name"": ""Hugh McTavish"", ""votes"": 7, ""votes_pct"": 1.86, ""party"": ""DFL""}, {""name"": ""Matt Little"", ""votes"": 160, ""votes_pct"": 42.55, ""party"": ""DFL""}, {""name"": ""Kaela Berg"", ""votes"": 80, ""votes_pct"": 21.28, ""party"": ""DFL""}, {""name"": ""Christopher Mosel"", ""votes"": 3, ""votes_pct"": 0.80, ""party"": ""DFL""}]",1.7907480006615,209.968124974092
"270290056",Red Lake Reservation,"0056",North Clearwater Unorg,"142","46830",Clearwater,"15","029","8","2",2A,102633.52460502,495183594.56505,"27150056",,,,,191.190385861566,
"270610070",North Unorganized Prec,"0070",North Unorg,"091","46894",Itasca,"31","061","8","3",3A,208448.851346295,828380370.201671,"27310070",,,,,319.837660934865,
"271370990",Unorg Prct 13,"0990",Northeast St. Louis Unorg,"353","46898",St. Louis,"69","137","8","3",3A,228158.329828954,1751964972.70871,"27690990",,,,,676.433675962834,
"270150120",North Star Twp,"0120",North Star Twp,"085","47248",Brown,"8","015","7","15",15B,45600.6062593084,91691261.1440858,"27080120",,,,,35.4019959277315,
"271550035",Lake Valley Twp,"0035",Lake Valley Twp,"040","35126",Traverse,"78","155","7","9",9A,66122.6052009258,160811636.980385,"27780035",,,,,62.0893730381268,
"271110040",Buse Twp,"0040",Buse Twp,"035","08938",Otter Tail,"56","111","7","9",9A,61405.2571834515,76636164.3049921,"27560040",,,,,29.5892230381574,
"270450035",Canton Twp,"0035",Canton Twp,"030","09820",Fillmore,"23","045","1","26",26B,46572.77892654,90713252.1639821,"27230035",,,,,35.0243866605135,
"270750025",Crystal Bay Twp,"0025",Crystal Bay Twp,"015","14194",Lake,"38","075","8","3",3A,133975.411859757,544318862.772166,"27380025",,,,,210.161512916333,
"271270010",Brookville Twp,"0010",Brookville Twp,"010","08074",Redwood,"64","127","7","15",15B,38560.8187189474,92863166.1472488,"27640010",,,,,35.8544684494528,
"271090035",Eyota,"0035",Eyota,"034","20114",Olmsted,"55","109","1","20",20B,12025.8540369181,4337341.10965146,"27550035",,,,,1.67464740243643,
"271410085",Princeton City P-2,"0085",Princeton,"072","52522",Sherburne,"71","141","6","27",27B,18355.2544122828,3871095.04728858,"27710085",,,,,1.49462979775812,
"271210005",Bangor Twp,"0005",Bangor Twp,"005","03502",Pope,"61","121","7","12",12A,42110.5725941548,91045205.6131145,"27610005",,,,,35.1525538872235,
"270650095",Quamba,"0095",Quamba,"085","52756",Kanabec,"33","065","8","11",11B,6485.55996253735,1806307.06995723,"27330095",,,,,0.697415159710485,
"271110375",Richville,"0375",Richville,"335","54340",Otter Tail,"56","111","7","9",9B,6454.77000903201,2610434.07964792,"27560375",,,,,1.00788859815206,
"271590120",Wadena Twp,"0120",Wadena Twp,"095","67522",Wadena,"80","159","7","5",5B,42522.7304093776,81236066.9650371,"27800120",,,,,31.3652454552008,
"271410080",Palmer Twp,"0080",Palmer Twp,"070","49534",Sherburne,"71","141","6","27",27A,38813.9859720801,94370543.3190807,"27710080",,,,,36.4364667754971,
"270970160",Parker Twp,"0160",Parker Twp,"150","49714",Morrison,"49","097","7","10",10A,39973.4269999884,99298264.4769513,"27490160",,,,,38.3390599145509,
"270270220",Morken Twp,"0220",Morken Twp,"155","44170",Clay,"14","027","7","4",4B,38629.6991375342,93338284.5439502,"27140220",,,,,36.0379116624192,
"270510090",Pelican Lake Twp,"0090",Pelican Lake Twp,"090","50128",Grant,"26","051","7","9",9A,45687.1026363492,91597125.1399104,"27260090",,,,,35.3656500165194,
"270050160",Pine Point Twp,"0160",Pine Point Twp,"135","51244",Becker,"3","005","8","2",2B,38712.8468900058,93346108.3077078,"27030160",,,,,36.040932417606,
"270770055",3-B Williams City,"0055",Williams,"030","70402",Lake of the Woods,"39","077","8","2",2A,6343.35671370715,2527044.08396489,"27390055",,,,,0.975691720818846,
"270490185",Wacouta Twp,"0185",Wacouta Twp,"130","67486",Goodhue,"25","049","1","20",20A,35167.5199066652,25081940.9628483,"27250185",,,,,9.68413740575571,
"270110090",Otrey Twp,"0090",Otrey Twp,"085","49120",Big Stone,"6","011","7","12",12A,39240.4841248265,96410243.7580467,"27060090",,,,,37.2239951149818,
"271370865",Owens Twp,"0865",Owens Twp,"360","49336",St. Louis,"69","137","8","3",3A,42112.6859197403,71737943.4098565,"27690865",,,,,27.6980199505456,
"271530140",Moran Twp,"0140",Moran Twp,"135","44062",Todd,"77","153","7","5",5B,38711.4423545109,93238587.4743558,"27770140",,,,,35.9994186238488,
"271370875",Pequaywan Twp,"0875",Pequaywan Twp,"367","50389",St. Louis,"69","137","8","3",3B,38589.2591758039,93328766.5367817,"27690875",,,,,36.0342367598514,
"270010250",Northwest Aitkin Unorg,"0250",Northwest Aitkin Unorg,"143","47342",Aitkin,"1","001","8","7",7A,205337.790095269,756731641.416648,"27010250",,,,,292.174086750968,
"270410055",Carlos Twp,"0055",Carlos Twp,"030","09982",Douglas,"21","041","7","12",12B,45408.732339233,91633273.511626,"27210055",,,,,35.3796069028388,
"270190105",Norwood Young America,"0105",Norwood Young America,"085","47520",Carver,"10","019","6","17",17B,20076.9361170059,6291532.80692558,"27100105",,,,,2.42916081675397,
"270110065",Moonshine Twp,"0065",Moonshine Twp,"065","43828",Big Stone,"6","011","7","12",12A,44233.191918267,96505445.3970032,"27060065",,,,,37.2607524677829,
"271470065",Merton Twp,"0065",Merton Twp,"065","41840",Steele,"74","147","1","19",19B,38553.8387774232,92939038.535573,"27740065",,,,,35.8837627785847,
"271590060",Orton Twp,"0060",Orton Twp,"060","48688",Wadena,"80","159","7","5",5A,41638.1123952463,89943335.6333051,"27800060",,,,,34.7271218880191,
"271010115",Moulton Twp,"0115",Moulton Twp,"115","44458",Murray,"51","101","7","21",21A,39416.1805872441,90667945.4096819,"27510115",,,,,35.0068937226782,
"270910140",Nashville Twp,"0140",Nashville Twp,"085","44962",Martin,"46","091","1","22",22A,38839.3575808371,94240623.6541879,"27460140",,,,,36.3863047928819,
"271190345",Nesbit Twp,"0345",Nesbit Twp,"255","45214",Polk,"60","119","7","1",1B,38627.2191105295,93177390.7396319,"27600345",,,,,35.9757905645719,
"270890145",Marsh Grove Twp,"0145",Marsh Grove Twp,"145","40778",Marshall,"45","089","7","1",1A,38494.7460833044,93020588.306631,"27450145",,,,,35.9152491451902,
"271570115",Pepin Twp,"0115",Pepin Twp,"105","50362",Wabasha,"79","157","1","20",20A,34417.6472192091,55911700.9921795,"27790115",,,,,21.5875077530805,
"271350135",Polonia Twp,"0135",Polonia Twp,"135","51820",Roseau,"68","135","7","1",1A,38980.7581637706,94974205.5731577,"27680135",,,,,36.6695407717962,
"271250060",Poplar River Twp,"0060",Poplar River Twp,"060","52000",Red Lake,"63","125","7","1",1B,46744.974568919,90608152.142132,"27630060",,,,,34.9838075420772,
"271330115",Vienna Twp,"0115",Vienna Twp,"095","67072",Rock,"67","133","1","21",21A,41850.8990766378,90567441.3732295,"27670115",,,,,34.9680891142039,
"271290175",Wang Twp,"0175",Wang Twp,"175","68026",Renville,"65","129","7","16",16A,38751.9318894628,93736826.617183,"27650175",,,,,36.1917887568944,
"271270215",Westline Twp,"0215",Westline Twp,"205","69538",Redwood,"64","127","7","15",15B,42128.0877038611,93129369.0840399,"27640215",,,,,35.9572494033478,
"271371140",Willow Valley Twp,"1140",Willow Valley Twp,"455","70510",St. Louis,"69","137","8","3",3A,38134.8596262203,90800762.4478557,"27691140",,,,,35.0581743811171,
"270210290",Wabedo Twp,"0290",Wabedo Twp,"285","67414",Cass,"11","021","8","6",6A,38346.5179966748,91436169.3687732,"27110290",,,,,35.3035049932833,
"270910200",Waverly Twp,"0200",Waverly Twp,"140","68746",Martin,"46","091","1","22",22A,39017.2677487942,95246691.1545261,"27460200",,,,,36.7747474547625,
"271730120",Posen Twp,"0120",Posen Twp,"095","52180",Yellow Medicine,"87","173","7","15",15A,38667.7373786916,93448203.7458367,"27870120",,,,,36.0803514662676,
"270550130",Yucatan Twp,"0130",Yucatan Twp,"110","72166",Houston,"28","055","1","26",26B,46466.7245146916,111115316.543373,"27280130",,,,,42.9016237173964,
"271310116",Northfield Twp P-2,"0116",Northfield Twp,"065","46942",Rice,"66","131","2","58",58B,47809.7760063206,76939165.5494892,"27660116",98,Matt Little,15.31,"[{""name"": ""Abdi Abdulle"", ""votes"": 0, ""votes_pct"": 0.00, ""party"": ""DFL""}, {""name"": ""Matthew D. Klein"", ""votes"": 35, ""votes_pct"": 35.71, ""party"": ""DFL""}, {""name"": ""Hugh McTavish"", ""votes"": 1, ""votes_pct"": 1.02, ""party"": ""DFL""}, {""name"": ""Matt Little"", ""votes"": 50, ""votes_pct"": 51.02, ""party"": ""DFL""}, {""name"": ""Kaela Berg"", ""votes"": 12, ""votes_pct"": 12.24, ""party"": ""DFL""}, {""name"": ""Christopher Mosel"", ""votes"": 0, ""votes_pct"": 0.00, ""party"": ""DFL""}]",29.7062118186578,3.29897331232414
"270490215",Zumbrota P-2,"0215",Zumbrota,"160","72328",Goodhue,"25","049","1","20",20B,20098.9168068147,5027561.20317438,"27250215",,,,,1.94114138054563,
"270990090",Dexter City,"0090",Dexter,"039","15886",Mower,"50","099","1","23",23B,11523.7088119144,3423138.45482993,"27500090",,,,,1.32167375740984,
"271670072",Doran City,"0072",Doran,"062","16156",Wilkin,"84","167","7","9",9A,2973.60456176441,539098.620416134,"27840072",,,,,0.208145977342669,
"271270175",Underwood Twp,"0175",Underwood Twp,"165","66190",Redwood,"64","127","7","15",15B,38193.9573837494,91011470.8048587,"27640175",,,,,35.1395288777559,
"271370450",Ely,"0450",Ely,"145","19142",St. Louis,"69","137","8","3",3A,17877.2846599298,7561830.08131626,"27690450",,,,,2.91962259439621,
"270350150",Garrison Twp,"0150",Garrison Twp,"095","23210",Crow Wing,"18","035","8","6",6A,50810.4916879313,92093891.1985755,"27180150",,,,,35.55745139177,
"270270080",Georgetown Twp,"0080",Georgetown Twp,"065","23516",Clay,"14","027","7","4",4B,56410.5870332567,95520642.5621128,"27140080",,,,,36.8805200932317,
"270850050",Glencoe Twp,"0050",Glencoe Twp,"035","23966",McLeod,"43","085","7","17",17A,60504.1330612431,86755658.9854414,"27430050",,,,,33.4963599342789,
"271270030",Delhi Twp,"0030",Delhi Twp,"025","15562",Redwood,"64","127","7","15",15B,50687.6322132099,86052516.100027,"27640030",,,,,33.2248764662204,
"270130020",Cambria Twp,"0020",Cambria Twp,"020","09352",Blue Earth,"7","013","1","15",15B,39188.4930288241,50880542.5575661,"27070020",,,,,19.6449774814763,
"271390030",Credit River P-2,"0030",Credit River,"025","13708",Scott,"70","139","2","57",57A,33802.9846646766,35092803.6134466,"27700030",211,Matt Little,40.76,"[{""name"": ""Abdi Abdulle"", ""votes"": 4, ""votes_pct"": 1.90, ""party"": ""DFL""}, {""name"": ""Matthew D. Klein"", ""votes"": 52, ""votes_pct"": 24.64, ""party"": ""DFL""}, {""name"": ""Hugh McTavish"", ""votes"": 1, ""votes_pct"": 0.47, ""party"": ""DFL""}, {""name"": ""Matt Little"", ""votes"": 138, ""votes_pct"": 65.40, ""party"": ""DFL""}, {""name"": ""Kaela Berg"", ""votes"": 16, ""votes_pct"": 7.58, ""party"": ""DFL""}, {""name"": ""Christopher Mosel"", ""votes"": 0, ""votes_pct"": 0.00, ""party"": ""DFL""}]",13.5493314751517,15.5727240408101
"271450255",Saint Augusta,"0255",St. Augusta,"225","56724",Stearns,"73","145","6","14",14A,36389.9505697609,77216168.9890831,"27730255",,,,,29.813162846685,
"271450250",Saint Anthony,"0250",St. Anthony,"220","56698",Stearns,"73","145","7","13",13A,5732.46141798531,1284352.17999396,"27730250",,,,,0.495888376695669,
"270450160",Rushford Village,"0160",Rushford Village,"150","56302",Fillmore,"23","045","1","26",26B,53866.4700190402,87356795.5703811,"27230160",,,,,33.7284587697241,
"270330070",Midway Twp,"0070",Midway Twp,"070","42002",Cottonwood,"17","033","7","21",21A,49000.1420488712,89069516.3770741,"27170070",,,,,34.3897402731883,
"271110365",Perham Twp,"0365",Perham Twp,"320","50488",Otter Tail,"56","111","7","9",9B,71432.061404493,84148120.5452483,"27560365",,,,,32.4895893425204,
"271710157",Saint Michael City P-3,"0157",St. Michael,"137","57346",Wright,"86","171","6","30",30A,42376.7209581821,51552472.1895342,"27860157",,,,,19.9044095123792,
"270790100",Montgomery Twp,"0100",Montgomery Twp,"085","43756",Le Sueur,"40","079","2","22",22B,55803.5523609517,87928260.8349178,"27400100",36,Matthew D. Klein,5.56,"[{""name"": ""Abdi Abdulle"", ""votes"": 1, ""votes_pct"": 2.78, ""party"": ""DFL""}, {""name"": ""Matthew D. Klein"", ""votes"": 15, ""votes_pct"": 41.67, ""party"": ""DFL""}, {""name"": ""Hugh McTavish"", ""votes"": 2, ""votes_pct"": 5.56, ""party"": ""DFL""}, {""name"": ""Matt Little"", ""votes"": 13, ""votes_pct"": 36.11, ""party"": ""DFL""}, {""name"": ""Kaela Berg"", ""votes"": 5, ""votes_pct"": 13.89, ""party"": ""DFL""}, {""name"": ""Christopher Mosel"", ""votes"": 0, ""votes_pct"": 0.00, ""party"": ""DFL""}]",33.9491015083618,1.06041097998229
"270410100",La Grand Twp,"0100",La Grand Twp,"080","33992",Douglas,"21","041","7","12",12B,63575.6697051286,81521334.302661,"27210100",,,,,31.4753871742574,
"271210110",Reno Twp,"0110",Reno Twp,"105","53854",Pope,"61","121","7","12",12B,39833.9535067793,92476680.0237076,"27610110",,,,,35.7052461571535,
"271070115",Pleasant View Twp,"0115",Pleasant View Twp,"110","51658",Norman,"54","107","7","1",1B,38759.8165276373,93887557.5760371,"27540115",,,,,36.2499859801079,
"271190265",Helgeland Twp,"0265",Helgeland Twp,"175","28358",Polk,"60","119","7","1",1B,33865.4423321328,70168543.1464196,"27600265",,,,,27.0920745088326,
"271570030",Glasgow Twp,"0030",Glasgow Twp,"030","23894",Wabasha,"79","157","1","20",20A,38370.8339209299,92042423.181733,"27790030",,,,,35.5375795904671,
"271290115",Martinsburg Twp,"0115",Martinsburg Twp,"115","40832",Renville,"65","129","7","16",16A,38871.6504697317,94525318.9504026,"27650115",,,,,36.4962256467504,
"270210235",Remer Twp,"0235",Remer Twp,"225","53800",Cass,"11","021","8","6",6A,39353.3805002083,90782666.9253324,"27110235",,,,,35.0511876998708,
"270070205",Roosevelt Twp,"0205",Roosevelt Twp,"170","55402",Beltrami,"4","007","8","2",2A,38690.6517897156,93370538.2542191,"27040205",,,,,36.050364819954,
"270630120",Rost Twp,"0120",Rost Twp,"100","55996",Jackson,"32","063","1","21",21B,38681.883246268,93484650.6375479,"27320120",,,,,36.0944236111572,
"271170050",Hatfield,"0050",Hatfield,"050","27566",Pipestone,"59","117","7","21",21A,13716.9262795782,7188413.34859796,"27590050",,,,,2.77544639389367,
"270810035",Hendricks,"0035",Hendricks,"034","28430",Lincoln,"41","081","7","21",21A,8659.28196683129,2950530.86292785,"27410035",,,,,1.13919996617644,
"270510050",Hoffman,"0050",Hoffman,"050","29474",Grant,"26","051","7","9",9A,11242.9860938822,5351082.19796999,"27260050",,,,,2.06605283663621,
"271150080",Denham,"0080",Denham,"075","15670",Pine,"58","115","8","11",11A,8071.7272242463,3409973.51425644,"27580080",,,,,1.31659077385441,
"271070055",Halstad,"0055",Halstad,"049","26630",Norman,"54","107","7","1",1B,5295.45099435767,938711.097264765,"27540055",,,,,0.362436354653926,
"271330035",Hills,"0035",Hills,"035","29204",Rock,"67","133","1","21",21A,8845.32761289344,1615250.02691474,"27670035",,,,,0.623648035391783,
"271630160",Hugo W-3 P-5,"0160",Hugo,"070","30392",Washington,"82","163","8","33",33A,30695.7879262458,38247917.3405773,"27820160",,,,,14.7675208851969,
"271550027",Dumont,"0027",Dumont,"030","17090",Traverse,"78","155","7","9",9A,4393.47628721,1117083.11122535,"27780027",,,,,0.431305789244107,
"270610110",Effie,"0110",Effie,"090","18260",Itasca,"31","061","8","3",3A,14465.3064323296,9635984.30966509,"27310110",,,,,3.72045354196169,
"271290050",Camp Twp,"0050",Camp Twp,"050","09478",Renville,"65","129","7","16",16A,43135.3171671642,74242278.3163481,"27650050",,,,,28.664943657942,
"270790025",Elysian,"0025",Elysian,"024","19160",Le Sueur,"40","079","2","22",22B,16468.0547947458,3766040.68516694,"27400025",79,Matthew D. Klein,1.27,"[{""name"": ""Abdi Abdulle"", ""votes"": 1, ""votes_pct"": 1.27, ""party"": ""DFL""}, {""name"": ""Matthew D. Klein"", ""votes"": 29, ""votes_pct"": 36.71, ""party"": ""DFL""}, {""name"": ""Hugh McTavish"", ""votes"": 5, ""votes_pct"": 6.33, ""party"": ""DFL""}, {""name"": ""Matt Little"", ""votes"": 28, ""votes_pct"": 35.44, ""party"": ""DFL""}, {""name"": ""Kaela Berg"", ""votes"": 13, ""votes_pct"": 16.46, ""party"": ""DFL""}, {""name"": ""Christopher Mosel"", ""votes"": 3, ""votes_pct"": 3.80, ""party"": ""DFL""}]",1.45406830854296,54.3303224036027
"270470100",Emmons,"0100",Emmons,"050","19340",Freeborn,"24","047","1","23",23A,10564.8839836316,2196361.04886845,"27240100",,,,,0.84801500096811,
"270210020",Becker Twp,"0020",Becker Twp,"020","04600",Cass,"11","021","8","5",5B,47035.0385514627,96179152.5597334,"27110020",,,,,37.1347708033131,
"271390015",Blakeley Twp,"0015",Blakeley Twp,"015","06418",Scott,"70","139","2","22",22B,51881.556232951,69607250.1561218,"27700015",29,Matthew D. Klein,10.34,"[{""name"": ""Abdi Abdulle"", ""votes"": 0, ""votes_pct"": 0.00, ""party"": ""DFL""}, {""name"": ""Matthew D. Klein"", ""votes"": 12, ""votes_pct"": 41.38, ""party"": ""DFL""}, {""name"": ""Hugh McTavish"", ""votes"": 0, ""votes_pct"": 0.00, ""party"": ""DFL""}, {""name"": ""Matt Little"", ""votes"": 9, ""votes_pct"": 31.03, ""party"": ""DFL""}, {""name"": ""Kaela Berg"", ""votes"": 7, ""votes_pct"": 24.14, ""party"": ""DFL""}, {""name"": ""Christopher Mosel"", ""votes"": 1, ""votes_pct"": 3.45, ""party"": ""DFL""}]",26.8753592852786,1.07905534181585
"270910040",Fairmont W-1 P-2,"0040",Fairmont,"035","20330",Martin,"46","091","1","22",22A,14385.0099244845,11076903.9138372,"27460040",,,,,4.27679260113254,
"270970180",Platte Twp,"0180",Platte Twp,"170","51478",Morrison,"49","097","7","10",10A,38569.6462756669,92492035.1553897,"27490180",,,,,35.711174773496,
"271570085",Mazeppa Twp,"0085",Mazeppa Twp,"070","41300",Wabasha,"79","157","1","20",20B,45946.3074051841,57065913.3002255,"27790085",,,,,22.0331491252171,
"270610244",Grave Lake Prec,"0244",Grave Lake Unorg,"118","15277",Itasca,"31","061","8","7",7A,53164.7155352039,145045605.765291,"27310244",,,,,56.0021083859789,
"271630100",Denmark Twp P-1,"0100",Denmark Twp,"040","15688",Washington,"82","163","2","41",41B,41737.2107564323,58862336.2315106,"27820100",169,Matt Little,1.78,"[{""name"": ""Abdi Abdulle"", ""votes"": 5, ""votes_pct"": 2.96, ""party"": ""DFL""}, {""name"": ""Matthew D. Klein"", ""votes"": 63, ""votes_pct"": 37.28, ""party"": ""DFL""}, {""name"": ""Hugh McTavish"", ""votes"": 5, ""votes_pct"": 2.96, ""party"": ""DFL""}, {""name"": ""Matt Little"", ""votes"": 66, ""votes_pct"": 39.05, ""party"": ""DFL""}, {""name"": ""Kaela Berg"", ""votes"": 30, ""votes_pct"": 17.75, ""party"": ""DFL""}, {""name"": ""Christopher Mosel"", ""votes"": 0, ""votes_pct"": 0.00, ""party"": ""DFL""}]",22.7267480189862,7.43617168011962
"270570010",Akeley Twp P-1,"0010",Akeley Twp,"005","00514",Hubbard,"29","057","8","5",5A,35181.014392786,57598832.4371807,"27290010",,,,,22.2389092039955,
"271070075",Hendrum Twp,"0075",Hendrum Twp,"065","28502",Norman,"54","107","7","1",1B,55539.0834965535,109031967.941494,"27540075",,,,,42.097242822211,
"270430025",Blue Earth City Twp,"0025",Blue Earth City Twp,"015","06706",Faribault,"22","043","1","22",22A,57561.6220137356,83587575.9621083,"27220025",,,,,32.27316307897,
"271010015",Bondin Twp,"0015",Bondin Twp,"015","06922",Murray,"51","101","7","21",21A,48160.8318044367,91194312.689807,"27510015",,,,,35.2101241295345,
"271390037",Elko New Market,"0037",Elko New Market,"040","18662",Scott,"70","139","2","57",57A,37252.928383989,10049268.8624026,"27700037",315,Matt Little,29.84,"[{""name"": ""Abdi Abdulle"", ""votes"": 9, ""votes_pct"": 2.86, ""party"": ""DFL""}, {""name"": ""Matthew D. Klein"", ""votes"": 85, ""votes_pct"": 26.98, ""party"": ""DFL""}, {""name"": ""Hugh McTavish"", ""votes"": 8, ""votes_pct"": 2.54, ""party"": ""DFL""}, {""name"": ""Matt Little"", ""votes"": 179, ""votes_pct"": 56.83, ""party"": ""DFL""}, {""name"": ""Kaela Berg"", ""votes"": 32, ""votes_pct"": 10.16, ""party"": ""DFL""}, {""name"": ""Christopher Mosel"", ""votes"": 2, ""votes_pct"": 0.63, ""party"": ""DFL""}]",3.88002270777366,81.1850918730178
"271530188",West Union,"0188",West Union,"184","69736",Todd,"77","153","7","5",5B,6333.13666742961,1133688.17015395,"27770188",,,,,0.437717002496439,
"270170175",Wrenshall,"0175",Wrenshall,"129","71788",Carlton,"9","017","8","11",11A,9608.21389753943,3846639.96896554,"27090175",,,,,1.48518769201759,
"270690130",Poppleton Twp,"0130",Poppleton Twp,"130","52072",Kittson,"35","069","7","1",1A,42456.1642179404,90969695.8380346,"27350130",,,,,35.1233995630652,
"271170120",Troy Twp,"0120",Troy Twp,"100","65614",Pipestone,"59","117","7","21",21A,42845.8791194486,113083779.544495,"27590120",,,,,43.6616472821294,
"270450030",Canton,"0030",Canton,"029","09802",Fillmore,"23","045","1","26",26B,7920.70432633091,2641154.66448021,"27230030",,,,,1.01974981595581,
"271150060",Clover Twp,"0060",Clover Twp,"055","12268",Pine,"58","115","8","11",11B,38778.6921472927,93697537.4466723,"27580060",,,,,36.1766192081602,
"270450045",Carrolton Twp,"0045",Carrolton Twp,"045","10090",Fillmore,"23","045","1","26",26B,49172.9676328174,98068787.5545732,"27230045",,,,,37.8643588748207,
"270010150",Palisade,"0150",Palisade,"145","49498",Aitkin,"1","001","8","7",7A,11671.7596725978,1749897.8183893,"27010150",,,,,0.675635547680107,
"270550015",Brownsville Twp,"0015",Brownsville Twp,"010","08236",Houston,"28","055","1","26",26B,49764.9427049318,76847304.6266322,"27280015",,,,,29.6707443163427,
"271190225",Garfield Twp,"0225",Garfield Twp,"135","23156",Polk,"60","119","7","1",1B,57474.9486718552,87241131.8036974,"27600225",,,,,33.6838009894076,
"271450070",Eden Lake Twp,"0070",Eden Lake Twp,"060","18098",Stearns,"73","145","7","13",13A,43113.3134525011,99827935.0509109,"27730070",,,,,38.5435657231567,
"271090030",Elmira Twp,"0030",Elmira Twp,"030","18962",Olmsted,"55","109","1","20",20B,40814.8641971257,90166514.4920866,"27550030",,,,,34.8132912453946,
"270050085",Erie Twp,"0085",Erie Twp,"060","19646",Becker,"3","005","7","5",5A,38791.608062177,94160941.7270507,"27030085",,,,,36.3555396008143,
"271190180",Fairfax Twp,"0180",Fairfax Twp,"100","20204",Polk,"60","119","7","1",1B,39524.8254911295,93321693.466462,"27600180",,,,,36.031505847401,
"270950075",Milaca Twp,"0075",Milaca Twp,"070","42128",Mille Lacs,"48","095","8","10",10B,53087.4249897269,84256108.2458017,"27480075",,,,,32.531283393704,
"270950080",Milo Twp,"0080",Milo Twp,"080","42326",Mille Lacs,"48","095","8","10",10B,49556.0281686584,89910940.9257914,"27480080",,,,,34.7146142914481,
"270890250",Vega Twp,"0250",Vega Twp,"250","66676",Marshall,"45","089","7","1",1A,48011.3768800213,116677899.170586,"27450250",,,,,45.0493368697634,
"270890165",Moylan Twp,"0165",Moylan Twp,"165","44692",Marshall,"45","089","7","1",1A,43484.0495836104,116665952.140908,"27450165",,,,,45.0447241216046,
"270373210",Marshan Twp,"3210",Marshan Twp,"095","40724",Dakota,"19","037","2","58",58B,44010.5772831059,88724816.1235307,"27193210",73,Matthew D. Klein,15.07,"[{""name"": ""Abdi Abdulle"", ""votes"": 0, ""votes_pct"": 0.00, ""party"": ""DFL""}, {""name"": ""Matthew D. Klein"", ""votes"": 35, ""votes_pct"": 47.95, ""party"": ""DFL""}, {""name"": ""Hugh McTavish"", ""votes"": 0, ""votes_pct"": 0.00, ""party"": ""DFL""}, {""name"": ""Matt Little"", ""votes"": 24, ""votes_pct"": 32.88, ""party"": ""DFL""}, {""name"": ""Kaela Berg"", ""votes"": 13, ""votes_pct"": 17.81, ""party"": ""DFL""}, {""name"": ""Christopher Mosel"", ""votes"": 1, ""votes_pct"": 1.37, ""party"": ""DFL""}]",34.2566515052952,2.13097301669184
"270690125",Percy Twp,"0125",Percy Twp,"125","50452",Kittson,"35","069","7","1",1A,40109.4026542553,91783579.195984,"27350125",,,,,35.4376399275694,
"270870070",Pembina Twp,"0070",Pembina Twp,"070","50218",Mahnomen,"44","087","8","2",2B,50248.5941642079,94548048.2477636,"27440070",,,,,36.5050014284615,
"270730140",Perry Twp,"0140",Perry Twp,"120","50524",Lac qui Parle,"37","073","7","15",15A,45091.0329252247,95739503.2849748,"27370140",,,,,36.9650222183288,
"271350130",Pohlitz Twp,"0130",Pohlitz Twp,"130","51748",Roseau,"68","135","7","1",1A,43420.0324013275,117129953.169573,"27680130",,,,,45.2238749187723,
"270374710",Vermillion Twp,"4710",Vermillion Twp,"165","66820",Dakota,"19","037","2","58",58B,45057.9516751078,88286829.9293192,"27194710",82,Matt Little,21.95,"[{""name"": ""Abdi Abdulle"", ""votes"": 1, ""votes_pct"": 1.22, ""party"": ""DFL""}, {""name"": ""Matthew D. Klein"", ""votes"": 29, ""votes_pct"": 35.37, ""party"": ""DFL""}, {""name"": ""Hugh McTavish"", ""votes"": 0, ""votes_pct"": 0.00, ""party"": ""DFL""}, {""name"": ""Matt Little"", ""votes"": 47, ""votes_pct"": 57.32, ""party"": ""DFL""}, {""name"": ""Kaela Berg"", ""votes"": 5, ""votes_pct"": 6.10, ""party"": ""DFL""}, {""name"": ""Christopher Mosel"", ""votes"": 0, ""votes_pct"": 0.00, ""party"": ""DFL""}]",34.0875450357102,2.40557071253142
"271530185",Ward Twp,"0185",Ward Twp,"180","68098",Todd,"77","153","7","5",5B,38692.3053255831,93903465.8134777,"27770185",,,,,36.2561281505837,
"271570160",West Albany Twp,"0160",West Albany Twp,"130","69178",Wabasha,"79","157","1","20",20A,38436.8433765934,92404092.3088618,"27790160",,,,,35.6772200404515,
"271610110",Wilton Twp,"0110",Wilton Twp,"075","70744",Waseca,"81","161","1","23",23A,38714.151300869,93598933.1381251,"27810110",,,,,36.1385480846301,
"271610070",Vivian Twp,"0070",Vivian Twp,"060","67324",Waseca,"81","161","1","23",23A,40329.6594747291,93022053.5084654,"27810070",,,,,35.9158148596185,
"270070270",Turtle River Twp,"0270",Turtle River Twp,"225","65812",Beltrami,"4","007","8","2",2B,40108.1323455007,92745251.0605264,"27040270",,,,,35.8089414344692,
"270790125",Washington Twp,"0125",Washington Twp,"110","68350",Le Sueur,"40","079","2","22",22B,28669.7407338431,38987940.138647,"27400125",95,Matthew D. Klein,5.26,"[{""name"": ""Abdi Abdulle"", ""votes"": 1, ""votes_pct"": 1.05, ""party"": ""DFL""}, {""name"": ""Matthew D. Klein"", ""votes"": 43, ""votes_pct"": 45.26, ""party"": ""DFL""}, {""name"": ""Hugh McTavish"", ""votes"": 1, ""votes_pct"": 1.05, ""party"": ""DFL""}, {""name"": ""Matt Little"", ""votes"": 38, ""votes_pct"": 40.00, ""party"": ""DFL""}, {""name"": ""Kaela Berg"", ""votes"": 11, ""votes_pct"": 11.58, ""party"": ""DFL""}, {""name"": ""Christopher Mosel"", ""votes"": 1, ""votes_pct"": 1.05, ""party"": ""DFL""}]",15.0532436875316,6.3109321799319
"270610365",Wawina Twp,"0365",Wawina Twp,"250","68800",Itasca,"31","061","8","7",7A,38985.4110292017,94624909.604302,"27310365",,,,,36.534677598221,
"271490065",Moore Twp,"0065",Moore Twp,"065","43846",Stevens,"75","149","7","12",12A,40656.6127336472,91708462.2651699,"27750065",,,,,35.4086372805821,
"271370855",Northland Twp,"0855",Northland Twp,"350","47050",St. Louis,"69","137","8","7",7B,38289.4238751059,91731817.4134676,"27690855",,,,,35.4176547033398,
"271350121",Norland/Spruce Valley Unorg,"0121",North Roseau Unorg,"121","47216",Roseau,"68","135","7","1",1A,66688.4166245822,242884173.137749,"27680121",,,,,93.7775792484849,
"271370800",Meadowlands Twp,"0800",Meadowlands Twp,"295","41390",St. Louis,"69","137","8","7",7B,59005.8394990424,156503495.976739,"27690800",,,,,60.425999796619,
"270930060",Eden Valley,"0060",Eden Valley,"060","18134",Meeker,"47","093","7","16",16A,5889.91938579281,1846200.81792267,"27470060",,,,,0.712818135799943,
"271110140",Elizabeth,"0140",Elizabeth,"134","18566",Otter Tail,"56","111","7","9",9A,4836.96837088654,976304.786517009,"27560140",,,,,0.376951278074217,
"271410050",Elk River W-2 P-2A,"0050",Elk River,"045","18674",Sherburne,"71","141","6","30",30B,27242.5856701478,38665771.5380087,"27710050",,,,,14.9288543908252,
"271610020",Elysian,"0020",Elysian,"018","19160",Waseca,"81","161","1","19",19A,1410.69862129247,83729.5697640638,"27810020",,,,,0.032327986885905,
"270610130",Goodland Twp,"0130",Goodland Twp,"105","24452",Itasca,"31","061","8","7",7A,57873.8278340791,186848284.708269,"27310130",,,,,72.1421227258627,
"270930080",Greenleaf Twp,"0080",Greenleaf Twp,"080","25730",Meeker,"47","093","7","16",16A,40221.8470970979,100525745.388803,"27470080",,,,,38.8129902946168,
"271530145",Osakis,"0145",Osakis,"140","48796",Todd,"77","153","7","5",5B,7318.09967287926,1046508.39125429,"27770145",,,,,0.40405688986328,
"270890200",Oslo,"0200",Oslo,"200","48976",Marshall,"45","089","7","1",1A,5179.44633364888,949244.582836865,"27450200",,,,,0.366503333433314,
"271110065",Clitherall Twp,"0065",Clitherall Twp,"055","12106",Otter Tail,"56","111","7","9",9B,42900.276299849,91404552.9610134,"27560065",,,,,35.2912978982473,
"271630280",Scandia,"0280",Scandia,"167","58900",Washington,"82","163","8","33",33B,45507.5663942454,103234308.422876,"27820280",,,,,39.8587664820725,
"271371145",Winton,"1145",Winton,"460","71140",St. Louis,"69","137","8","3",3A,2835.97921389024,326809.539494556,"27691145",,,,,0.126181163198848,
"271370082",Camp 5 Twp,"0082",Camp 5 Twp,"077","09482",St. Louis,"69","137","8","3",3A,37509.556802295,87880047.5542793,"27690082",,,,,33.9304863607072,
"271290135",Olivia,"0135",Olivia,"135","48256",Renville,"65","129","7","16",16A,19240.3266363518,6214223.2235568,"27650135",,,,,2.39931158661528,
"270810095",Tyler,"0095",Tyler,"095","66046",Lincoln,"41","081","7","21",21A,16015.7421436238,5253428.85321656,"27410095",,,,,2.02834888022691,
"271371040",Virginia P-1,"1040",Virginia,"440","67288",St. Louis,"69","137","8","7",7B,29828.8572249681,28356574.5664489,"27691040",,,,,10.9484734401059,
"271570150",Wabasha W-3,"0150",Wabasha,"120","67378",Wabasha,"79","157","1","20",20A,19963.9171287663,14034769.461569,"27790150",,,,,5.41882448911179,
"271490010",Baker Twp,"0010",Baker Twp,"010","03232",Stevens,"75","149","7","12",12A,43419.5810068509,92351489.9274231,"27750010",,,,,35.6569102609781,
"270170020",Barnum Twp,"0020",Barnum Twp,"015","03646",Carlton,"9","017","8","11",11A,56837.5638632581,119687283.901753,"27090020",,,,,46.2112603144667,
"270570025",Clover Twp,"0025",Clover Twp,"025","12232",Hubbard,"29","057","8","5",5A,38267.8607937482,91258529.8243205,"27290025",,,,,35.2349183651701,
"270790015",Cordova Twp,"0015",Cordova Twp,"015","13204",Le Sueur,"40","079","2","22",22B,38734.8385141607,93912150.7775581,"27400015",32,Matthew D. Klein,12.5,"[{""name"": ""Abdi Abdulle"", ""votes"": 0, ""votes_pct"": 0.00, ""party"": ""DFL""}, {""name"": ""Matthew D. Klein"", ""votes"": 13, ""votes_pct"": 40.63, ""party"": ""DFL""}, {""name"": ""Hugh McTavish"", ""votes"": 2, ""votes_pct"": 6.25, ""party"": ""DFL""}, {""name"": ""Matt Little"", ""votes"": 8, ""votes_pct"": 25.00, ""party"": ""DFL""}, {""name"": ""Kaela Berg"", ""votes"": 9, ""votes_pct"": 28.13, ""party"": ""DFL""}, {""name"": ""Christopher Mosel"", ""votes"": 0, ""votes_pct"": 0.00, ""party"": ""DFL""}]",36.2594814152152,0.882527790002319
"271550020",Croke Twp,"0020",Croke Twp,"020","13762",Traverse,"78","155","7","9",9A,43181.6390342615,92850148.4600415,"27780020",,,,,35.849442320422,
"271330020",Clinton Twp,"0020",Clinton Twp,"020","11998",Rock,"67","133","1","21",21A,42998.7835617097,92257932.3603439,"27670020",,,,,35.6207876843288,
"270371410",Castle Rock Twp,"1410",Castle Rock Twp,"010","10306",Dakota,"19","037","2","58",58B,49276.2596473807,90769294.1338754,"27191410",104,Matt Little,25,"[{""name"": ""Abdi Abdulle"", ""votes"": 1, ""votes_pct"": 0.96, ""party"": ""DFL""}, {""name"": ""Matthew D. Klein"", ""votes"": 32, ""votes_pct"": 30.77, ""party"": ""DFL""}, {""name"": ""Hugh McTavish"", ""votes"": 1, ""votes_pct"": 0.96, ""party"": ""DFL""}, {""name"": ""Matt Little"", ""votes"": 58, ""votes_pct"": 55.77, ""party"": ""DFL""}, {""name"": ""Kaela Berg"", ""votes"": 12, ""votes_pct"": 11.54, ""party"": ""DFL""}, {""name"": ""Christopher Mosel"", ""votes"": 0, ""votes_pct"": 0.00, ""party"": ""DFL""}]",35.0460244650893,2.96752631967139
"271010025",Chanarambie Twp,"0025",Chanarambie Twp,"025","10882",Murray,"51","101","7","21",21A,45989.0909004767,91787888.1100853,"27510025",,,,,35.4393035993039,
"271150215",Sandstone Twp,"0215",Sandstone Twp,"195","58414",Pine,"58","115","8","11",11B,76440.5670973621,157928797.205481,"27580215",,,,,60.9763086010361,
"271210035",Farwell,"0035",Farwell,"035","20690",Pope,"61","121","7","12",12A,3256.14978084758,662562.327635625,"27610035",,,,,0.255815314700115,
"271110185",Fergus Falls W-2 P-2,"0185",Fergus Falls,"165","20906",Otter Tail,"56","111","7","9",9A,14487.7703677884,6553512.0716799,"27560185",,,,,2.53031101087561,
"270950035",Foreston,"0035",Foreston,"035","21824",Mille Lacs,"48","095","8","10",10B,7853.39601096749,3729609.67389102,"27480035",,,,,1.44000229508932,
"270450070",Fountain,"0070",Fountain,"068","22094",Fillmore,"23","045","1","26",26B,6398.64121097422,2570719.40705761,"27230070",,,,,0.992554763064945,
"271730155",Wergeland Twp,"0155",Wergeland Twp,"130","69160",Yellow Medicine,"87","173","7","15",15A,44688.743359704,88436869.0851588,"27870155",,,,,34.1454751537798,
"270890290",West Valley Twp,"0290",West Valley Twp,"285","69772",Marshall,"45","089","7","1",1A,38760.905534804,94310526.8038304,"27450290",,,,,36.4132943989589,
"270570155",White Oak Twp,"0155",White Oak Twp,"150","70114",Hubbard,"29","057","7","5",5A,38848.930991203,94569770.0014058,"27290155",,,,,36.5133881975428,
"271070165",Winchester Twp,"0165",Winchester Twp,"160","70762",Norman,"54","107","7","1",1B,41992.1991400863,93062418.5797352,"27540165",,,,,35.9313998136358,
"270210300",Walden Twp,"0300",Walden Twp,"295","67684",Cass,"11","021","8","5",5A,38799.1469252055,93658269.4786068,"27110300",,,,,36.1614578456901,
"270470195",Nunda Twp,"0195",Nunda Twp,"145","47608",Freeborn,"24","047","1","23",23A,51044.5608419973,89782973.3705616,"27240195",,,,,34.6652060183738,
"270210275",Torrey Twp,"0275",Torrey Twp,"270","65254",Cass,"11","021","8","6",6A,39402.0935379054,88304402.0093219,"27110275",,,,,34.0943296157992,
"271090075",Orion Twp,"0075",Orion Twp,"075","48526",Olmsted,"55","109","1","20",20B,38652.2865719894,92295151.9084969,"27550075",,,,,35.6351581518706,
"271170070",Osborne Twp,"0070",Osborne Twp,"070","48832",Pipestone,"59","117","7","21",21A,47517.0057542752,90381009.4739682,"27590070",,,,,34.8961077578991,
"271450215",Paynesville Twp,"0215",Paynesville Twp,"185","49984",Stearns,"73","145","7","13",13A,62380.5063503328,86859120.7723324,"27730215",,,,,33.5363065301975,
"270270215",Moorhead Twp P-1,"0215",Moorhead Twp,"150","43882",Clay,"14","027","7","4",4B,50513.0573156128,29895252.4403849,"27140215",,,,,11.5425569672326,
"271350115",Moranville Twp,"0115",Moranville Twp,"115","44080",Roseau,"68","135","7","1",1A,38358.0366603937,91779149.7458831,"27680115",,,,,35.4359297168854,
"271190255",Gully Twp,"0255",Gully Twp,"160","26288",Polk,"60","119","7","1",1B,44916.571013916,89712393.5296578,"27600255",,,,,34.6379551418009,
"271070100",McDonaldsville Twp,"0100",McDonaldsville Twp,"095","38978",Norman,"54","107","7","1",1B,47840.9410655982,90179998.7371067,"27540100",,,,,34.8184975123969,
"271530173",Swanville,"0173",Swanville,"168","63778",Todd,"77","153","7","5",5B,2580.98413626143,124227.117857482,"27770173",,,,,0.0479640902047737,
"271270185",Vesta,"0185",Vesta,"174","66982",Redwood,"64","127","7","15",15B,5284.00418202691,870058.702176754,"27640185",,,,,0.335929664910445,
"270590010",Bradford Twp,"0010",Bradford Twp,"010","07246",Isanti,"30","059","8","28",28A,39462.0177612428,93005603.1591512,"27300010",,,,,35.9094633797483,
"271670025",Brandrup Twp,"0025",Brandrup Twp,"025","07372",Wilkin,"84","167","7","9",9A,60261.2757508849,140278082.099955,"27840025",,,,,54.1613674987925,
"271670050",Breckenridge Twp,"0050",Breckenridge Twp,"035","07480",Wilkin,"84","167","7","9",9A,42761.1189507566,54399860.2717355,"27840050",,,,,21.0037860509171,
"270250005",Amador Twp,"0005",Amador Twp,"005","01306",Chisago,"13","025","8","28",28B,38154.2307322965,79044042.6707144,"27130005",,,,,30.5189048751628,
"270610010",Arbo Twp,"0010",Arbo Twp,"010","01936",Itasca,"31","061","8","7",7A,38988.2160528899,95306211.4422336,"27310010",,,,,36.7977282378464,
"270110015",Artichoke Twp,"0015",Artichoke Twp,"015","02350",Big Stone,"6","011","7","12",12A,38486.5826556111,92132384.8802723,"27060015",,,,,35.5723138022731,
"271110435",Vergas,"0435",Vergas,"395","66766",Otter Tail,"56","111","7","9",9B,12449.1595885512,4054511.49849027,"27560435",,,,,1.56544688956709,
"271210130",Villard,"0130",Villard,"125","67144",Pope,"61","121","7","12",12B,6896.14935451332,2147869.63235288,"27610130",,,,,0.829292465051447,
"270610360",Warba,"0360",Warba,"245","68080",Itasca,"31","061","8","7",7A,17331.5434052443,8663854.27765113,"27310360",,,,,3.3451141366011,
"271570125",Plainview P-2,"0125",Plainview,"109","51424",Wabasha,"79","157","1","20",20B,11154.5850503715,2977287.77112807,"27790125",,,,,1.14953080843255,
"271250055",Plummer,"0055",Plummer,"055","51712",Red Lake,"63","125","7","1",1B,12134.8454132134,6938298.63872102,"27630055",,,,,2.67887710441018,
"270990185",Rose Creek City,"0185",Rose Creek,"135","55600",Mower,"50","099","1","23",23B,6580.26432584139,1280276.14979509,"27500185",,,,,0.494314621435884,
"271650060",Madelia Twp,"0060",Madelia Twp,"050","39248",Watonwan,"83","165","1","22",22A,52890.2622982366,88804702.6238473,"27830060",,,,,34.2874956830674,
"270730110",Madison Twp,"0110",Madison Twp,"090","39284",Lac qui Parle,"37","073","7","15",15A,49731.7819090323,90469231.7528539,"27370110",,,,,34.9301703797769,
"271450160",Maine Prairie Twp,"0160",Maine Prairie Twp,"145","39518",Stearns,"73","145","7","13",13A,68506.5288064112,168505899.633456,"27730160",,,,,65.0601278484772,
"270090035",Granite Ledge Twp,"0035",Granite Ledge Twp,"030","25298",Benton,"5","009","6","10",10B,38321.9100984061,91577379.7437731,"27050035",,,,,35.3580263190708,
"271170045",Gray Twp,"0045",Gray Twp,"045","25478",Pipestone,"59","117","7","21",21A,53560.5837471791,86797302.9109901,"27590045",,,,,33.5124386539333,
"270070290",Waskish Twp,"0290",Waskish Twp,"233","68440",Beltrami,"4","007","8","2",2A,58486.7863642462,186466707.864222,"27040290",,,,,71.994795906376,
"270330020",Bingham Lake,"0020",Bingham Lake,"020","05896",Cottonwood,"17","033","7","21",21B,7810.78509997684,2005254.05846428,"27170020",,,,,0.774228591973057,
"270150075",Mulligan Twp,"0075",Mulligan Twp,"075","44746",Brown,"8","015","7","15",15B,38708.068883194,93914077.661671,"27080075",,,,,36.2602253851712,
"271270090",New Avon Twp,"0090",New Avon Twp,"090","45412",Redwood,"64","127","7","15",15B,38649.2154788432,93195716.510372,"27640090",,,,,35.9828661446546,
"270890185",New Maine Twp,"0185",New Maine Twp,"185","45718",Marshall,"45","089","7","1",1A,39088.0675749161,95854723.5161204,"27450185",,,,,37.0095087495741,
"271110295",Nidaros Twp,"0295",Nidaros Twp,"255","46240",Otter Tail,"56","111","7","9",9B,48182.3192047282,89641437.9190041,"27560295",,,,,34.6105591805275,
"271210105",Nora Twp,"0105",Nora Twp,"100","46456",Pope,"61","121","7","12",12A,38677.0453850857,93570232.6600783,"27610105",,,,,36.1274668300562,
"271290130",Norfolk Twp,"0130",Norfolk Twp,"130","46600",Renville,"65","129","7","16",16A,38460.7269330186,92344022.555164,"27650130",,,,,35.6540271085488,
"270410140",Moe Twp,"0140",Moe Twp,"120","43558",Douglas,"21","041","7","9",9B,38559.419082393,92978341.8174097,"27210140",,,,,35.8989377757019,
"271430085",Moltke Twp,"0085",Moltke Twp,"085","43612",Sibley,"72","143","7","17",17A,40235.2607527128,100990212.489686,"27720085",,,,,38.9923210422679,
"271510150",West Bank Twp,"0150",West Bank Twp,"140","69214",Swift,"76","151","7","12",12A,38646.1844564593,93507203.4708786,"27760150",,,,,36.1031312601062,
"271310155",Wheeling Twp,"0155",Wheeling Twp,"105","69862",Rice,"66","131","1","19",19A,47099.7684995986,89547331.4243059,"27660155",,,,,34.5742246629245,
"271150235",Wilma Twp,"0235",Wilma Twp,"210","70528",Pine,"58","115","8","11",11B,39032.422201142,95340304.5336657,"27580235",,,,,36.8108915804483,
"271150240",Windemere Twp,"0240",Windemere Twp,"215","70780",Pine,"58","115","8","11",11A,40648.7358392051,92042522.6196914,"27580240",,,,,35.5376179834629,
"270890270",Wanger Twp,"0270",Wanger Twp,"270","68044",Marshall,"45","089","7","1",1A,38712.1472446852,93627734.0218991,"27450270",,,,,36.1496681058552,
"271290180",Wellington Twp,"0180",Wellington Twp,"180","69088",Renville,"65","129","7","16",16A,38804.6391482185,94132225.3408198,"27650180",,,,,36.3444522040905,
"270890155",Middle River Twp,"0155",Middle River Twp,"150","41930",Marshall,"45","089","7","1",1A,46860.0385710251,90157079.0541442,"27450155",,,,,34.8096482228051,
"271010065",Hadley,"0065",Hadley,"065","26450",Murray,"51","101","7","21",21A,5909.49343868006,1065259.16004795,"27510065",,,,,0.411296561694515,
"270690045",Hallock,"0045",Hallock,"044","26576",Kittson,"35","069","7","1",1A,14316.0302898861,5719323.08201784,"27350045",,,,,2.20823064196709,
"270630045",Heron Lake,"0045",Heron Lake,"044","28700",Jackson,"32","063","1","21",21B,10510.5008226955,3211827.17575078,"27320045",,,,,1.24008647255738,
"270350105",Deerwood City,"0105",Deerwood,"054","15346",Crow Wing,"18","035","8","6",6A,9527.05991702747,5267399.88990543,"27180105",,,,,2.03374309749249,
"271090020",Dover,"0020",Dover,"019","16264",Olmsted,"55","109","1","20",20B,6630.79592018636,2623126.5752751,"27550020",,,,,1.01278917071372,
"270430060",Easton,"0060",Easton,"038","17738",Faribault,"22","043","1","23",23A,6458.40170952073,2445768.01653976,"27220060",,,,,0.944311031186002,
"271110235",Henning,"0235",Henning,"194","28520",Otter Tail,"56","111","7","9",9B,19140.5526719576,8331119.2125867,"27560235",,,,,3.21664512797972,
"271530055",Eagle Bend,"0055",Eagle Bend,"055","17342",Todd,"77","153","7","5",5B,8963.57802635434,3503437.7672502,"27770055",,,,,1.3526773219353,
"270990100",Elkton City,"0100",Elkton,"050","18728",Mower,"50","099","1","23",23B,9672.13739576893,3316616.85013812,"27500100",,,,,1.28054576583833,
"271110155",Erhard,"0155",Erhard,"150","19556",Otter Tail,"56","111","7","9",9A,4861.86727052847,1476393.32972658,"27560155",,,,,0.570035464607432,
"270270060",Felton City,"0060",Felton,"049","20834",Clay,"14","027","7","1",1B,6472.11440001474,2623650.18362311,"27140060",,,,,1.01299133589688,
"271670080",Foxhome City,"0080",Foxhome,"063","22202",Wilkin,"84","167","7","9",9A,3980.66650527878,952613.69100512,"27840080",,,,,0.367804146097077,
"271050105",Olney Twp,"0105",Olney Twp,"105","48274",Nobles,"53","105","1","21",21A,43375.9947077818,91557367.5073224,"27530105",,,,,35.3502995945772,
"270270240",Sabin City,"0240",Sabin,"175","56554",Clay,"14","027","7","4",4B,6387.90150511126,1154890.06527036,"27140240",,,,,0.445903054200886,
"270130230",Saint Clair,"0230",St. Clair,"145","56824",Blue Earth,"7","013","1","22",22B,8706.11351230406,1548770.77532566,"27070230",,,,,0.597980396353239,
"271630195",Landfall,"0195",Landfall,"095","35414",Washington,"82","163","4","44",44B,2295.11749727994,214221.752791119,"27820195",,,,,0.0827110187526511,
"271690060",Lewiston,"0060",Lewiston,"055","36800",Winona,"85","169","1","26",26A,10935.3290097916,3269520.98867635,"27850060",,,,,1.26236205372794,
"271430010",Arlington,"0010",Arlington,"010","02152",Sibley,"72","143","7","17",17B,11135.763212498,4167836.86454757,"27720010",,,,,1.60920181340182,
"271390005",Belle Plaine,"0005",Belle Plaine,"005","04834",Scott,"70","139","2","22",22B,37386.129888882,15990982.6283448,"27700005",480,Matt Little,7.08,"[{""name"": ""Abdi Abdulle"", ""votes"": 22, ""votes_pct"": 4.58, ""party"": ""DFL""}, {""name"": ""Matthew D. Klein"", ""votes"": 156, ""votes_pct"": 32.50, ""party"": ""DFL""}, {""name"": ""Hugh McTavish"", ""votes"": 32, ""votes_pct"": 6.67, ""party"": ""DFL""}, {""name"": ""Matt Little"", ""votes"": 190, ""votes_pct"": 39.58, ""party"": ""DFL""}, {""name"": ""Kaela Berg"", ""votes"": 77, ""votes_pct"": 16.04, ""party"": ""DFL""}, {""name"": ""Christopher Mosel"", ""votes"": 3, ""votes_pct"": 0.63, ""party"": ""DFL""}]",6.17411839280395,77.7438930486738
"271570005",Bellechester,"0005",Bellechester,"005","04798",Wabasha,"79","157","1","20",20A,2022.6219996338,165326.740374232,"27790005",,,,,0.0638326544584911,
"270030205",Bethel P-1,"0205",Bethel,"015","05554",Anoka,"2","003","6","27",27B,7355.56060448734,2692847.9886885,"27020205",,,,,1.03970860843263,
"270850015",Biscay City,"0015",Biscay,"015","06112",McLeod,"43","085","7","17",17A,2022.17719118131,194332.366622888,"27430015",,,,,0.0750317267530972,
"270950005",Bock,"0005",Bock,"005","06814",Mille Lacs,"48","095","8","10",10B,3091.46063071096,430580.812816452,"27480005",,,,,0.166247251828432,
"270910015",Ceylon,"0015",Ceylon,"015","10792",Martin,"46","091","1","22",22A,5176.14455023813,1353378.90014777,"27460015",,,,,0.522539593347055,
"270510005",Ashby,"0005",Ashby,"005","02422",Grant,"26","051","7","9",9A,7093.15292359642,1506050.8191459,"27260005",,,,,0.581486221272232,
"270730025",Bellingham,"0025",Bellingham,"025","04960",Lac qui Parle,"37","073","7","15",15A,5783.96533992343,1004151.4514764,"27370025",,,,,0.387702875415039,
"271270070",Lucan,"0070",Lucan,"070","38420",Redwood,"64","127","7","15",15B,4130.64931510339,1026598.75291177,"27640070",,,,,0.396369778499235,
"270990140",Lyle City,"0140",Lyle,"089","38654",Mower,"50","099","1","23",23B,6479.79200769637,1961415.06268093,"27500140",,,,,0.757302355701106,
"271370755",Iron Junction,"0755",Iron Junction,"248","31238",St. Louis,"69","137","8","7",7B,7358.37914112619,2093624.5653906,"27690755",,,,,0.808348444697311,
"270690085",Karlstad,"0085",Karlstad,"085","32444",Kittson,"35","069","7","1",1A,11952.4562049074,3768556.30903313,"27350085",,,,,1.45503959091769,
"270630095",Lakefield P-2,"0095",Lakefield,"075","34316",Jackson,"32","063","1","21",21B,7877.6855948633,2227126.311316,"27320095",,,,,0.859893468799108,
"270032105",Lexington P-1,"2105",Lexington,"075","36836",Anoka,"2","003","6","32",32B,8720.31541114733,1781281.87289564,"27022105",,,,,0.687752931125008,
"271630200",Mahtomedi P-1,"0200",Mahtomedi,"105","39428",Washington,"82","163","4","33",33A,18645.6424166068,9095975.97846986,"27820200",,,,,3.51195632528721,
"270470165",Manchester,"0165",Manchester,"114","39716",Freeborn,"24","047","1","23",23A,2447.65858762571,197858.973876942,"27240165",,,,,0.0763933498138873,
"270790087",Mankato W-2 P-101,"0087",Mankato,"077","39878",Le Sueur,"40","079","2","18",18A,1316.82736584324,73780.9456935315,"27400087",0,even,,"[{""name"": ""Abdi Abdulle"", ""votes"": 0, ""votes_pct"": 0.00, ""party"": ""DFL""}, {""name"": ""Matthew D. Klein"", ""votes"": 0, ""votes_pct"": 0.00, ""party"": ""DFL""}, {""name"": ""Hugh McTavish"", ""votes"": 0, ""votes_pct"": 0.00, ""party"": ""DFL""}, {""name"": ""Matt Little"", ""votes"": 0, ""votes_pct"": 0.00, ""party"": ""DFL""}, {""name"": ""Kaela Berg"", ""votes"": 0, ""votes_pct"": 0.00, ""party"": ""DFL""}, {""name"": ""Christopher Mosel"", ""votes"": 0, ""votes_pct"": 0.00, ""party"": ""DFL""}]",0.0284868231322725,0
"271330010",Beaver Creek,"0010",Beaver Creek,"009","04492",Rock,"67","133","1","21",21A,4880.35087842583,1323442.49935646,"27670010",,,,,0.510981149001528,
"270010090",Lakeside Twp,"0090",Lakeside Twp,"090","34982",Aitkin,"1","001","8","10",10A,39130.121690029,95270465.2245464,"27010090",,,,,36.7839266231974,
"270050095",Forest Twp,"0095",Forest Twp,"068","21671",Becker,"3","005","8","2",2B,38618.6157017238,93420269.718248,"27030095",,,,,36.0695661382156,
"270010070",Hill Lake Twp,"0070",Hill Lake Twp,"070","29114",Aitkin,"1","001","8","7",7A,53520.2791229939,90160856.9684367,"27010070",,,,,34.8111068755134,
"270210125",Home Brook Twp,"0125",Home Brook Twp,"125","29978",Cass,"11","021","8","5",5A,38807.5345304843,94168607.6737773,"27110125",,,,,36.3584994228454,
"270670070",Irving Twp,"0070",Irving Twp,"070","31292",Kandiyohi,"34","067","7","16",16B,38660.3117623995,93546042.6689927,"27340070",,,,,36.1181270744981,
"271110250",Homestead Twp,"0250",Homestead Twp,"210","30050",Otter Tail,"56","111","7","9",9B,38895.1352538435,94475068.4745638,"27560250",,,,,36.4768239380291,
"270870035",Heier Twp,"0035",Heier Twp,"035","28232",Mahnomen,"44","087","8","2",2B,38815.9545730334,94071351.838081,"27440035",,,,,36.3209489446831,
"270330055",Highwater Twp,"0055",Highwater Twp,"055","29060",Cottonwood,"17","033","7","21",21A,38647.5831527103,93520401.204175,"27170055",,,,,36.108226904932,
"271350075",Huss Twp,"0075",Huss Twp,"080","30626",Roseau,"68","135","7","1",1A,39265.3072704309,94412359.4183026,"27680075",,,,,36.4526119714066,
"270010075",Idun Twp,"0075",Idun Twp,"075","30788",Aitkin,"1","001","8","10",10A,39380.1543067713,96339139.0871163,"27010075",,,,,37.1965416015356,
"271370945",Unorg Prct 4,"0945",Janette Lake Unorg,"249","31733",St. Louis,"69","137","8","7",7A,38571.9664089191,93513381.9612082,"27690945",,,,,36.1055167752225,
"271330045",Kanaranzi Twp,"0045",Kanaranzi Twp,"045","32336",Rock,"67","133","1","21",21A,38689.3248056578,93644674.2864265,"27670045",,,,,36.1562087419893,
"270090085",Saint Cloud W-2 P-4,"0085",St. Cloud,"065","56896",Benton,"5","009","6","14",14B,7808.77875344333,1806214.93541265,"27050085",,,,,0.697379586562825,
"270890245",Valley Twp,"0245",Valley Twp,"245","66514",Marshall,"45","089","7","1",1A,43656.2592670899,88267868.7261192,"27450245",,,,,34.0802241151546,
"271630360",West Lakeland Twp,"0360",West Lakeland Twp,"180","69520",Washington,"82","163","4","41",41A,24510.4292355005,32781934.5743136,"27820360",,,,,12.6571049391425,
"270010220",White Pine Twp,"0220",White Pine Twp,"215","70132",Aitkin,"1","001","8","10",10A,38802.6825459745,94415559.9553086,"27010220",,,,,36.4538476987447,
"271530160",Staples,"0160",Staples,"155","62446",Todd,"77","153","7","5",5B,21683.8632670043,5796046.85021547,"27770160",,,,,2.23785368886819,
"270550085",Mayville Twp,"0085",Mayville Twp,"065","41228",Houston,"28","055","1","26",26B,40094.6607571911,79290889.010678,"27280085",,,,,30.6142122470228,
"270170120",Perch Lake Twp,"0120",Perch Lake Twp,"087","50446",Carlton,"9","017","8","11",11A,39096.0210011259,94666887.3112417,"27090120",,,,,36.5508851908704,
"271270095",North Hero Twp,"0095",North Hero Twp,"095","46996",Redwood,"64","127","7","15",15B,47509.9603792636,91144136.1458863,"27640095",,,,,35.1907509659267,
"270730130",Mehurin Twp,"0130",Mehurin Twp,"110","41516",Lac qui Parle,"37","073","7","15",15A,34931.9582264345,75354425.3148117,"27370130",,,,,29.0943436140488,
"270750135",Unorg Terr No 2 Prec 5,"0135",Lake County Territory 2 Unorg,"036","34773",Lake,"38","075","8","3",3A,117148.111393975,479052626.381564,"27380135",,,,,184.962219045922,
"270730165",Yellow Bank Twp,"0165",Yellow Bank Twp,"145","72058",Lac qui Parle,"37","073","7","15",15A,43326.1168590023,91552766.7064065,"27370165",,,,,35.3485232253435,
"270570150",Todd Twp P-1,"0150",Todd Twp,"145","65038",Hubbard,"29","057","7","5",5A,51155.7199602488,73426851.5025515,"27290150",,,,,28.3501073651351,
"271370860",Orr,"0860",Orr,"355","48634",St. Louis,"69","137","8","3",3A,11977.2815812916,3646151.04620548,"27690860",,,,,1.40777891893993,
"270970165",Pierz,"0165",Pierz,"154","50776",Morrison,"49","097","7","10",10B,10397.9377063701,3342731.86376141,"27490165",,,,,1.29062877259828,
"270750105",Two Harbors W-4,"0105",Two Harbors,"035","65956",Lake,"38","075","8","3",3B,9621.08644015866,4134819.45946528,"27380105",,,,,1.59645379329954,
"271550015",Clifton Twp,"0015",Clifton Twp,"015","11944",Traverse,"78","155","7","9",9A,39899.6935029066,99317536.1663966,"27780015",,,,,38.3465007138457,
"270930020",Collinwood Twp,"0020",Collinwood Twp,"020","12628",Meeker,"47","093","7","17",17A,38676.8095701529,93350886.0288914,"27470020",,,,,36.042777095755,
"270890050",Como Twp,"0050",Como Twp,"050","12808",Marshall,"45","089","7","1",1A,38851.7635604221,94162069.5999228,"27450050",,,,,36.3559750725302,
"270910170",Sherburn,"0170",Sherburn,"115","59620",Martin,"46","091","1","22",22A,8273.70489761591,2377793.25632781,"27460170",,,,,0.918065976268168,
"270990170",Racine City,"0170",Racine,"119","52882",Mower,"50","099","1","26",26B,7230.18912880184,1743527.4414352,"27500170",,,,,0.673175945138132,
"271270130",Revere,"0130",Revere,"120","53908",Redwood,"64","127","7","15",15B,5284.28441532517,1487491.7295456,"27640130",,,,,0.574320556777555,
"271510105",Marysland Twp,"0105",Marysland Twp,"095","40904",Swift,"76","151","7","12",12A,42085.2840076396,91240945.3843637,"27760105",,,,,35.2281290129028,
"270630115",Petersburg Twp,"0115",Petersburg Twp,"095","50578",Jackson,"32","063","1","21",21B,38708.1095994162,93588380.1179593,"27320115",,,,,36.1344735635441,
"270210190",Pike Bay Twp,"0190",Pike Bay Twp,"185","50848",Cass,"11","021","8","2",2B,52770.8241994839,90077556.6008449,"27110190",,,,,34.7789446035862,
"271670105",Meadows Twp,"0105",Meadows Twp,"085","41408",Wilkin,"84","167","7","9",9A,38756.9270922075,93912986.9149434,"27840105",,,,,36.2598042478596,
"270950025",Dailey Twp,"0025",Dailey Twp,"025","14500",Mille Lacs,"48","095","8","10",10B,35957.53195287,80516819.6117656,"27480025",,,,,31.0875440521027,
"271150075",Dell Grove Twp,"0075",Dell Grove Twp,"070","15598",Pine,"58","115","8","11",11B,42013.5100056641,109767650.764311,"27580075",,,,,42.3812899601004,
"270070015",Bemidji Twp,"0015",Bemidji Twp,"020","05086",Beltrami,"4","007","8","2",2A,83312.3948058134,64545060.9204717,"27040015",,,,,24.9208480213941,
"271530020",Birchdale Twp,"0020",Birchdale Twp,"020","06022",Todd,"77","153","7","5",5B,41288.1403171082,92975635.2220007,"27770020",,,,,35.8978927592145,
"271290025",Bird Island Twp,"0025",Bird Island Twp,"020","06094",Renville,"65","129","7","16",16A,55618.0292754253,84855563.2371764,"27650025",,,,,32.7627329658738,
"271210020",Blue Mounds Twp,"0020",Blue Mounds Twp,"020","06760",Pope,"61","121","7","12",12A,38557.5403912996,93019777.8922662,"27610020",,,,,35.914936244204,
"270410045",Brandon Twp,"0045",Brandon Twp,"020","07354",Douglas,"21","041","7","9",9B,44458.1052760156,91867351.2327045,"27210045",,,,,35.4699843109472,
"271470055",Medford Twp,"0055",Medford Twp,"050","41444",Steele,"74","147","1","19",19B,48707.9067127786,43062193.2998133,"27740055",,,,,16.6263128330579,
"271190165",Erskine,"0165",Erskine,"085","19700",Polk,"60","119","7","1",1B,6688.41674773914,2450734.04020193,"27600165",,,,,0.946228412921967,
"270970070",Flensburg,"0070",Flensburg,"070","21266",Morrison,"49","097","7","10",10A,17741.5179532925,18183406.8949157,"27490070",,,,,7.02061340212694,
"270130210",Medo Twp,"0210",Medo Twp,"120","41498",Blue Earth,"7","013","1","22",22A,42041.3638102592,92697289.3555824,"27070210",,,,,35.7904234201904,
"271570110",Oakwood Twp,"0110",Oakwood Twp,"100","48022",Wabasha,"79","157","1","20",20B,41752.3085664201,92379026.2494921,"27790110",,,,,35.6675420349289,
"271730110",Oshkosh Twp,"0110",Oshkosh Twp,"085","48940",Yellow Medicine,"87","173","7","15",15A,38729.7695443915,94046886.5336144,"27870110",,,,,36.3115028906285,
"270690120",Pelan Twp,"0120",Pelan Twp,"120","50074",Kittson,"35","069","7","1",1A,38383.9867365899,92261231.7699746,"27350120",,,,,35.6220615863872,
"271490090",Pepperton Twp,"0090",Pepperton Twp,"080","50380",Stevens,"75","149","7","12",12A,38670.2908470916,93405057.1745683,"27750090",,,,,36.0636925751008,
"271710110",Maple Lake Twp,"0110",Maple Lake Twp,"090","40238",Wright,"86","171","6","29",29B,47626.2151899239,89462081.0214007,"27860110",,,,,34.5413094823628,
"271450185",Millwood Twp,"0185",Millwood Twp,"160","42308",Stearns,"73","145","7","12",12A,45778.5887659684,107244029.86911,"27730185",,,,,41.4069199324633,
"271130065",Numedal Twp,"0065",Numedal Twp,"065","47590",Pennington,"57","113","7","1",1A,34278.51945655,72105164.1245048,"27570065",,,,,27.8398038684713,
"271670110",Mitchell Twp,"0110",Mitchell Twp,"090","43522",Wilkin,"84","167","7","9",9A,38773.5338843795,94257254.9024117,"27840110",,,,,36.3927261178212,
"270070175",O'Brien Twp,"0175",O'Brien Twp,"155","48040",Beltrami,"4","007","8","2",2B,38869.941386475,94065764.1031958,"27040175",,,,,36.3187915202439,
"270410150",Orange Twp,"0150",Orange Twp,"130","48472",Douglas,"21","041","7","12",12B,38593.5574451687,92759187.7701175,"27210150",,,,,35.8143223980424,
"270070160",Moose Lake Twp,"0160",Moose Lake Twp,"140","43936",Beltrami,"4","007","8","2",2B,38717.3694852151,93418985.9854545,"27040160",,,,,36.069070488984,
"270870065",Oakland Twp,"0065",Oakland Twp,"065","47806",Mahnomen,"44","087","8","2",2B,38355.8679132216,92012317.3617948,"27440065",,,,,35.525955733389,
"271490086",Morris Twp P-2,"0086",Morris Twp,"075","44260",Stevens,"75","149","7","12",12A,2535.10959600312,388297.75847607,"27750086",,,,,0.149921764547611,
"270970140",Morrill Twp,"0140",Morrill Twp,"130","44224",Morrison,"49","097","7","10",10B,38327.2954464187,91139210.7961787,"27490140",,,,,35.1888492884046,
"270970245",Two Rivers Twp,"0245",Two Rivers Twp,"235","66028",Morrison,"49","097","7","10",10B,50041.5465587974,71255827.5605624,"27490245",,,,,27.5118750211331,
"271110070",Compton Twp,"0070",Compton Twp,"065","12844",Otter Tail,"56","111","7","9",9B,41517.7701984774,91921753.9272783,"27560070",,,,,35.4909891913222,
"271670070",Connelly Twp,"0070",Connelly Twp,"055","12970",Wilkin,"84","167","7","9",9A,47327.4351846529,63023855.3198498,"27840070",,,,,24.333510538994,
"270290025",Copley Twp,"0025",Copley Twp,"025","13150",Clearwater,"15","029","8","2",2B,53458.6783954177,87257150.4237977,"27150025",,,,,33.6899857786283,
"271430025",Cornish Twp,"0025",Cornish Twp,"025","13348",Sibley,"72","143","7","17",17B,40577.0898541586,92075560.1868019,"27720025",,,,,35.5503737881242,
"270610270",Morse Twp P-1,"0270",Morse Twp,"180","44332",Itasca,"31","061","8","2",2B,86207.5756687106,94652883.3043571,"27310270",,,,,36.5454782438123,
"271370070",Brevator Twp,"0070",Brevator Twp,"070","07606",St. Louis,"69","137","8","11",11A,38574.0911741613,92331330.8172716,"27690070",,,,,35.6491268285486,
"271650110",Saint James City W-2,"0110",St. James,"090","57040",Watonwan,"83","165","1","21",21B,16462.905562112,4130242.63193773,"27830110",,,,,1.59468668019116,
"271390130",Shakopee P-4,"0130",Shakopee,"085","59350",Scott,"70","139","2","54",54A,25436.8611722513,18734629.4478832,"27700130",273,Matt Little,24.91,"[{""name"": ""Abdi Abdulle"", ""votes"": 10, ""votes_pct"": 3.66, ""party"": ""DFL""}, {""name"": ""Matthew D. Klein"", ""votes"": 66, ""votes_pct"": 24.18, ""party"": ""DFL""}, {""name"": ""Hugh McTavish"", ""votes"": 15, ""votes_pct"": 5.49, ""party"": ""DFL""}, {""name"": ""Matt Little"", ""votes"": 134, ""votes_pct"": 49.08, ""party"": ""DFL""}, {""name"": ""Kaela Berg"", ""votes"": 45, ""votes_pct"": 16.48, ""party"": ""DFL""}, {""name"": ""Christopher Mosel"", ""votes"": 3, ""votes_pct"": 1.10, ""party"": ""DFL""}]",7.23344042982769,37.7413766862947
"270750050",Silver Bay P-2,"0050",Silver Bay,"025","60250",Lake,"38","075","8","3",3A,18463.7301963524,10868142.0119914,"27380050",,,,,4.19618963082988,
"270970170",Pierz Twp,"0170",Pierz Twp,"155","50794",Morrison,"49","097","7","10",10B,46612.6184297094,72884510.2133156,"27490170",,,,,28.1407093933612,
"270610255",Max Twp,"0255",Max Twp,"170","41066",Itasca,"31","061","8","2",2B,45488.7100519574,88547738.9608708,"27310255",,,,,34.1882820127922,
"270010205",Wagner Twp,"0205",Wagner Twp,"200","67540",Aitkin,"1","001","8","10",10A,38539.4306195849,92980965.1210914,"27010205",,,,,35.8999506332534,
"270490200",Warsaw Twp,"0200",Warsaw Twp,"145","68242",Goodhue,"25","049","1","58",58B,41560.7830956722,89028604.284375,"27250200",,,,,34.3739441141972,
"270010215",Wealthwood Twp,"0215",Wealthwood Twp,"210","68872",Aitkin,"1","001","8","10",10A,58834.7164347126,187510351.043212,"27010215",,,,,72.3977465377843,
"271690145",Whitewater Twp,"0145",Whitewater Twp,"135","70168",Winona,"85","169","1","20",20B,38327.6495418679,91544486.3068237,"27850145",,,,,35.3453261630646,
"270890265",Viking Twp,"0265",Viking Twp,"260","67108",Marshall,"45","089","7","1",1A,48551.4141960568,116789699.043568,"27450265",,,,,45.0925028007218,
"270610355",Wabana Twp,"0355",Wabana Twp,"240","67360",Itasca,"31","061","8","7",7A,38598.7963880841,92845340.3436093,"27310355",,,,,35.8475859066676,
"271310130",Walcott Twp,"0130",Walcott Twp,"080","67666",Rice,"66","131","1","19",19A,41941.049982988,85510849.8545265,"27660130",,,,,33.0157391288327,
"270650020",Brunswick Twp,"0020",Brunswick Twp,"015","08344",Kanabec,"33","065","8","11",11B,38319.3846370299,91644225.410822,"27330020",,,,,35.3838354311184,
"271210060",Grove Lake Twp,"0060",Grove Lake Twp,"055","26162",Pope,"61","121","7","12",12A,38617.9876037441,87327756.0904079,"27610060",,,,,33.7172466265065,
"270950095",Onamia Twp,"0095",Onamia Twp,"090","48328",Mille Lacs,"48","095","8","10",10A,39329.0138430587,93389191.4213393,"27480095",,,,,36.0575668077791,
"271110450",Western Twp,"0450",Western Twp,"405","69430",Otter Tail,"56","111","7","9",9A,38359.9527172388,91958619.3674932,"27560450",,,,,35.5052229377891,
"270910210",Westford Twp,"0210",Westford Twp,"150","69466",Martin,"46","091","1","22",22A,49395.742385835,94682661.7331825,"27460210",,,,,36.5569756951818,
"270050230",White Earth Twp,"0230",White Earth Twp,"205","70024",Becker,"3","005","8","2",2B,42155.5774269507,91241328.9270699,"27030230",,,,,35.2282770987417,
"271270220",Willow Lake Twp,"0220",Willow Lake Twp,"210","70474",Redwood,"64","127","7","15",15B,42261.0702367979,93251484.8771682,"27640220",,,,,36.0043983110746,
"271290185",Winfield Twp,"0185",Winfield Twp,"185","70852",Renville,"65","129","7","16",16A,38916.8423974786,94492186.0792339,"27650185",,,,,36.4834330451922,
"270990215",Waltham Twp,"0215",Waltham Twp,"160","67936",Mower,"50","099","1","23",23B,43608.1538716123,92945522.9620413,"27500215",,,,,35.8862664156441,
"271690140",Warren Twp,"0140",Warren Twp,"130","68188",Winona,"85","169","1","26",26A,38381.8571955041,92113156.1625133,"27850140",,,,,35.5648895943464,
"271070155",Waukon Twp,"0155",Waukon Twp,"150","68728",Norman,"54","107","7","1",1B,38775.6677736879,93820449.2282397,"27540155",,,,,36.2240754470234,
"270830185",Westerheim Twp,"0185",Westerheim Twp,"155","69412",Lyon,"42","083","7","15",15A,38809.0739529371,94021514.5162416,"27420185",,,,,36.3017067547209,
"270373710",Nininger Twp,"3710",Nininger Twp,"120","46330",Dakota,"19","037","2","41",41B,34189.0474958124,44079780.4355752,"27193710",78,Matt Little,2.56,"[{""name"": ""Abdi Abdulle"", ""votes"": 0, ""votes_pct"": 0.00, ""party"": ""DFL""}, {""name"": ""Matthew D. Klein"", ""votes"": 31, ""votes_pct"": 39.74, ""party"": ""DFL""}, {""name"": ""Hugh McTavish"", ""votes"": 2, ""votes_pct"": 2.56, ""party"": ""DFL""}, {""name"": ""Matt Little"", ""votes"": 33, ""votes_pct"": 42.31, ""party"": ""DFL""}, {""name"": ""Kaela Berg"", ""votes"": 12, ""votes_pct"": 15.38, ""party"": ""DFL""}, {""name"": ""Christopher Mosel"", ""votes"": 0, ""votes_pct"": 0.00, ""party"": ""DFL""}]",17.0192032261756,4.58305826444541
"270690140",Saint Joseph Twp,"0140",St. Joseph Twp,"140","57112",Kittson,"35","069","7","1",1A,43614.9670487284,116859093.3679,"27350140",,,,,45.1192959493463,
"271710090",French Lake Twp,"0090",French Lake Twp,"075","22760",Wright,"86","171","6","29",29A,38389.5206399094,91717034.8335324,"27860090",,,,,35.4119471492269,
"270570050",Hart Lake Twp,"0050",Hart Lake Twp,"050","27386",Hubbard,"29","057","8","2",2B,38465.1625112249,92093402.2433089,"27290050",,,,,35.5572626061416,
"271410067",Haven Twp P-2,"0067",Haven Twp,"050","27674",Sherburne,"71","141","6","27",27A,46345.2792688319,74282617.1485422,"27710067",,,,,28.6805184810521,
"271130055",Norden Twp,"0055",Norden Twp,"055","46510",Pennington,"57","113","7","1",1A,34017.0156036777,71413893.9936687,"27570055",,,,,27.5729044709555,
"271110300",Norwegian Grove Twp,"0300",Norwegian Grove Twp,"260","47482",Otter Tail,"56","111","7","9",9A,38432.3910801802,92502670.0438435,"27560300",,,,,35.715280903928,
"271110385",Rush Lake Twp,"0385",Rush Lake Twp,"345","56320",Otter Tail,"56","111","7","9",9B,44968.4907738395,90091324.5475171,"27560385",,,,,34.7842604077964,
"271450400",Saint Martin Twp,"0400",St. Martin Twp,"250","57256",Stearns,"73","145","7","12",12A,40939.9674843932,89919840.9873596,"27730400",,,,,34.7180506052195,
"271730130",Sandnes Twp,"0130",Sandnes Twp,"105","58378",Yellow Medicine,"87","173","7","15",15A,42104.6446664343,93625168.3948112,"27870130",,,,,36.1486775172366,
"270210310",Wilkinson Twp,"0310",Wilkinson Twp,"305","70348",Cass,"11","021","8","2",2B,38610.1983523601,93451853.9838848,"27110310",,,,,36.0817608231779,
"271370890",Prairie Lake Twp,"0890",Prairie Lake Twp,"380","52306",St. Louis,"69","137","8","7",7A,38496.2679313165,93035242.9989762,"27690890",,,,,35.9209073219047,
"270070190",Quiring Twp,"0190",Quiring Twp,"165","52828",Beltrami,"4","007","8","2",2A,38719.506262728,62682696.628662,"27040190",,,,,24.2017891683264,
"271370941",Unorg Prct 1,"0941",Potshot Lake Unorg,"238","52224",St. Louis,"69","137","8","7",7A,38379.810410056,91820608.3483757,"27690941",,,,,35.4519368833079,
"270630030",Des Moines Twp,"0030",Des Moines Twp,"030","15769",Jackson,"32","063","1","21",21B,53247.8658495791,80661467.5164847,"27320030",,,,,31.1433926081147,
"270810020",Diamond Lake Twp,"0020",Diamond Lake Twp,"020","15940",Lincoln,"41","081","7","21",21A,39282.0129195977,90718950.8361375,"27410020",,,,,35.0265869178327,
"270510040",Gorton Twp,"0040",Gorton Twp,"040","24650",Grant,"26","051","7","9",9A,51167.8164708352,89633417.4754476,"27260040",,,,,34.6074624872703,
"271510065",Edison Twp,"0065",Edison Twp,"060","18206",Swift,"76","151","7","12",12A,40367.8772573909,92637468.9169201,"27760065",,,,,35.7673267488229,
"270270050",Elkton Twp,"0050",Elkton Twp,"040","18710",Clay,"14","027","7","4",4B,38671.2806985571,93478608.2477425,"27140050",,,,,36.0920906444534,
"271010050",Ellsborough Twp,"0050",Ellsborough Twp,"050","18782",Murray,"51","101","7","21",21A,38592.2982778362,92992243.9003095,"27510050",,,,,35.9043053699095,
"271190260",Hammond Twp,"0260",Hammond Twp,"170","26810",Polk,"60","119","7","1",1B,38779.2288019276,93967862.2144849,"27600260",,,,,36.2809916010126,
"270950045",Hayland Twp,"0045",Hayland Twp,"045","27908",Mille Lacs,"48","095","8","10",10B,38403.2620179471,92888078.4957136,"27480045",,,,,35.864087107195,
"271710085",Franklin Twp,"0085",Franklin Twp,"070","22400",Wright,"86","171","6","29",29A,97706.7691383642,107938852.799934,"27860085",,,,,41.6751910660543,
"270090060",Rice,"0060",Rice,"055","53998",Benton,"5","009","6","10",10B,15847.2656420774,14864203.3463552,"27050060",,,,,5.73906891202775,
"271150005",Arlone Twp,"0005",Arlone Twp,"005","02188",Pine,"58","115","8","11",11B,38915.3333662358,94927210.8515346,"27580005",,,,,36.6513961097775,
"271450025",Avon Twp,"0025",Avon Twp,"020","03088",Stearns,"73","145","7","13",13A,66482.6372786915,88566074.8715424,"27730025",,,,,34.1953615079025,
"271210010",Barsness Twp,"0010",Barsness Twp,"010","03754",Pope,"61","121","7","12",12A,38393.6670904708,92092244.5976166,"27610010",,,,,35.5568156391398,
"270810005",Alta Vista Twp,"0005",Alta Vista Twp,"005","01180",Lincoln,"41","081","7","21",21A,38839.5252135117,94391173.7956582,"27410005",,,,,36.4444322025036,
"271130025",Goodridge,"0025",Goodridge,"024","24470",Pennington,"57","113","7","1",1A,3569.27500967589,517076.891986721,"27570025",,,,,0.199643387996073,
"270650040",Grasston,"0040",Grasston,"035","25424",Kanabec,"33","065","8","11",11B,6373.60507536346,2538576.61349137,"27330040",,,,,0.980144430469018,
"270630015",Belmont Twp,"0015",Belmont Twp,"015","04978",Jackson,"32","063","1","21",21B,38732.413567862,93698607.6173562,"27320015",,,,,36.1770324010612,
"271150025",Birch Creek Twp,"0025",Birch Creek Twp,"025","05986",Pine,"58","115","8","11",11A,43740.2142517462,90794343.7559073,"27580025",,,,,35.0556961241558,
"271150030",Bremen Twp,"0030",Bremen Twp,"030","07552",Pine,"58","115","8","11",11B,38749.3247068796,93529819.9634805,"27580030",,,,,36.1118634878998,
"270090025",Glendorado Twp,"0025",Glendorado Twp,"020","24020",Benton,"5","009","6","10",10B,38964.681032963,94679957.8077983,"27050025",,,,,36.5559317095909,
"270890060",Donnelly Twp,"0060",Donnelly Twp,"060","16066",Marshall,"45","089","7","1",1A,38692.3173418688,93640072.5777917,"27450060",,,,,36.1544320222854,
"271430050",Grafton Twp,"0050",Grafton Twp,"050","24794",Sibley,"72","143","7","17",17A,40237.4786542657,101060876.074609,"27720050",,,,,39.0196042524066,
"270070090",Grant Valley Twp,"0090",Grant Valley Twp,"070","25352",Beltrami,"4","007","8","2",2A,42543.7661033825,92410876.2983055,"27040090",,,,,35.6798393387757,
"270870025",Clover Twp,"0025",Clover Twp,"025","12250",Mahnomen,"44","087","8","2",2B,38477.2384496243,92463086.3243135,"27440025",,,,,35.6999976298174,
"270450120",Ostrander,"0120",Ostrander,"115","49030",Fillmore,"23","045","1","26",26B,4079.66132657666,844568.337752133,"27230120",,,,,0.326087835206098,
"270950105",Pease,"0105",Pease,"105","50056",Mille Lacs,"48","095","8","10",10B,7714.28598952229,1206580.33079378,"27480105",,,,,0.46586066571948,
"271070110",Perley,"0110",Perley,"105","50506",Norman,"54","107","7","1",1B,3191.96505851224,636731.653706786,"27540110",,,,,0.24584209149619,
"271330080",Magnolia City,"0080",Magnolia,"064","39338",Rock,"67","133","1","21",21A,6997.60292534522,2026312.1436957,"27670080",,,,,0.782359118680909,
"270270260",Ulen City,"0260",Ulen,"194","66136",Clay,"14","027","7","1",1B,8050.83060854846,2742110.49716055,"27140260",,,,,1.05872886295369,
"270374610",Vermillion City,"4610",Vermillion,"164","66802",Dakota,"19","037","2","58",58B,6507.08139914939,2572896.93963608,"27194610",36,Matt Little,11.11,"[{""name"": ""Abdi Abdulle"", ""votes"": 0, ""votes_pct"": 0.00, ""party"": ""DFL""}, {""name"": ""Matthew D. Klein"", ""votes"": 14, ""votes_pct"": 38.89, ""party"": ""DFL""}, {""name"": ""Hugh McTavish"", ""votes"": 2, ""votes_pct"": 5.56, ""party"": ""DFL""}, {""name"": ""Matt Little"", ""votes"": 18, ""votes_pct"": 50.00, ""party"": ""DFL""}, {""name"": ""Kaela Berg"", ""votes"": 2, ""votes_pct"": 5.56, ""party"": ""DFL""}, {""name"": ""Christopher Mosel"", ""votes"": 0, ""votes_pct"": 0.00, ""party"": ""DFL""}]",0.99339550839349,36.2393424329237
"271270200",Walnut Grove,"0200",Walnut Grove,"190","67846",Redwood,"64","127","7","15",15B,10111.4140761332,2771433.42316122,"27640200",,,,,1.07005044468255,
"270510115",Wendell,"0115",Wendell,"115","69142",Grant,"26","051","7","9",9A,6429.91330464326,2575820.71254359,"27260115",,,,,0.994524377113081,
"270390085",West Concord,"0085",West Concord,"085","69304",Dodge,"20","039","1","24",24A,7303.30412758246,2806496.90492996,"27200085",,,,,1.08358845499346,
"270670190",Willmar W-2 P-1,"0190",Willmar,"175","70420",Kandiyohi,"34","067","7","16",16B,13810.2803275172,5890258.93348447,"27340190",,,,,2.27422897421836,
"271190445",Winger City,"0445",Winger,"354","70870",Polk,"60","119","7","1",1B,4779.00001690364,837305.034138265,"27600445",,,,,0.323283473680784,
"270850145",Winsted City,"0145",Winsted,"109","71086",McLeod,"43","085","7","17",17B,27701.7329913336,4996843.34884491,"27430145",,,,,1.92928121698902,
"271730160",Wood Lake,"0160",Wood Lake,"134","71446",Yellow Medicine,"87","173","7","15",15A,5720.91906462406,1955003.50415367,"27870160",,,,,0.754826852953731,
"271270140",Seaforth,"0140",Seaforth,"130","59098",Redwood,"64","127","7","15",15B,6458.83802529293,2606543.3015211,"27640140",,,,,1.0063863687173,
"270070255",Tenstrike,"0255",Tenstrike,"215","64444",Beltrami,"4","007","8","2",2B,14286.4763823127,11544405.5126886,"27040255",,,,,4.45729496844907,
"271690130",Utica,"0130",Utica,"119","66424",Winona,"85","169","1","20",20B,6397.55254065553,2553805.69358986,"27850130",,,,,0.986024378295046,
"270730145",Providence Twp,"0145",Providence Twp,"125","52702",Lac qui Parle,"37","073","7","15",15A,38693.6470549946,93488973.2202918,"27370145",,,,,36.0960925603547,
"271130075",Reiner Twp,"0075",Reiner Twp,"075","53746",Pennington,"57","113","7","1",1A,33731.9135656785,69712586.7151217,"27570075",,,,,26.9160297307085,
"271250090",River Twp,"0090",River Twp,"075","54538",Red Lake,"63","125","7","1",1B,25386.8383230999,30579076.7858262,"27630090",,,,,11.8065815470075,
"271450180",Melrose Twp,"0180",Melrose Twp,"155","41588",Stearns,"73","145","7","12",12B,50844.0719666032,103513872.970898,"27730180",,,,,39.9667063540637,
"271371010",Unorg Prct 21,"1010",Northwest St. Louis Unorg,"354","47362",St. Louis,"69","137","8","3",3A,311436.530324995,1750816663.39386,"27691010",,,,,675.990313736368,
"271630035",Birchwood Village,"0035",Birchwood Village,"025","06058",Washington,"82","163","4","36",36B,4547.94699530031,883036.283003919,"27820035",,,,,0.340940308867813,
"271370055",Biwabik,"0055",Biwabik,"058","06148",St. Louis,"69","137","8","7",7B,44258.131461151,26178356.7744574,"27690055",,,,,10.107463550618,
"270070165",Nebish Twp,"0165",Nebish Twp,"145","45088",Beltrami,"4","007","8","2",2A,38656.5827918078,92917536.889685,"27040165",,,,,35.8754609931074,
"271490050",Hancock,"0050",Hancock,"050","26936",Stevens,"75","149","7","12",12A,8428.79242759666,2356093.54329684,"27750050",,,,,0.90968771706691,
"271210100",New Prairie Twp,"0100",New Prairie Twp,"095","45844",Pope,"61","121","7","12",12A,42189.4069746632,92819112.5693977,"27610100",,,,,35.8374593630445,
"270890190",New Solum Twp,"0190",New Solum Twp,"190","45970",Marshall,"45","089","7","1",1A,44218.1157306305,119889192.404087,"27450190",,,,,46.2892171872179,
"270350225",Nokay Lake Twp,"0225",Nokay Lake Twp,"160","46384",Crow Wing,"18","035","8","6",6A,38558.4833056148,93193588.270394,"27180225",,,,,35.9820444311991,
"270010145",Nordland Twp,"0145",Nordland Twp,"140","46546",Aitkin,"1","001","8","10",10A,38954.8149966362,94947181.6295857,"27010145",,,,,36.659106827183,
"271730100",Normania Twp,"0100",Normania Twp,"073","46690",Yellow Medicine,"87","173","7","15",15A,38796.9018003707,93979509.0139305,"27870100",,,,,36.2854884302786,
"270590050",North Branch Twp,"0050",North Branch Twp,"050","46816",Isanti,"30","059","8","28",28A,38128.4218755404,90571178.5442206,"27300050",,,,,34.9695320359236,
"270270150",Moland Twp,"0150",Moland Twp,"140","43576",Clay,"14","027","7","4",4B,38177.7269050226,91118816.0249504,"27140150",,,,,35.1809748672333,
"270550090",Money Creek Twp,"0090",Money Creek Twp,"070","43648",Houston,"28","055","1","26",26B,46477.8333301274,92464220.8735658,"27280090",,,,,35.7004356792838,
"270210317",Winnie Portage Lakes,"0317",Winnie Portage Lakes Unorg,"312","46823",Cass,"11","021","8","2",2B,152105.931601035,626530500.884114,"27110317",,,,,241.903426391356,
"271550080",Walls Twp,"0080",Walls Twp,"085","67828",Traverse,"78","155","7","9",9A,38829.9335684249,94142402.5099329,"27780080",,,,,36.3483816090851,
"271150165",Park Twp,"0165",Park Twp,"155","49660",Pine,"58","115","8","11",11A,39020.7042812537,95250626.275098,"27580165",,,,,36.7762668048153,
"270010140",Morrison Twp,"0140",Morrison Twp,"135","44278",Aitkin,"1","001","8","7",7A,38891.4233016468,95188786.0820914,"27010140",,,,,36.7523903062955,
"270210200",Pine Lake Twp,"0200",Pine Lake Twp,"195","51172",Cass,"11","021","8","2",2B,38046.7536881856,88900865.2216814,"27110200",,,,,34.3246240620912,
"270210225",Powers Twp,"0225",Powers Twp,"220","52252",Cass,"11","021","8","5",5A,48616.970073803,91377390.9820729,"27110225",,,,,35.2808106581783,
"271110410",Tordenskjold Twp,"0410",Tordenskjold Twp,"370","65218",Otter Tail,"56","111","7","9",9B,39304.2688127372,93268001.7571581,"27560410",,,,,36.0107754784387,
"271290040",Buffalo Lake,"0040",Buffalo Lake,"040","08488",Renville,"65","129","7","16",16A,10077.1806731686,1697156.27698221,"27650040",,,,,0.655272038542831,
"270410155",Osakis City,"0155",Osakis,"134","48796",Douglas,"21","041","7","12",12B,9353.94315169384,4281852.27756831,"27210155",,,,,1.65322316436912,
"270730095",Madison,"0095",Madison,"085","39266",Lac qui Parle,"37","073","7","15",15A,11087.7607620647,2948489.81630984,"27370095",,,,,1.13841191807723,
"271270195",Wabasso,"0195",Wabasso,"185","67396",Redwood,"64","127","7","15",15B,6647.89880528565,2201019.82555252,"27640195",,,,,0.849813754645829,
"271290165",Sacred Heart Twp,"0165",Sacred Heart Twp,"160","56590",Renville,"65","129","7","16",16A,58169.2700581739,133424473.877428,"27650165",,,,,51.5151893640748,
"271430035",Faxon Twp,"0035",Faxon Twp,"035","20726",Sibley,"72","143","7","17",17B,42238.1375892362,55617912.4485084,"27720035",,,,,21.4740759963691,
"270090115",Sauk Rapids Twp,"0115",Sauk Rapids Twp,"075","58702",Benton,"5","009","6","13",13B,45486.9160204865,19504694.5519571,"27050115",,,,,7.53076256651062,
"270690150",Saint Vincent Twp,"0150",St. Vincent Twp,"145","58162",Kittson,"35","069","7","1",1A,56163.7656694717,141177044.011291,"27350150",,,,,54.5084566927596,
"270510105",Sanford Twp,"0105",Sanford Twp,"105","58468",Grant,"26","051","7","9",9A,52194.1756189533,88759047.1310258,"27260105",,,,,34.269868097289,
"270550080",La Crescent Twp,"0080",La Crescent Twp,"055","33884",Houston,"28","055","1","26",26B,57361.7022809346,58097832.1472844,"27280080",,,,,22.4315729920665,
"271350085",Lake Twp,"0085",Lake Twp,"088","34010",Roseau,"68","135","7","1",1A,83494.2731500371,149089869.726192,"27680085",,,,,57.5635987012828,
"270870095",Waubun,"0095",Waubun,"085","68674",Mahnomen,"44","087","8","2",2B,6901.45331882043,2295155.9077308,"27440095",,,,,0.886159695974862,
"270130045",Garden City Twp,"0045",Garden City Twp,"045","23102",Blue Earth,"7","013","1","22",22A,43860.3239378453,89064864.7226481,"27070045",,,,,34.3879442694144,
"271490020",Darnen Twp,"0020",Darnen Twp,"020","14824",Stevens,"75","149","7","12",12A,46186.9796654441,85997686.5072522,"27750020",,,,,33.2037067604501,
"270930055",Dassel Twp,"0055",Dassel Twp,"050","14896",Meeker,"47","093","7","17",17A,56238.6112942064,88216284.0615946,"27470055",,,,,34.0603072761817,
"271650015",Butterfield,"0015",Butterfield,"014","08992",Watonwan,"83","165","1","21",21B,7744.41682187201,1092338.02708538,"27830015",,,,,0.421751712257664,
"271650020",Butterfield Twp,"0020",Butterfield Twp,"015","09010",Watonwan,"83","165","1","21",21B,46345.1754535421,92165735.3410402,"27830020",,,,,35.5851904151756,
"270170110",Moose Lake,"0110",Moose Lake,"079","43954",Carlton,"9","017","8","11",11A,24700.1209926869,9326503.5246078,"27090110",,,,,3.60096301085107,
"271210080",Leven Twp,"0080",Leven Twp,"075","36764",Pope,"61","121","7","12",12B,43060.1276038165,91521546.8597178,"27610080",,,,,35.3364692425371,
"271470020",Blooming Prairie Twp,"0020",Blooming Prairie Twp,"015","06598",Steele,"74","147","1","23",23B,42867.2558464755,90208255.1326009,"27740020",,,,,34.8294073066972,
"270390090",Westfield Twp,"0090",Westfield Twp,"090","69448",Dodge,"20","039","1","24",24A,38719.0380991108,93657741.7657728,"27200090",,,,,36.1612540957649,
"270830045",Florence,"0045",Florence,"045","21410",Lyon,"42","083","7","15",15A,3851.9686270887,268005.6016125,"27420045",,,,,0.103476962782586,
"271090085",Oronoco Twp,"0085",Oronoco Twp,"080","48616",Olmsted,"55","109","1","25",25A,56062.5801238565,82714729.1900356,"27550085",,,,,31.9361569402728,
"271410024",Big Lake City P-3,"0024",Big Lake,"019","05752",Sherburne,"71","141","6","27",27A,29249.6425145764,7739432.47837207,"27710024",,,,,2.98819487989946,
"270170115",Moose Lake Twp,"0115",Moose Lake Twp,"080","43972",Carlton,"9","017","8","11",11A,79270.7539429292,85894877.6015003,"27090115",,,,,33.1640122419393,
"271110355",Pelican Rapids,"0355",Pelican Rapids,"315","50164",Otter Tail,"56","111","7","9",9A,15268.0276873629,6935432.67910795,"27560355",,,,,2.67777055740358,
"270850115",Plato City,"0115",Plato,"080","51460",McLeod,"43","085","7","17",17B,5244.84544996496,843476.4772188,"27430115",,,,,0.325666267854179,
"270670130",Prinsburg,"0130",Prinsburg,"130","52558",Kandiyohi,"34","067","7","16",16B,6471.2156278213,2619376.31548813,"27340130",,,,,1.01134119540997,
"271350150",Roosevelt,"0150",Roosevelt,"150","55438",Roseau,"68","135","7","1",1A,6440.43712552585,2592419.37655571,"27680150",,,,,1.00093312128816,
"271050115",Round Lake,"0115",Round Lake,"115","56086",Nobles,"53","105","1","21",21B,11123.0248191891,1875848.59820734,"27530115",,,,,0.724265143767854,
"270970215",Royalton,"0215",Royalton,"205","56176",Morrison,"49","097","7","10",10B,8971.69295750875,4165313.98446402,"27490215",,,,,1.60822772940156,
"270930015",Cedar Mills Twp,"0015",Cedar Mills Twp,"010","10486",Meeker,"47","093","7","16",16A,45973.6586742497,101347995.663273,"27470015",,,,,39.1304611255898,
"271110075",Corliss Twp,"0075",Corliss Twp,"070","13240",Otter Tail,"56","111","7","9",9B,38952.7402136146,95653751.7071271,"27560075",,,,,36.9319135341218,
"270070120",Kelliher,"0120",Kelliher,"099","32606",Beltrami,"4","007","8","2",2B,9683.54274703299,5862850.64238333,"27040120",,,,,2.2636466330242,
"270690090",Kennedy,"0090",Kennedy,"090","32732",Kittson,"35","069","7","1",1A,7199.63237623457,1140985.85491399,"27350090",,,,,0.440534638582291,
"271670090",Kent City,"0090",Kent,"070","32786",Wilkin,"84","167","7","9",9A,3550.62412909763,677238.723404668,"27840090",,,,,0.261481871106542,
"271150115",Kerrick,"0115",Kerrick,"109","32912",Pine,"58","115","8","11",11A,6426.96737594195,2581595.35881243,"27580115",,,,,0.996753968037479,
"270430095",Kiester,"0095",Kiester,"058","33056",Faribault,"22","043","1","23",23A,5237.6700638869,1121291.02130894,"27220095",,,,,0.432930463327382,
"271650035",La Salle,"0035",La Salle,"035","35702",Watonwan,"83","165","1","22",22A,2158.42414196755,227004.513241805,"27830035",,,,,0.0876464425626611,
"271030035",Lafayette City,"0035",Lafayette,"034","33920",Nicollet,"52","103","1","18",18A,8049.98691464099,3248260.99809453,"27520035",,,,,1.2541535713643,
"271630180",Lake Saint Croix Beach,"0180",Lake St. Croix Beach,"090","34865",Washington,"82","163","4","41",41A,7126.64412468941,2526516.86498289,"27820180",,,,,0.975488161569893,
"270970110",Lastrup,"0110",Lastrup,"110","35720",Morrison,"49","097","7","10",10A,4860.90890591044,1150432.80081589,"27490110",,,,,0.444182104395014,
"270970125",Little Falls W-2,"0125",Little Falls,"120","37556",Morrison,"49","097","7","10",10A,20102.3355956282,8755363.02655556,"27490125",,,,,3.3804456645531,
"271530126",Long Prairie,"0126",Long Prairie,"124","38060",Todd,"77","153","7","5",5B,33580.720309985,7636314.34788694,"27770126",,,,,2.94838096971915,
"270470065",Alden,"0065",Alden,"014","00838",Freeborn,"24","047","1","23",23A,6420.48702353425,2576685.78207614,"27240065",,,,,0.994858380459599,
"271450030",Belgrade,"0030",Belgrade,"025","04762",Stearns,"73","145","7","12",12A,8439.14821172222,3118548.28243292,"27730030",,,,,1.20407149184735,
"270350060",Center Twp,"0060",Center Twp,"020","10567",Crow Wing,"18","035","8","6",6B,41630.2489421378,56318493.7326613,"27180060",,,,,21.7445704301805,
"270190010",Camden Twp,"0010",Camden Twp,"015","09406",Carver,"10","019","6","17",17B,47398.819613168,89086189.5812544,"27100010",,,,,34.3961777973223,
"270450055",Chatfield Twp,"0055",Chatfield Twp,"055","11026",Fillmore,"23","045","1","26",26B,48357.6263802768,88333445.7474973,"27230055",,,,,34.1055434031087,
"270270045",Eglon Twp,"0045",Eglon Twp,"035","18314",Clay,"14","027","7","4",4B,38649.7243291589,93208734.4366478,"27140045",,,,,35.9878923659897,
"270510025",Elbow Lake Twp,"0025",Elbow Lake Twp,"020","18476",Grant,"26","051","7","9",9A,38549.9842295124,92920328.3763908,"27260025",,,,,35.8765387861245,
"270050110",Hamden Twp,"0110",Hamden Twp,"085","26684",Becker,"3","005","7","4",4B,38389.1021378359,92078194.6269308,"27030110",,,,,35.551390945458,
"270910030",Elm Creek Twp,"0030",Elm Creek Twp,"030","18854",Martin,"46","091","1","21",21B,38730.7323948862,93573401.1494724,"27460030",,,,,36.1286901838113,
"270430070",Elmore Twp,"0070",Elmore Twp,"040","19016",Faribault,"22","043","1","23",23A,42580.9470382118,91011376.0032873,"27220070",,,,,35.1394922748692,
"271690045",Hart Twp,"0045",Hart Twp,"040","27350",Winona,"85","169","1","26",26A,38393.3466617067,92090433.8040069,"27850045",,,,,35.5561164917271,
"271550025",Dollymount Twp,"0025",Dollymount Twp,"025","16012",Traverse,"78","155","7","9",9A,39918.4032276489,99484572.9816357,"27780025",,,,,38.4109936282096,
"271490030",Donnelly Twp,"0030",Donnelly Twp,"025","16102",Stevens,"75","149","7","12",12A,47836.2620773866,88035664.0654828,"27750030",,,,,33.9905698956829,
"270031705",Fridley W-2 P-1,"1705",Fridley,"055","22814",Anoka,"2","003","5","39",39A,6907.67702795362,2268656.24431269,"27021705",,,,,0.87592817592913,
"271370075",Brookston,"0075",Brookston,"073","08056",St. Louis,"69","137","8","11",11A,5076.50366762251,1412042.04702857,"27690075",,,,,0.545189434357732,
"271410150",Livonia Twp P-2,"0150",Livonia Twp,"060","37754",Sherburne,"71","141","6","27",27B,32240.2354011075,46548277.1771054,"27710150",,,,,17.9722898180804,
"270510065",Lien Twp,"0065",Lien Twp,"065","36998",Grant,"26","051","7","9",9A,46738.9624626541,89369673.8505705,"27260065",,,,,34.5056310737053,
"271390060",Louisville Twp,"0060",Louisville Twp,"060","38294",Scott,"70","139","2","54",54B,31743.538760993,37597740.6025181,"27700060",101,Matt Little,12.87,"[{""name"": ""Abdi Abdulle"", ""votes"": 5, ""votes_pct"": 4.95, ""party"": ""DFL""}, {""name"": ""Matthew D. Klein"", ""votes"": 31, ""votes_pct"": 30.69, ""party"": ""DFL""}, {""name"": ""Hugh McTavish"", ""votes"": 3, ""votes_pct"": 2.97, ""party"": ""DFL""}, {""name"": ""Matt Little"", ""votes"": 44, ""votes_pct"": 43.56, ""party"": ""DFL""}, {""name"": ""Kaela Berg"", ""votes"": 18, ""votes_pct"": 17.82, ""party"": ""DFL""}, {""name"": ""Christopher Mosel"", ""votes"": 0, ""votes_pct"": 0.00, ""party"": ""DFL""}]",14.5164876466322,6.9576058932845
"271330075",Luverne Twp P-1,"0075",Luverne Twp,"060","38582",Rock,"67","133","1","21",21A,40649.6300563877,57262708.5866326,"27670075",,,,,22.1091317852989,
"270830085",Lynd Twp,"0085",Lynd Twp,"080","38726",Lyon,"42","083","7","15",15A,55299.7629697461,91202680.9601968,"27420085",,,,,35.213355118732,
"270070225",Spruce Grove Twp,"0225",Spruce Grove Twp,"190","62230",Beltrami,"4","007","8","2",2A,37916.884820872,89510656.4748832,"27040225",,,,,34.5600644649524,
"271130115",Star Twp,"0115",Star Twp,"110","62482",Pennington,"57","113","7","1",1A,38703.7997185105,93679667.3208114,"27570115",,,,,36.1697195525653,
"270730070",Hamlin Twp,"0070",Hamlin Twp,"060","26774",Lac qui Parle,"37","073","7","15",15A,38656.5097539603,93371564.4040401,"27370070",,,,,36.0507610163999,
"270450085",Harmony Twp,"0085",Harmony Twp,"075","27206",Fillmore,"23","045","1","26",26B,50799.9288551786,89841442.8401386,"27230085",,,,,34.6877810805775,
"270270110",Hawley Twp,"0110",Hawley Twp,"095","27764",Clay,"14","027","7","4",4B,45187.4919861532,80545700.9088023,"27140110",,,,,31.0986951208886,
"270270090",Glyndon Twp,"0090",Glyndon Twp,"075","24200",Clay,"14","027","7","4",4B,56670.2869659309,87498080.2462187,"27140090",,,,,33.783008783065,
"270670030",Dovre Twp,"0030",Dovre Twp,"030","16336",Kandiyohi,"34","067","7","16",16B,40219.1979392955,89189798.2527041,"27340030",,,,,34.4361811053691,
"271090025",Dover Twp,"0025",Dover Twp,"020","16282",Olmsted,"55","109","1","20",20B,45157.9354658094,90178562.6922,"27550025",,,,,34.8179430554584,
"271690015",Dresbach Twp,"0015",Dresbach Twp,"015","16408",Winona,"85","169","1","26",26A,29348.9662114204,24481603.1293167,"27850015",,,,,9.45234696822919,
"271690115",Saint Charles Twp,"0115",St. Charles Twp,"105","56806",Winona,"85","169","1","20",20B,56510.986206113,82615289.3241909,"27850115",,,,,31.8977632080701,
"271070015",Anthony Twp,"0015",Anthony Twp,"010","01774",Norman,"54","107","7","1",1B,38623.3736592047,93228966.2137223,"27540015",,,,,35.9957038551182,
"270390080",Wasioja Twp,"0080",Wasioja Twp,"080","68404",Dodge,"20","039","1","24",24A,57367.2583755772,92134676.2554396,"27200080",,,,,35.5731985022252,
"271570100",Minneiska Twp,"0100",Minneiska Twp,"085","43054",Wabasha,"79","157","1","20",20B,31323.3362622923,46346918.0986614,"27790100",,,,,17.8945450778932,
"270490095",Minneola Twp,"0095",Minneola Twp,"095","43072",Goodhue,"25","049","1","20",20B,49420.5511555881,85246465.3437669,"27250095",,,,,32.9136602692284,
"271730090",Minnesota Falls Twp,"0090",Minnesota Falls Twp,"065","43180",Yellow Medicine,"87","173","7","15",15A,46034.7045616767,81441160.8214452,"27870090",,,,,31.44443219316,
"271690090",Pleasant Hill Twp,"0090",Pleasant Hill Twp,"080","51568",Winona,"85","169","1","26",26A,38386.2432315174,92355321.9250606,"27850090",,,,,35.6583897952659,
"270350100",Dean Lake Prec,"0100",Dean Lake Unorg,"050","59161",Crow Wing,"18","035","8","6",6A,31127.9763302719,46974453.4936341,"27180100",,,,,18.1368364938921,
"270850130",Silver Lake City,"0130",Silver Lake,"095","60376",McLeod,"43","085","7","17",17A,7672.5506233683,1067746.14160461,"27430130",,,,,0.412256785273542,
"271630285",Saint Mary's Point,"0285",St. Mary's Point,"160","57292",Washington,"82","163","4","41",41A,4965.6393564565,1012289.37175316,"27820285",,,,,0.390844926433895,
"271570060",Lake Twp,"0060",Lake Twp,"065","34028",Wabasha,"79","157","1","20",20A,51320.6420170404,76257572.0979488,"27790060",,,,,29.443048587018,
"270810015",Ash Lake Twp,"0015",Ash Lake Twp,"015","02476",Lincoln,"41","081","7","21",21A,40171.0922059718,95111031.5722635,"27410015",,,,,36.7223692900509,
"271470010",Berlin Twp,"0010",Berlin Twp,"010","05374",Steele,"74","147","1","23",23A,45821.009857536,91623809.2596296,"27740010",,,,,35.375952755143,
"271630130",Grant P-1,"0130",Grant,"060","25334",Washington,"82","163","4","41",41A,29887.3759853127,44742679.1209279,"27820130",,,,,17.2751484085903,
"270790105",New Prague,"0105",New Prague,"090","45808",Le Sueur,"40","079","2","22",22B,14029.8038968407,4281216.65406394,"27400105",225,Matthew D. Klein,8.44,"[{""name"": ""Abdi Abdulle"", ""votes"": 9, ""votes_pct"": 4.00, ""party"": ""DFL""}, {""name"": ""Matthew D. Klein"", ""votes"": 95, ""votes_pct"": 42.22, ""party"": ""DFL""}, {""name"": ""Hugh McTavish"", ""votes"": 6, ""votes_pct"": 2.67, ""party"": ""DFL""}, {""name"": ""Matt Little"", ""votes"": 76, ""votes_pct"": 33.78, ""party"": ""DFL""}, {""name"": ""Kaela Berg"", ""votes"": 39, ""votes_pct"": 17.33, ""party"": ""DFL""}, {""name"": ""Christopher Mosel"", ""votes"": 0, ""votes_pct"": 0.00, ""party"": ""DFL""}]",1.65297775013409,136.117984638177
"270050150",Ogema,"0150",Ogema,"125","48130",Becker,"3","005","8","2",2B,7432.54230740731,2492335.00369036,"27030150",,,,,0.962290544924849,
"271630220",Newport,"0220",Newport,"120","45790",Washington,"82","163","2","53",53B,16603.0449234377,10050578.6801724,"27820220",399,Matt Little,5.51,"[{""name"": ""Abdi Abdulle"", ""votes"": 17, ""votes_pct"": 4.26, ""party"": ""DFL""}, {""name"": ""Matthew D. Klein"", ""votes"": 135, ""votes_pct"": 33.83, ""party"": ""DFL""}, {""name"": ""Hugh McTavish"", ""votes"": 16, ""votes_pct"": 4.01, ""party"": ""DFL""}, {""name"": ""Matt Little"", ""votes"": 157, ""votes_pct"": 39.35, ""party"": ""DFL""}, {""name"": ""Kaela Berg"", ""votes"": 71, ""votes_pct"": 17.79, ""party"": ""DFL""}, {""name"": ""Christopher Mosel"", ""votes"": 3, ""votes_pct"": 0.75, ""party"": ""DFL""}]",3.88052842841457,102.821048050669
"271450095",Freeport,"0095",Freeport,"085","22652",Stearns,"73","145","7","12",12A,10670.0212655793,3023266.88923836,"27730095",,,,,1.16728334593493,
"271110390",Saint Olaf Twp,"0390",St. Olaf Twp,"350","57382",Otter Tail,"56","111","7","9",9A,38660.2289401592,93417789.4564928,"27560390",,,,,36.0686085091519,
"270010170",Seavey Twp,"0170",Seavey Twp,"165","59134",Aitkin,"1","001","8","10",10A,38706.5430288861,93530815.9293665,"27010170",,,,,36.1122480303284,
"271090515",Rock Dell Twp,"0515",Rock Dell Twp,"105","54988",Olmsted,"55","109","1","24",24A,38576.6888450106,93012183.7678778,"27550515",,,,,35.9120041527776,
"271190385",Roome Twp,"0385",Roome Twp,"295","55384",Polk,"60","119","7","1",1B,38714.2047901695,93664035.2199349,"27600385",,,,,36.1636839984169,
"270970105",Lakin Twp,"0105",Lakin Twp,"105","35252",Morrison,"49","097","7","10",10B,38592.6750280223,92973894.6852711,"27490105",,,,,35.8972207379832,
"270070130",Lammers Twp,"0130",Lammers Twp,"110","35324",Beltrami,"4","007","8","2",2A,45242.7923449885,91005696.2520906,"27040130",,,,,35.1372993229322,
"270150060",Leavenworth Twp,"0060",Leavenworth Twp,"060","36116",Brown,"8","015","7","15",15B,40134.6470355166,91562991.6558359,"27080060",,,,,35.3524710783182,
"270690105",McKinley Unorg,"0105",McKinley Unorg,"105","39112",Kittson,"35","069","7","1",1A,43876.114776418,118958768.484208,"27350105",,,,,45.9299805117527,
"271490115",Synnes Twp,"0115",Synnes Twp,"105","63976",Stevens,"75","149","7","12",12A,38529.2544783725,92972641.9739814,"27750115",,,,,35.8967370661542,
"270450140",Preston,"0140",Preston,"134","52450",Fillmore,"23","045","1","26",26B,17952.7722868071,6464802.71801395,"27230140",,,,,2.49606032942519,
"270470070",Alden Twp,"0070",Alden Twp,"015","00856",Freeborn,"24","047","1","23",23A,41883.864124191,91340473.9727076,"27240070",,,,,35.2665570008624,
"270330005",Amboy Twp,"0005",Amboy Twp,"005","01342",Cottonwood,"17","033","7","21",21A,43088.8879181098,92059858.0963367,"27170005",,,,,35.5443112109956,
"270470130",Glenville,"0130",Glenville,"080","24056",Freeborn,"24","047","1","23",23A,10787.1153452726,3119689.82757357,"27240130",,,,,1.20451224242616,
"270870015",Bejou Twp,"0015",Bejou Twp,"010","04690",Mahnomen,"44","087","8","2",2B,43786.2068228407,96963752.8503734,"27440015",,,,,37.4377049755292,
"270070050",Birch Twp,"0050",Birch Twp,"030","05914",Beltrami,"4","007","8","2",2B,38752.5126739356,93670074.2520535,"27040050",,,,,36.1660156687178,
"271410030",Blue Hill Twp,"0030",Blue Hill Twp,"030","06742",Sherburne,"71","141","6","27",27B,38848.1847956369,94256329.3388736,"27710030",,,,,36.3923687577391,
"270610065",Bowstring Twp,"0065",Bowstring Twp,"055","07102",Itasca,"31","061","8","2",2B,38750.620976735,92181658.2042313,"27310065",,,,,35.5913382326537,
"271350015",Barto Twp,"0015",Barto Twp,"015","03808",Roseau,"68","135","7","1",1A,39065.0781642838,95507798.946525,"27680015",,,,,36.8755611732533,
"270150010",Bashaw Twp,"0010",Bashaw Twp,"010","03826",Brown,"8","015","7","15",15B,40293.1065380923,92574728.3729569,"27080010",,,,,35.7431026247987,
"270450015",Beaver Twp,"0015",Beaver Twp,"015","04402",Fillmore,"23","045","1","26",26B,38673.2621216277,93592882.2955137,"27230015",,,,,36.1362118542978,
"270550040",Eitzen,"0040",Eitzen,"030","18368",Houston,"28","055","1","26",26B,6724.63497707633,1591344.47811599,"27280040",,,,,0.614418103000586,
"270450020",Bloomfield Twp,"0020",Bloomfield Twp,"020","06544",Fillmore,"23","045","1","26",26B,42723.2871204702,92440572.8593302,"27230020",,,,,35.6913051809874,
"270410145",Nelson,"0145",Nelson,"125","45106",Douglas,"21","041","7","12",12B,6863.65376314763,1675519.16642519,"27210145",,,,,0.646917950156767,
"270470085",Carlston Twp,"0085",Carlston Twp,"035","10000",Freeborn,"24","047","1","23",23A,39523.0067938719,93133750.434789,"27240085",,,,,35.958941042872,
"270330025",Carson Twp,"0025",Carson Twp,"025","10108",Cottonwood,"17","033","7","21",21A,38581.5287599661,92985658.337686,"27170025",,,,,35.9017626841806,
"271570010",Chester Twp,"0010",Chester Twp,"010","11242",Wabasha,"79","157","1","20",20A,39043.9788052356,91865077.2370455,"27790010",,,,,35.4691063212233,
"271030015",Brighton Twp,"0015",Brighton Twp,"015","07732",Nicollet,"52","103","1","18",18A,30434.9847227982,49381824.9813157,"27520015",,,,,19.066322625286,
"270950010",Bogus Brook Twp,"0010",Bogus Brook Twp,"010","06850",Mille Lacs,"48","095","8","10",10B,38718.374659096,93938424.3275537,"27480010",,,,,36.2696256328685,
"270372260",Farmington P-6,"2260",Farmington,"040","20618",Dakota,"19","037","2","58",58B,19108.3885365329,15300222.4447186,"27192260",336,Matt Little,42.26,"[{""name"": ""Abdi Abdulle"", ""votes"": 4, ""votes_pct"": 1.19, ""party"": ""DFL""}, {""name"": ""Matthew D. Klein"", ""votes"": 74, ""votes_pct"": 22.02, ""party"": ""DFL""}, {""name"": ""Hugh McTavish"", ""votes"": 9, ""votes_pct"": 2.68, ""party"": ""DFL""}, {""name"": ""Matt Little"", ""votes"": 216, ""votes_pct"": 64.29, ""party"": ""DFL""}, {""name"": ""Kaela Berg"", ""votes"": 32, ""votes_pct"": 9.52, ""party"": ""DFL""}, {""name"": ""Christopher Mosel"", ""votes"": 1, ""votes_pct"": 0.30, ""party"": ""DFL""}]",5.90741588590585,56.8776613140853
"270290010",Bear Creek Twp,"0010",Bear Creek Twp,"010","04186",Clearwater,"15","029","8","2",2B,36690.2618878661,83567697.1638161,"27150010",,,,,32.2654878749494,
"270410035",Belle River Twp,"0035",Belle River Twp,"015","04924",Douglas,"21","041","7","12",12B,38665.0631660278,93199652.9347009,"27210035",,,,,35.984385998088,
"270610015",Ardenhurst Twp,"0015",Ardenhurst Twp,"015","02044",Itasca,"31","061","8","3",3A,38162.9115064762,89593771.3534991,"27310015",,,,,34.592155119586,
"270450010",Arendahl Twp,"0010",Arendahl Twp,"010","02098",Fillmore,"23","045","1","26",26B,38521.5279327345,92607156.4298256,"27230010",,,,,35.7556230975557,
"270630020",Christiania Twp,"0020",Christiania Twp,"020","11476",Jackson,"32","063","1","21",21B,38710.0298010726,93750842.0059008,"27320020",,,,,36.1972000984783,
"271250010",Browns Creek Twp,"0010",Browns Creek Twp,"010","08146",Red Lake,"63","125","7","1",1B,25741.1712083967,31154881.8839326,"27630010",,,,,12.0288998953864,
"270970030",Buckman Twp,"0030",Buckman Twp,"025","08434",Morrison,"49","097","7","10",10B,55340.9312473019,141260232.995918,"27490030",,,,,54.5405759597241,
"271530015",Bertha Twp,"0015",Bertha Twp,"010","05500",Todd,"77","153","7","5",5B,48389.8543599431,91519500.722416,"27770015",,,,,35.3356792289248,
"270670135",Raymond,"0135",Raymond,"135","53296",Kandiyohi,"34","067","7","16",16B,10915.4578549089,2232447.48357918,"27340135",,,,,0.861947973409921,
"270010225",Williams Twp,"0225",Williams Twp,"220","70384",Aitkin,"1","001","8","10",10A,40321.1261544902,92745244.6967733,"27010225",,,,,35.8089389774242,
"270410160",Osakis Twp,"0160",Osakis Twp,"135","48814",Douglas,"21","041","7","12",12B,46579.0042424376,88702085.6587481,"27210160",,,,,34.2478752728426,
"270470180",Moscow Twp,"0180",Moscow Twp,"130","44404",Freeborn,"24","047","1","23",23B,38733.9902196903,93751376.2936448,"27240180",,,,,36.1974063869762,
"271371000",Unorg Prct 19,"1000",Nett Lake Unorg,"332","45281",St. Louis,"69","137","8","3",3A,48671.5732117018,91614478.3844509,"27691000",,,,,35.3723501042365,
"270970035",Buh Twp,"0035",Buh Twp,"035","08506",Morrison,"49","097","7","10",10A,41275.2112852083,93084792.0255893,"27490035",,,,,35.94003820108,
"271110050",Candor Twp,"0050",Candor Twp,"045","09622",Otter Tail,"56","111","7","9",9B,45067.8311479291,89208211.2582164,"27560050",,,,,34.4432903667974,
"271130015",Cloverleaf Twp,"0015",Cloverleaf Twp,"015","12304",Pennington,"57","113","7","1",1A,33730.1026168727,69709890.0410979,"27570015",,,,,26.9149885448679,
"270010035",Cornish Twp,"0035",Cornish Twp,"035","13330",Aitkin,"1","001","8","7",7A,38370.0747947967,92083517.7775092,"27010035",,,,,35.5534462138963,
"271670065",Champion Twp,"0065",Champion Twp,"050","10828",Wilkin,"84","167","7","9",9A,48080.6994960653,83132529.2512949,"27840065",,,,,32.0974695439249,
"270050040",Cormorant Twp,"0040",Cormorant Twp,"040","13294",Becker,"3","005","7","4",4B,38771.4951115423,93946472.9337728,"27030040",,,,,36.2727331997297,
"271370130",Cotton Twp,"0130",Cotton Twp,"115","13528",St. Louis,"69","137","8","7",7B,57960.6208034266,186641541.604503,"27690130",,,,,72.0622992134985,
"271570075",Lake City P-3,"0075",Lake City,"067","34172",Wabasha,"79","157","1","20",20A,17229.6396456476,6850076.43874889,"27790075",,,,,2.64481451300095,
"271190020",Belgium Twp,"0020",Belgium Twp,"020","04726",Polk,"60","119","7","1",1B,38834.3053054698,94259393.7563843,"27600020",,,,,36.39355192934,
"271590010",Aldrich Twp,"0010",Aldrich Twp,"005","00910",Wadena,"80","159","7","5",5B,49243.8739208536,89176520.7522171,"27800010",,,,,34.431054662431,
"270330010",Amo Twp,"0010",Amo Twp,"010","01441",Cottonwood,"17","033","7","21",21A,38536.5108340834,92711556.8728857,"27170010",,,,,35.7959321086212,
"270170005",Atkinson Twp,"0005",Atkinson Twp,"005","02656",Carlton,"9","017","8","11",11A,29128.4417897481,47111787.6472966,"27090005",,,,,18.1898612106212,
"271050015",Bigelow Twp,"0015",Bigelow Twp,"010","05662",Nobles,"53","105","1","21",21B,38804.4894153342,93681995.0206331,"27530015",,,,,36.1706182774665,
"271110035",Bluffton Twp,"0035",Bluffton Twp,"030","06796",Otter Tail,"56","111","7","9",9B,46517.2790502475,85453665.9474069,"27560035",,,,,32.9936604222938,
"271190035",Brandt Twp,"0035",Brandt Twp,"035","07408",Polk,"60","119","7","1",1B,38655.034347797,93427892.534446,"27600035",,,,,36.0725093075496,
"271590020",Bullard Twp,"0020",Bullard Twp,"020","08542",Wadena,"80","159","7","5",5B,40592.6163157341,80010379.7749773,"27800020",,,,,30.8920076311187,
"271530035",Burleene Twp,"0035",Burleene Twp,"035","08668",Todd,"77","153","7","5",5B,38642.0807934951,92952483.4361621,"27770035",,,,,35.8889538547022,
"270070010",Battle Twp,"0010",Battle Twp,"010","03952",Beltrami,"4","007","8","2",2A,27906.5439464317,35619251.1161635,"27040010",,,,,13.7525928559507,
"271630030",Baytown Twp,"0030",Baytown Twp,"020","04132",Washington,"82","163","4","41",41A,35326.5113197933,23529441.8148789,"27820030",,,,,9.08471748472473,
"270870005",Beaulieu Twp,"0005",Beaulieu Twp,"005","04366",Mahnomen,"44","087","8","2",2B,38472.7004403283,92369257.4068133,"27440005",,,,,35.6637702847706,
"270750010",Beaver Bay Twp P-1,"0010",Beaver Bay Twp,"005","04474",Lake,"38","075","8","3",3A,117864.654797854,303015506.406797,"27380010",,,,,116.994287023664,
"271410015",Becker Twp,"0015",Becker Twp,"010","04636",Sherburne,"71","141","6","27",27A,93638.4556989169,134675476.019174,"27710015",,,,,51.9982012910032,
"270970010",Belle Prairie Twp,"0010",Belle Prairie Twp,"010","04888",Morrison,"49","097","7","10",10A,51475.3398266218,112568827.972895,"27490010",,,,,43.4628244803348,
"271030010",Bernadotte Twp,"0010",Bernadotte Twp,"010","05410",Nicollet,"52","103","1","18",18A,38549.3186348851,92876881.3699428,"27520010",,,,,35.8597638969349,
"270610040",Bearville Twp,"0040",Bearville Twp,"030","04276",Itasca,"31","061","8","3",3A,61126.3667341204,189013711.237202,"27310040",,,,,72.9781939086837,
"271350060",Greenbush,"0060",Greenbush,"065","25604",Roseau,"68","135","7","1",1A,12003.9483739419,3968043.31054023,"27680060",,,,,1.53206152219958,
"270190070",Dahlgren Twp,"0070",Dahlgren Twp,"050","14482",Carver,"10","019","6","17",17B,55394.3789290532,89527038.7903899,"27100070",,,,,34.5663896769695,
"270130030",Danville Twp,"0030",Danville Twp,"030","14752",Blue Earth,"7","013","1","22",22A,40549.6863331406,93328006.2979007,"27070030",,,,,36.0339432316195,
"271050025",Brewster,"0025",Brewster,"025","07660",Nobles,"53","105","1","21",21B,10678.2943661137,3569337.62903478,"27530025",,,,,1.37812125857033,
"271250005",Brooks,"0005",Brooks,"005","08038",Red Lake,"63","125","7","1",1B,8022.79821069337,2981254.07748425,"27630005",,,,,1.15106219931667,
"271150045",Bruno,"0045",Bruno,"043","08290",Pine,"58","115","8","11",11A,6428.38619891835,2582541.04735654,"27580045",,,,,0.997119098384359,
"271530045",Burtrum,"0045",Burtrum,"045","08902",Todd,"77","153","7","5",5B,4842.94325512248,1466451.07564211,"27770045",,,,,0.566196760305419,
"270050025",Callaway,"0025",Callaway,"024","09280",Becker,"3","005","8","2",2B,5648.73106991285,1636305.26786022,"27030025",,,,,0.631777463920829,
"271510040",Clontarf,"0040",Clontarf,"034","12124",Swift,"76","151","7","12",12A,11176.4904671795,5442049.54570465,"27760040",,,,,2.10117532959657,
"271450165",Meire Grove,"0165",Meire Grove,"147","41534",Stearns,"73","145","7","12",12B,4865.08718453574,866372.149770629,"27730165",,,,,0.33450628702644,
"271490100",Scott Twp,"0100",Scott Twp,"090","59044",Stevens,"75","149","7","12",12A,42273.4822819837,91974305.2288415,"27750100",,,,,35.5112792488557,
"271010125",Shetek Twp,"0125",Shetek Twp,"125","59764",Murray,"51","101","7","21",21A,38631.7908705613,92889304.6505039,"27510125",,,,,35.8645605255596,
"270210250",Shingobee Twp,"0250",Shingobee Twp,"245","59872",Cass,"11","021","8","2",2B,83569.3656926141,182611962.244357,"27110250",,,,,70.5064786225463,
"270070215",Shotley Twp,"0215",Shotley Twp,"180","60070",Beltrami,"4","007","8","2",2A,44465.6589195961,121249709.941922,"27040215",,,,,46.8145130085762,
"270750060",Silver Creek Twp,"0060",Silver Creek Twp,"030","60304",Lake,"38","075","8","3",3A,134568.564331016,766244167.327759,"27380060",,,,,295.846873005248,
"270710023",Dinner Creek Unorg,"0023",South Koochiching Unorg,"049","61433",Koochiching,"36","071","8","3",3A,192715.995088039,652741995.173677,"27360023",,,,,252.023684336557,
"270690160",South Red River Twp,"0160",South Red River Twp,"160","61456",Kittson,"35","069","7","1",1A,37700.145439755,46926842.6945697,"27350160",,,,,18.1184539643734,
"270230115",Sparta Twp,"0115",Sparta Twp,"090","61582",Chippewa,"12","023","7","16",16A,95478.3537390991,101544003.42343,"27120115",,,,,39.2061397217865,
"271390165",Spring Lake Twp P-2,"0165",Spring Lake Twp,"090","61978",Scott,"70","139","2","54",54B,4406.12506758482,488098.123843014,"27700165",6,even,0,"[{""name"": ""Abdi Abdulle"", ""votes"": 0, ""votes_pct"": 0.00, ""party"": ""DFL""}, {""name"": ""Matthew D. Klein"", ""votes"": 2, ""votes_pct"": 33.33, ""party"": ""DFL""}, {""name"": ""Hugh McTavish"", ""votes"": 0, ""votes_pct"": 0.00, ""party"": ""DFL""}, {""name"": ""Matt Little"", ""votes"": 2, ""votes_pct"": 33.33, ""party"": ""DFL""}, {""name"": ""Kaela Berg"", ""votes"": 2, ""votes_pct"": 33.33, ""party"": ""DFL""}, {""name"": ""Christopher Mosel"", ""votes"": 0, ""votes_pct"": 0.00, ""party"": ""DFL""}]",0.188454685615788,31.8378923845518
"271350180",Stafford Twp,"0180",Stafford Twp,"180","62338",Roseau,"68","135","7","1",1A,38609.3054280358,93270857.3722792,"27680180",,,,,36.011878031437,
"271730140",Stony Run Twp,"0140",Stony Run Twp,"115","63004",Yellow Medicine,"87","173","7","15",15A,58819.0624920576,106602582.551278,"27870140",,,,,41.1592571230484,
"270070210",Shooks Twp,"0210",Shooks Twp,"175","59926",Beltrami,"4","007","8","2",2B,38775.5891184028,94199577.1848774,"27040210",,,,,36.3704567510812,
"271370920",Solway Twp,"0920",Solway Twp,"400","61132",St. Louis,"69","137","8","3",3B,38543.6107245751,92495919.6385127,"27690920",,,,,35.7126745724297,
"270610327",Splithand Twp,"0327",Splithand Twp,"217","61700",Itasca,"31","061","8","7",7A,37332.4437594777,86774308.3092393,"27310327",,,,,33.5035604381973,
"271110400",Star Lake Twp,"0400",Star Lake Twp,"360","62554",Otter Tail,"56","111","7","9",9B,38518.0265612557,92998764.3991239,"27560400",,,,,35.9068229345017,
"270790115",Sharon Twp,"0115",Sharon Twp,"100","59386",Le Sueur,"40","079","2","22",22B,38459.7355538421,92664375.5534509,"27400115",44,Matt Little,20.45,"[{""name"": ""Abdi Abdulle"", ""votes"": 0, ""votes_pct"": 0.00, ""party"": ""DFL""}, {""name"": ""Matthew D. Klein"", ""votes"": 14, ""votes_pct"": 31.82, ""party"": ""DFL""}, {""name"": ""Hugh McTavish"", ""votes"": 2, ""votes_pct"": 4.55, ""party"": ""DFL""}, {""name"": ""Matt Little"", ""votes"": 23, ""votes_pct"": 52.27, ""party"": ""DFL""}, {""name"": ""Kaela Berg"", ""votes"": 5, ""votes_pct"": 11.36, ""party"": ""DFL""}, {""name"": ""Christopher Mosel"", ""votes"": 0, ""votes_pct"": 0.00, ""party"": ""DFL""}]",35.7777154011874,1.22981580871259
"270050195",Silver Leaf Twp,"0195",Silver Leaf Twp,"170","60430",Becker,"3","005","7","5",5A,38650.9841610458,93519476.8763447,"27030195",,,,,36.1078700219567,
"270170150",Skelton Twp,"0150",Skelton Twp,"105","60664",Carlton,"9","017","8","11",11A,38497.346905673,90772422.6904914,"27090150",,,,,35.0472324007987,
"270170155",Split Rock Twp,"0155",Split Rock Twp,"110","61708",Carlton,"9","017","8","11",11A,38896.7500305417,94690779.1414042,"27090155",,,,,36.5601098264962,
"270870090",Little Elbow Twp,"0090",Little Elbow Twp,"082","37530",Mahnomen,"44","087","8","2",2B,38564.9697874164,92696453.4896635,"27440090",,,,,35.7901006923591,
"271710020",Buffalo P-1,"0020",Buffalo,"019","08452",Wright,"86","171","6","29",29B,19692.4902027589,8119982.56530495,"27860020",,,,,3.13512526846424,
"270350190",Lake Edward Twp,"0190",Lake Edward Twp,"125","34207",Crow Wing,"18","035","8","6",6B,38777.0676911138,93840119.1872491,"27180190",,,,,36.2316700181969,
"271010030",Chandler,"0030",Chandler,"030","10900",Murray,"51","101","7","21",21A,7885.91124374697,2771694.64178272,"27510030",,,,,1.07015130119231,
"271330065",Luverne W-2 P-SE,"0065",Luverne,"055","38564",Rock,"67","133","1","21",21A,15253.2543294511,5112721.87607385,"27670065",,,,,1.97402191635211,
"270630080",Kimball Twp,"0080",Kimball Twp,"065","33146",Jackson,"32","063","1","21",21B,38626.1430803909,93099811.0843795,"27320080",,,,,35.9458370596789,
"270610220",Kinghurst Twp,"0220",Kinghurst Twp,"140","33272",Itasca,"31","061","8","3",3A,38205.6372980691,91819212.4104077,"27310220",,,,,35.4513979116584,
"270870050",Lake Grove Twp,"0050",Lake Grove Twp,"050","34424",Mahnomen,"44","087","8","2",2B,38782.7967108853,94399751.7033504,"27440050",,,,,36.4477441326636,
"270270070",Flowing Twp,"0070",Flowing Twp,"060","21482",Clay,"14","027","7","4",4B,38705.8185889701,93269432.7390572,"27140070",,,,,36.01132798055,
"270650050",Hillman Twp,"0050",Hillman Twp,"045","29132",Kanabec,"33","065","8","10",10A,39161.4979546644,95817097.6762827,"27330050",,,,,36.9949814128127,
"271010070",Holly Twp,"0070",Holly Twp,"070","29690",Murray,"51","101","7","21",21A,38512.8194959122,92569610.138124,"27510070",,,,,35.7411264743297,
"271370750",Industrial Twp,"0750",Industrial Twp,"245","30932",St. Louis,"69","137","8","7",7B,38584.9181927527,93318838.5559967,"27690750",,,,,36.0304035664703,
"270170085",Holyoke Twp,"0085",Holyoke Twp,"050","29942",Carlton,"9","017","8","11",11A,39622.7924258029,98305988.4985084,"27090085",,,,,37.9559421592741,
"270570070",Hubbard Twp,"0070",Hubbard Twp,"070","30338",Hubbard,"29","057","7","5",5A,38631.321587977,93400861.0218749,"27290070",,,,,36.0620724405459,
"270490005",Bellechester,"0005",Bellechester,"005","04798",Goodhue,"25","049","1","20",20A,3225.31417493729,652193.08426565,"27250005",,,,,0.251811749834967,
"270710005",Big Falls City,"0005",Big Falls,"005","05680",Koochiching,"36","071","8","3",3A,16167.339866042,15646038.9647896,"27360005",,,,,6.04093564430528,
"271110030",Bluffton,"0030",Bluffton,"029","06778",Otter Tail,"56","111","7","9",9B,12870.2805362697,7087683.32600507,"27560030",,,,,2.73655453217056,
"271510005",Appleton,"0005",Appleton,"004","01864",Swift,"76","151","7","12",12A,13343.5664889769,5363791.66765317,"27760005",,,,,2.07095996288089,
"270210025",Bena,"0025",Bena,"025","05104",Cass,"11","021","8","2",2B,6778.20541051508,1317115.02906694,"27110025",,,,,0.508538112722747,
"270670015",Blomkest,"0015",Blomkest,"015","06490",Kandiyohi,"34","067","7","16",16B,6568.67056536218,2510488.93202537,"27340015",,,,,0.969299776654996,
"271510090",Kerkhoven,"0090",Kerkhoven,"079","32876",Swift,"76","151","7","12",12A,9036.9678379058,2191428.94665902,"27760090",,,,,0.846110716305048,
"271450125",Kimball,"0125",Kimball,"110","33164",Stearns,"73","145","7","13",13A,10818.5030047416,3896528.262388,"27730125",,,,,1.50444956210801,
"270690100",Lancaster,"0100",Lancaster,"100","35378",Kittson,"35","069","7","1",1A,13508.1572035688,6049820.32100131,"27350100",,,,,2.33583562593861,
"270010080",Jevne Twp,"0080",Jevne Twp,"080","31958",Aitkin,"1","001","8","7",7A,40399.329964101,92863927.6171856,"27010080",,,,,35.8547624529953,
"271110215",Folden Twp,"0215",Folden Twp,"175","21518",Otter Tail,"56","111","7","9",9B,38518.040507081,92160340.8335877,"27560215",,,,,35.5831075958482,
"271210065",Hoff Twp,"0065",Hoff Twp,"060","29456",Pope,"61","121","7","12",12A,38614.5822349336,93248848.0859175,"27610065",,,,,36.0033802459727,
"270850060",Hassan Valley Twp,"0060",Hassan Valley Twp,"045","27494",McLeod,"43","085","7","17",17A,47265.449265112,86691852.5998367,"27430060",,,,,33.4717242887969,
"270170145",Silver Twp,"0145",Silver Twp,"097","60232",Carlton,"9","017","8","11",11A,43815.7974031928,90578528.4879791,"27090145",,,,,34.9723698492087,
"271210045",Glenwood P-1,"0045",Glenwood,"045","24074",Pope,"61","121","7","12",12A,42730.5983039586,12155312.7332794,"27610045",,,,,4.69316624631917,
"270790090",Montgomery,"0090",Montgomery,"080","43738",Le Sueur,"40","079","2","22",22B,24209.6729230074,6480585.46948474,"27400090",196,Matthew D. Klein,3.57,"[{""name"": ""Abdi Abdulle"", ""votes"": 5, ""votes_pct"": 2.55, ""party"": ""DFL""}, {""name"": ""Matthew D. Klein"", ""votes"": 78, ""votes_pct"": 39.80, ""party"": ""DFL""}, {""name"": ""Hugh McTavish"", ""votes"": 11, ""votes_pct"": 5.61, ""party"": ""DFL""}, {""name"": ""Matt Little"", ""votes"": 71, ""votes_pct"": 36.22, ""party"": ""DFL""}, {""name"": ""Kaela Berg"", ""votes"": 31, ""votes_pct"": 15.82, ""party"": ""DFL""}, {""name"": ""Christopher Mosel"", ""votes"": 0, ""votes_pct"": 0.00, ""party"": ""DFL""}]",2.50215404976806,78.3325071524548
"271630095",Dellwood,"0095",Dellwood,"035","15616",Washington,"82","163","4","33",33A,21565.0244361077,7314661.79507046,"27820095",,,,,2.8241909190767,
"270690110",North Red River,"0110",North Red River Unorg,"110","47176",Kittson,"35","069","7","1",1A,41150.6209093464,61674643.7156994,"27350110",,,,,23.8125799386315,
"271550010",Browns Valley,"0010",Browns Valley,"010","08200",Traverse,"78","155","7","9",9A,7190.96791056176,1982440.00758702,"27780010",,,,,0.765420086929347,
"270550010",Brownsville,"0010",Brownsville,"009","08218",Houston,"28","055","1","26",26B,11516.2555447793,4792303.25044938,"27280010",,,,,1.85030828499851,
"270850020",Brownton City,"0020",Brownton,"020","08254",McLeod,"43","085","7","17",17A,6661.24099468516,1001512.3537581,"27430020",,,,,0.386683919786002,
"270990050",Austin W-3 P-1,"0050",Austin,"015","02908",Mower,"50","099","1","23",23B,24907.0459976053,7694749.95848136,"27500050",,,,,2.97094295896965,
"271450020",Avon,"0020",Avon,"019","03070",Stearns,"73","145","7","13",13A,27870.3963749204,4301252.41116449,"27730020",,,,,1.66071355595061,
"270070085",Funkley,"0085",Funkley,"065","22976",Beltrami,"4","007","8","2",2B,8861.93175338408,1798874.99794145,"27040085",,,,,0.694545636705195,
"270210010",Backus,"0010",Backus,"010","03124",Cass,"11","021","8","5",5A,10089.0768977361,1610759.51171598,"27110010",,,,,0.621914247473541,
"271630185",Lakeland,"0185",Lakeland,"080","34622",Washington,"82","163","4","41",41A,15916.0011306453,7667159.41085442,"27820185",,,,,2.96029024853089,
"271370880",Pike Twp,"0880",Pike Twp,"370","50830",St. Louis,"69","137","8","7",7B,37635.9359350036,88209770.4154781,"27690880",,,,,34.0577923574161,
"270290130",Winsor Twp,"0130",Winsor Twp,"130","71068",Clearwater,"15","029","8","2",2A,38669.7584297313,92820932.5535814,"27150130",,,,,35.8381620589378,
"270850150",Winsted Twp,"0150",Winsted Twp,"110","71104",McLeod,"43","085","7","17",17B,66281.6391059886,88015128.6774677,"27430150",,,,,33.9826411823703,
"271690240",Wiscoy Twp,"0240",Wiscoy Twp,"155","71230",Winona,"85","169","1","26",26A,38507.0116651401,92443007.9298708,"27850240",,,,,35.6922453617231,
"270170180",Wrenshall Twp,"0180",Wrenshall Twp,"130","71806",Carlton,"9","017","8","11",11A,39566.6079507208,97911099.6573311,"27090180",,,,,37.8034755776955,
"271570165",Zumbro Twp,"0165",Zumbro Twp,"142","72292",Wabasha,"79","157","1","20",20B,62437.1355036832,83263816.5085233,"27790165",,,,,32.1481595539409,
"270770035",3-D Forest Unorg,"0035",Beltrami Forest Unorg,"011","21690",Lake of the Woods,"39","077","8","2",2A,173425.689021646,1391165307.85596,"27390035",,,,,537.128925363187,
"270770070",5-C Northwest Angle,"0070",N.W. Angle Unorg,"016","01550",Lake of the Woods,"39","077","8","2",2A,232287.277118821,1542299412.78106,"27390070",,,,,595.481803274769,
"270770050",5-A Unorg,"0050",Beltrami Forest Unorg,"011","35208",Lake of the Woods,"39","077","8","2",2A,88589.8907866145,298927516.660598,"27390050",,,,,115.415914182657,
"270750130",Unorg Terr No 2 Prec 4,"0130",Lake County Territory 2 Unorg,"036","34773",Lake,"38","075","8","3",3A,48104.8954500414,137595817.545819,"27380130",,,,,53.1257451544408,
"271110455",Woodside Twp,"0455",Woodside Twp,"410","71644",Otter Tail,"56","111","7","9",9B,38766.2332821986,93776987.4765282,"27560455",,,,,36.2072948646875,
"270090050",Maywood Twp,"0050",Maywood Twp,"045","41264",Benton,"5","009","6","10",10B,38446.2101439351,92326643.8986182,"27050050",,,,,35.6473172092565,
"270290085",Minerva Twp,"0085",Minerva Twp,"085","42452",Clearwater,"15","029","8","2",2B,38521.9739413099,92797641.4045456,"27150085",,,,,35.8291693462951,
"271190355",Northland Twp,"0355",Northland Twp,"265","47032",Polk,"60","119","7","1",1B,38734.4972690526,93795974.1605686,"27600355",,,,,36.2146256233955,
"271110305",Oak Valley Twp,"0305",Oak Valley Twp,"265","48004",Otter Tail,"56","111","7","9",9B,38492.7280801242,92587793.205644,"27560305",,,,,35.7481469566991,
"271350125",Palmville Twp,"0125",Palmville Twp,"125","49588",Roseau,"68","135","7","1",1A,38522.6611177125,92720800.3623146,"27680125",,,,,35.7995010198897,
"270810080",Marshfield Twp,"0080",Marshfield Twp,"080","40760",Lincoln,"41","081","7","21",21A,41060.9818915642,93375299.9491541,"27410080",,,,,36.0522033103684,
"270050170",Richwood Twp,"0170",Richwood Twp,"145","54376",Becker,"3","005","7","4",4B,38639.4046617262,93243227.8519371,"27030170",,,,,36.0012102736329,
"271450430",Sauk Centre Twp,"0430",Sauk Centre Twp,"270","58666",Stearns,"73","145","7","12",12B,64924.4056354257,97802187.249323,"27730430",,,,,37.7614244969636,
"271270035",Gales Twp,"0035",Gales Twp,"035","23048",Redwood,"64","127","7","15",15B,38738.9811270526,93607026.3879739,"27640035",,,,,36.1416728883967,
"271190395",Russia Twp,"0395",Russia Twp,"305","56446",Polk,"60","119","7","1",1B,38680.0038865102,93535588.0760741,"27600395",,,,,36.1140905561722,
"270190085",Hollywood Twp,"0085",Hollywood Twp,"065","29726",Carver,"10","019","6","17",17B,40199.5228607712,92650537.4046376,"27100085",,,,,35.7723724919306,
"270890120",Holt Twp,"0120",Holt Twp,"115","29888",Marshall,"45","089","7","1",1A,41158.3476751072,87364131.2235159,"27450120",,,,,33.7312910653995,
"270350155",Ideal Twp,"0155",Ideal Twp,"105","30734",Crow Wing,"18","035","8","6",6A,45479.0359754805,95518380.9725391,"27180155",,,,,36.8796468934974,
"271530100",Iona Twp,"0100",Iona Twp,"100","31130",Todd,"77","153","7","5",5B,38712.117932225,93891597.895926,"27770100",,,,,36.251545947617,
"271610030",Iosco Twp,"0030",Iosco Twp,"025","31166",Waseca,"81","161","1","19",19A,38572.1023052365,92782747.8580193,"27810030",,,,,35.8234189479813,
"271270050",Johnsonville Twp,"0050",Johnsonville Twp,"050","32048",Redwood,"64","127","7","15",15B,38936.4997369199,94749079.5894672,"27640050",,,,,36.5826196294933,
"271190300",Keystone Twp,"0300",Keystone Twp,"210","33002",Polk,"60","119","7","1",1B,38443.7870539683,92294311.2571989,"27600300",,,,,35.6348335764045,
"270650065",Kroschel Twp,"0065",Kroschel Twp,"060","33776",Kanabec,"33","065","8","11",11B,38706.1221201529,93315347.8272711,"27330065",,,,,36.0290557961094,
"270170035",Carlton P-1,"0035",Carlton,"035","10018",Carlton,"9","017","8","11",11A,24341.5967904483,10284479.2719869,"27090035",,,,,3.97083744691413,
"271090015",Chatfield,"0015",Chatfield,"015","11008",Olmsted,"55","109","1","20",20B,8708.89821164494,2385478.85653455,"27550015",,,,,0.92103338650799,
"270030905",Columbus P-1,"0905",Columbus,"045","12718",Anoka,"2","003","6","32",32A,44917.3147889001,123337323.847538,"27020905",,,,,47.6205407375343,
"271710120",Middleville Twp,"0120",Middleville Twp,"105","41966",Wright,"86","171","6","29",29A,45962.249779533,91479381.2651279,"27860120",,,,,35.3201891064659,
"270350300",Precinct 2 Unorg. Terr.,"0300",West Crow Wing Unorg,"228","69316",Crow Wing,"18","035","8","6",6B,42660.6269510316,66384060.2125642,"27180300",,,,,25.630885648071,
"270430165",Winnebago Twp,"0165",Winnebago Twp,"115","70978",Faribault,"22","043","1","22",22A,43579.6166307255,89324626.3126517,"27220165",,,,,34.4882382193148,
"271730165",Wood Lake Twp,"0165",Wood Lake Twp,"135","71464",Yellow Medicine,"87","173","7","15",15A,44369.7155610224,91383894.9556267,"27870165",,,,,35.2833218423675,
"270010230",Workman Twp,"0230",Workman Twp,"225","71716",Aitkin,"1","001","8","7",7A,38493.735209966,92338734.3192424,"27010230",,,,,35.6519853206595,
"271370795",McDavitt Twp,"0795",McDavitt Twp,"285","38960",St. Louis,"69","137","8","7",7B,58120.9204669486,187205902.010296,"27690795",,,,,72.2801987661754,
"270670105",Mamre Twp,"0105",Mamre Twp,"105","39662",Kandiyohi,"34","067","7","16",16B,38345.112126067,92036163.072434,"27340105",,,,,35.5351625622668,
"270210170",Maple Twp,"0170",Maple Twp,"165","40076",Cass,"11","021","8","5",5A,38872.122014075,94448727.1420316,"27110170",,,,,36.4666535495384,
"271370852",North Star Twp,"0852",North Star Twp,"351","47255",St. Louis,"69","137","8","3",3B,38431.5227324734,92357649.3162788,"27690852",,,,,35.6592884010153,
"271730105",Omro Twp,"0105",Omro Twp,"080","48292",Yellow Medicine,"87","173","7","15",15A,39666.8837386566,94184116.6196949,"27870105",,,,,36.3644874268642,
"271110315",Oscar Twp,"0315",Oscar Twp,"275","48850",Otter Tail,"56","111","7","9",9A,38633.7520593982,93516702.0408265,"27560315",,,,,36.1067986579631,
"270270230",Parke Twp,"0230",Parke Twp,"165","49678",Clay,"14","027","7","4",4B,38649.8189643368,93391159.3495812,"27140230",,,,,36.0583266248733,
"270590045",Maple Ridge Twp,"0045",Maple Ridge Twp,"045","40292",Isanti,"30","059","8","28",28A,38393.1026355614,92387236.3634093,"27300045",,,,,35.6707119599123,
"271130050",Mayfield Twp,"0050",Mayfield Twp,"050","41156",Pennington,"57","113","7","1",1A,31615.3531275168,59155302.2775191,"27570050",,,,,22.8398622093501,
"270390065",Milton Twp,"0065",Milton Twp,"065","42380",Dodge,"20","039","1","24",24A,38674.711264157,93153038.7341444,"27200065",,,,,35.9663882552532,
"270070155",Minnie Twp,"0155",Minnie Twp,"135","43360",Beltrami,"4","007","8","2",2A,38044.8150674288,90398886.1542009,"27040155",,,,,34.903009944137,
"270670115",New London Twp,"0115",New London Twp,"110","45700",Kandiyohi,"34","067","7","16",16B,63149.4903245549,89279788.9635419,"27340115",,,,,34.4709265188235,
"271390070",New Market Twp,"0070",New Market Twp,"065","45754",Scott,"70","139","2","57",57A,75878.8701484902,82847040.5088601,"27700070",286,Matt Little,35.66,"[{""name"": ""Abdi Abdulle"", ""votes"": 4, ""votes_pct"": 1.40, ""party"": ""DFL""}, {""name"": ""Matthew D. Klein"", ""votes"": 79, ""votes_pct"": 27.62, ""party"": ""DFL""}, {""name"": ""Hugh McTavish"", ""votes"": 8, ""votes_pct"": 2.80, ""party"": ""DFL""}, {""name"": ""Matt Little"", ""votes"": 181, ""votes_pct"": 63.29, ""party"": ""DFL""}, {""name"": ""Kaela Berg"", ""votes"": 14, ""votes_pct"": 4.90, ""party"": ""DFL""}, {""name"": ""Christopher Mosel"", ""votes"": 0, ""votes_pct"": 0.00, ""party"": ""DFL""}]",31.9872423404709,8.94106459556056
"270032205",Lino Lakes P-1,"2205",Lino Lakes,"080","37322",Anoka,"2","003","6","36",36A,29203.0250704303,26861169.3912206,"27022205",,,,,10.3710975019503,
"270290115",Shevlin City,"0115",Shevlin,"114","59782",Clearwater,"15","029","8","2",2B,6394.50216569951,2079705.3769338,"27150115",,,,,0.802974246034141,
"271330050",Kenneth,"0050",Kenneth,"050","32750",Rock,"67","133","1","21",21A,7244.16945798845,2753367.26417746,"27670050",,,,,1.06307510069892,
"271050070",Kinbrae,"0070",Kinbrae,"070","33236",Nobles,"53","105","1","21",21B,6441.76510177449,2592908.74836397,"27530070",,,,,1.00112206774333,
"270550075",La Crescent P-2,"0075",La Crescent,"054","33866",Houston,"28","055","1","26",26B,15349.9931814196,4689928.19163716,"27280075",,,,,1.81078127479111,
"270270225",Oakport Twp,"0225",Oakport Twp,"160","47932",Clay,"14","027","7","4",4B,46330.2119645671,68595206.6312852,"27140225",,,,,26.4846092803392,
"271150160",Ogema Twp,"0160",Ogema Twp,"150","48148",Pine,"58","115","8","11",11B,54858.4500575882,124577803.486765,"27580160",,,,,48.0994899262398,
"271210135",Walden Twp,"0135",Walden Twp,"130","67702",Pope,"61","121","7","12",12A,38430.3504845613,92261556.0172371,"27610135",,,,,35.6221867782552,
"271570155",Watopa Twp,"0155",Watopa Twp,"125","68638",Wabasha,"79","157","1","20",20B,38421.03725902,92301549.9747088,"27790155",,,,,35.6376284452351,
"270030430",Blaine W-2 P-6,"0430",Blaine,"020","06382",Anoka,"2","003","6","32",32B,12081.2758708026,6617777.5352241,"27020430",,,,,2.55512390635002,
"270150045",Hanska,"0045",Hanska,"045","27008",Brown,"8","015","1","15",15B,3589.30425923339,635027.452323371,"27080045",,,,,0.245184099342053,
"271330030",Hardwick,"0030",Hardwick,"030","27116",Rock,"67","133","1","21",21A,9690.78347934559,4546288.91537822,"27670030",,,,,1.75532215022753,
"271730075",Hazel Run,"0075",Hazel Run,"054","28016",Yellow Medicine,"87","173","7","15",15A,5670.5192391375,1968020.39981404,"27870075",,,,,0.7598526763682,
"270470155",Hollandale,"0155",Hollandale,"105","29636",Freeborn,"24","047","1","23",23A,4840.87957870302,1144419.98074082,"27240155",,,,,0.441860554564031,
"271510055",DeGraff,"0055",DeGraff,"050","15418",Swift,"76","151","7","12",12A,6409.70881571903,2094417.73796827,"27760055",,,,,0.80865468862955,
"271270025",Delhi,"0025",Delhi,"024","15544",Redwood,"64","127","7","15",15B,5946.96152994755,1970088.74736287,"27640025",,,,,0.760651265356805,
"271310012",Dennison City,"0012",Dennison,"015","15706",Rice,"66","131","1","58",58B,1852.45115839963,90162.1132195229,"27660012",,,,,0.0348115919140578,
"270050075",Detroit Lakes W-3 P-1,"0075",Detroit Lakes,"055","15832",Becker,"3","005","7","4",4B,29572.7844329415,19302019.4234864,"27030075",,,,,7.45250969940808,
"271010046",Dovray City,"0046",Dovray,"046","16300",Murray,"51","101","7","21",21A,3222.19709758276,648892.1313731,"27510046",,,,,0.250537251923154,
"271370315",Duluth P-32,"0315",Duluth,"125","17000",St. Louis,"69","137","8","8",8A,22287.4655874906,13652555.5581552,"27690315",,,,,5.27125170100372,
"271190120",East Grand Forks W-2,"0120",East Grand Forks,"075","17612",Polk,"60","119","7","1",1B,18360.4031995917,6046504.8616852,"27600120",,,,,2.33455552709666,
"270690055",Halma,"0055",Halma,"055","26612",Kittson,"35","069","7","1",1A,8070.79242114099,2447166.82655188,"27350055",,,,,0.944851111731681,
"270210095",East Gull Lake,"0095",East Gull Lake,"095","17630",Cass,"11","021","8","5",5A,26913.7140760373,35978054.1920818,"27110095",,,,,13.8911267235628,
"271070070",Hendrum,"0070",Hendrum,"064","28484",Norman,"54","107","7","1",1B,4086.1327758297,643449.689593912,"27540070",,,,,0.248435925152209,
"271510085",Holloway,"0085",Holloway,"077","29672",Swift,"76","151","7","12",12A,11798.211015583,3599263.85210185,"27760085",,,,,1.38967577329652,
"271110095",Deer Creek,"0095",Deer Creek,"089","15184",Otter Tail,"56","111","7","9",9B,12921.2085241325,10440593.1395944,"27560095",,,,,4.03111301119742,
"270590015",Braham City,"0015",Braham,"015","07282",Isanti,"30","059","8","28",28A,12187.4150913787,3936448.57976268,"27300015",,,,,1.51986279664637,
"271730070",Hanley Falls,"0070",Hanley Falls,"050","26972",Yellow Medicine,"87","173","7","15",15A,3256.79838734664,652181.848107194,"27870070",,,,,0.251807411554188,
"270470145",Hayward,"0145",Hayward,"094","27944",Freeborn,"24","047","1","23",23B,5628.29918958109,1579620.32432562,"27240145",,,,,0.609891407222121,
"270790035",Heidelberg,"0035",Heidelberg,"035","28214",Le Sueur,"40","079","2","22",22B,5211.78905583075,1370974.25892543,"27400035",10,Kaela Berg,30,"[{""name"": ""Abdi Abdulle"", ""votes"": 0, ""votes_pct"": 0.00, ""party"": ""DFL""}, {""name"": ""Matthew D. Klein"", ""votes"": 1, ""votes_pct"": 10.00, ""party"": ""DFL""}, {""name"": ""Hugh McTavish"", ""votes"": 2, ""votes_pct"": 20.00, ""party"": ""DFL""}, {""name"": ""Matt Little"", ""votes"": 2, ""votes_pct"": 20.00, ""party"": ""DFL""}, {""name"": ""Kaela Berg"", ""votes"": 5, ""votes_pct"": 50.00, ""party"": ""DFL""}, {""name"": ""Christopher Mosel"", ""votes"": 0, ""votes_pct"": 0.00, ""party"": ""DFL""}]",0.529333161371109,18.8916937946934
"271530095",Hewitt,"0095",Hewitt,"095","28754",Todd,"77","153","7","5",5B,11471.8634844231,5266555.99154565,"27770095",,,,,2.03341726833577,
"270032005",Hilltop P-1,"2005",Hilltop,"070","29258",Anoka,"2","003","5","39",39A,2429.69326308948,329824.218209443,"27022005",,,,,0.127345130650666,
"270890115",Holt,"0115",Holt,"114","29870",Marshall,"45","089","7","1",1A,6450.41773531627,2598306.70175901,"27450115",,,,,1.00320621754916,
"271710100",Howard Lake,"0100",Howard Lake,"085","30284",Wright,"86","171","6","29",29A,26276.6225802729,4850706.24496703,"27860100",,,,,1.87285768118177,
"270850080",Hutchinson City  P-3,"0080",Hutchinson,"055","30644",McLeod,"43","085","7","17",17A,19416.333753629,7855522.19339009,"27430080",,,,,3.03301711886791,
"271170060",Ihlen,"0060",Ihlen,"060","30806",Pipestone,"59","117","7","21",21A,7006.46224082505,1124476.74588204,"27590060",,,,,0.434160471585055,
"271070025",Borup,"0025",Borup,"020","07030",Norman,"54","107","7","1",1B,3259.92290980729,664131.40166733,"27540025",,,,,0.256421134183756,
"270130005",Amboy,"0005",Amboy,"005","01324",Blue Earth,"7","013","1","22",22A,7134.0014200502,802818.682707012,"27070005",,,,,0.309968293393177,
"270410040",Brandon City,"0040",Brandon,"019","07336",Douglas,"21","041","7","9",9B,5818.43410830165,1270107.11959805,"27210040",,,,,0.490388358876808,
"270690095",Lake Bronson,"0095",Lake Bronson,"095","34136",Kittson,"35","069","7","1",1A,5606.33790841788,1416002.21984599,"27350095",,,,,0.546718457082539,
"271650040",Lewisville,"0040",Lewisville,"040","36818",Watonwan,"83","165","1","22",22A,3335.70076312562,647049.403901024,"27830040",,,,,0.249825774846185,
"270970020",Bowlus,"0020",Bowlus,"020","07066",Morrison,"49","097","7","10",10B,7310.47968387156,3297441.6273483,"27490020",,,,,1.27314221231918,
"271190250",Gully City,"0250",Gully,"159","26270",Polk,"60","119","7","1",1B,3192.71591878488,637417.775028352,"27600250",,,,,0.246107002938447,
"270372410",Hampton City,"2410",Hampton,"049","26864",Dakota,"19","037","2","58",58B,8679.31074298844,3277540.75964895,"27192410",29,Matt Little,20.69,"[{""name"": ""Abdi Abdulle"", ""votes"": 1, ""votes_pct"": 3.45, ""party"": ""DFL""}, {""name"": ""Matthew D. Klein"", ""votes"": 7, ""votes_pct"": 24.14, ""party"": ""DFL""}, {""name"": ""Hugh McTavish"", ""votes"": 6, ""votes_pct"": 20.69, ""party"": ""DFL""}, {""name"": ""Matt Little"", ""votes"": 13, ""votes_pct"": 44.83, ""party"": ""DFL""}, {""name"": ""Kaela Berg"", ""votes"": 2, ""votes_pct"": 6.90, ""party"": ""DFL""}, {""name"": ""Christopher Mosel"", ""votes"": 0, ""votes_pct"": 0.00, ""party"": ""DFL""}]",1.26545848730046,22.9165952822872
"270430085",Frost,"0085",Frost,"052","22940",Faribault,"22","043","1","23",23A,4385.79902163972,1113337.67912288,"27220085",,,,,0.429859677909346,
"271710070",Dayton,"0070",Dayton,"055","15022",Wright,"86","171","6","34",34A,1578.35177010851,146024.02820483,"27860070",,,,,0.0563798772898847,
"270650015",Braham,"0015",Braham,"013","07282",Kanabec,"33","065","8","11",11B,3114.43489837317,242570.739307231,"27330015",,,,,0.0936565624465219,
"270190075",Hamburg,"0075",Hamburg,"055","26666",Carver,"10","019","6","17",17B,6390.53740194663,537812.641784681,"27100075",,,,,0.207649460993065,
"271690010",Dakota,"0010",Dakota,"010","14518",Winona,"85","169","1","26",26A,7465.73841745771,1602563.41106848,"27850010",,,,,0.618749733013541,
"270190015",Carver,"0015",Carver,"020","10144",Carver,"10","019","6","17",17B,36763.430786199,13848189.8248473,"27100015",,,,,5.34678609137353,
"271450137",Lake Henry,"0137",Lake Henry,"123","34478",Stearns,"73","145","7","12",12A,4262.52668765507,495094.102569787,"27730137",,,,,0.191155833002195,
"271050085",Lismore,"0085",Lismore,"084","37412",Nobles,"53","105","1","21",21A,4083.6094195773,957503.458586369,"27530085",,,,,0.369692085360197,
"271450005",Albany,"0005",Albany,"004","00622",Stearns,"73","145","7","13",13A,23295.2762751116,5872563.26536103,"27730005",,,,,2.26739667675589,
"270371100",Apple Valley P-10,"1100",Apple Valley,"002","01900",Dakota,"19","037","2","56",56B,11954.32844886,5293058.52350535,"27191100",691,Matt Little,18.52,"[{""name"": ""Abdi Abdulle"", ""votes"": 14, ""votes_pct"": 2.03, ""party"": ""DFL""}, {""name"": ""Matthew D. Klein"", ""votes"": 229, ""votes_pct"": 33.14, ""party"": ""DFL""}, {""name"": ""Hugh McTavish"", ""votes"": 9, ""votes_pct"": 1.30, ""party"": ""DFL""}, {""name"": ""Matt Little"", ""votes"": 357, ""votes_pct"": 51.66, ""party"": ""DFL""}, {""name"": ""Kaela Berg"", ""votes"": 82, ""votes_pct"": 11.87, ""party"": ""DFL""}, {""name"": ""Christopher Mosel"", ""votes"": 0, ""votes_pct"": 0.00, ""party"": ""DFL""}]",2.04364989592541,338.120536877525
"270450050",Chatfield,"0050",Chatfield,"050","11008",Fillmore,"23","045","1","26",26B,14644.7886975334,4183536.68218381,"27230050",,,,,1.61526351299117,
"270890015",Alvarado,"0015",Alvarado,"015","01252",Marshall,"45","089","7","1",1A,4416.88567392666,541416.944072256,"27450015",,,,,0.209041082106298,
"270750005",Beaver Bay,"0005",Beaver Bay,"004","04456",Lake,"38","075","8","3",3A,8659.77471102362,2067977.57513828,"27380005",,,,,0.79844614176089,
"270610045",Bigfork,"0045",Bigfork,"034","05698",Itasca,"31","061","8","3",3A,14297.8072196144,4900807.63102772,"27310045",,,,,1.8922018263398,
"270730090",Louisburg,"0090",Louisburg,"080","38258",Lac qui Parle,"37","073","7","15",15A,3500.7997114096,666787.258083872,"27370090",,,,,0.257446560346183,
"270350175",Jenkins City,"0175",Jenkins,"119","31832",Crow Wing,"18","035","8","6",6B,21324.1064704174,11572446.8694934,"27180175",,,,,4.4681217363114,
"270270105",Hawley City,"0105",Hawley,"094","27746",Clay,"14","027","7","4",4B,14719.0563831439,6825670.64812403,"27140105",,,,,2.63539143724069,
"271030065",Nicollet Twp,"0065",Nicollet Twp,"055","46168",Nicollet,"52","103","1","18",18A,50413.3523427082,86489236.2055429,"27520065",,,,,33.3934940989601,
"270930120",Litchfield W-4,"0120",Litchfield,"100","37448",Meeker,"47","093","7","16",16A,10847.5117922191,5225699.42192387,"27470120",,,,,2.01764254680481,
"271371150",Wuori Twp,"1150",Wuori Twp,"465","71869",St. Louis,"69","137","8","7",7B,38358.338676902,90410670.2755793,"27691150",,,,,34.9075597934012,
"271490095",Rendsville Twp,"0095",Rendsville Twp,"085","53818",Stevens,"75","149","7","12",12A,41705.8439755346,90806482.8742445,"27750095",,,,,35.0603830377458,
"270230050",Lone Tree Twp,"0050",Lone Tree Twp,"050","37952",Chippewa,"12","023","7","16",16A,39048.692755571,93910640.048215,"27120050",,,,,36.2588981226158,
"271450140",Lake Henry Twp,"0140",Lake Henry Twp,"125","34496",Stearns,"73","145","7","12",12A,42759.844243938,91981116.3581156,"27730140",,,,,35.5139090258684,
"271010085",Lake Sarah Twp,"0085",Lake Sarah Twp,"085","34892",Murray,"51","101","7","21",21A,38514.6397675854,92784877.177085,"27510085",,,,,35.8242410780725,
"270170100",Lakeview Twp,"0100",Lakeview Twp,"070","35162",Carlton,"9","017","8","11",11A,41680.2109528221,88970402.1696511,"27090100",,,,,34.3514722777023,
"271310120",Richland Twp,"0120",Richland Twp,"070","54250",Rice,"66","131","1","19",19A,38669.7906115356,93381434.206565,"27660120",,,,,36.0545717471547,
"271050050",Graham Lakes Twp,"0050",Graham Lakes Twp,"050","24848",Nobles,"53","105","1","21",21B,46811.9127769956,90092570.8094038,"27530050",,,,,34.7847415895108,
"270290060",Holst Twp,"0060",Holst Twp,"060","29834",Clearwater,"15","029","8","2",2B,38408.62077237,92206653.3905601,"27150060",,,,,35.6009888740953,
"271370895",Proctor,"0895",Proctor,"385","52630",St. Louis,"69","137","8","3",3B,15920.6293260539,8339329.63361327,"27690895",,,,,3.21981517153808,
"271050120",Rushmore,"0120",Rushmore,"120","56338",Nobles,"53","105","1","21",21B,3242.17398060962,657203.791164899,"27530120",,,,,0.253746383768767,
"271130095",Saint Hilaire,"0095",St. Hilaire,"090","57022",Pennington,"57","113","7","1",1A,7500.95203380903,2173154.50726293,"27570095",,,,,0.839054955254217,
"271190450",Winger Twp,"0450",Winger Twp,"355","70888",Polk,"60","119","7","1",1B,43388.3493118011,92581691.3364255,"27600450",,,,,35.7457910249939,
"270610380",Wirt Twp,"0380",Wirt Twp,"255","71194",Itasca,"31","061","8","3",3A,38943.4695116651,93501554.256859,"27310380",,,,,36.1009500985733,
"270070300",Woodrow Twp,"0300",Woodrow Twp,"240","71590",Beltrami,"4","007","8","2",2B,38628.6174015444,92942069.3972509,"27040300",,,,,35.8849329942786,
"271130195",Wyandotte Twp,"0195",Wyandotte Twp,"120","71878",Pennington,"57","113","7","1",1A,31361.9695731055,58564029.4480681,"27570195",,,,,22.6115717698991,
"271190290",Johnson Twp,"0290",Johnson Twp,"200","32030",Polk,"60","119","7","1",1B,38450.5125529914,92454448.7134396,"27600290",,,,,35.696662648259,
"270210230",Remer,"0230",Remer,"224","53782",Cass,"11","021","8","6",6A,12259.5880137197,3435099.8925981,"27110230",,,,,1.32629206853212,
"271370015",Alden Twp,"0015",Alden Twp,"015","00874",St. Louis,"69","137","8","3",3B,38474.7702604332,92322970.3014248,"27690015",,,,,35.6458988333801,
"270610005",Alvwood Twp,"0005",Alvwood Twp,"005","01288",Itasca,"31","061","8","3",3A,38494.8998130405,91768751.3108805,"27310005",,,,,35.431914881131,
"270930070",Forest City Twp,"0070",Forest City Twp,"070","21734",Meeker,"47","093","7","17",17A,38499.9436847326,92497227.1824176,"27470070",,,,,35.7131794151314,
"270450195",York Twp,"0195",York Twp,"180","72076",Fillmore,"23","045","1","26",26B,38719.9847839148,93525861.7523089,"27230195",,,,,36.1103352225664,
"270490190",Wanamingo,"0190",Wanamingo,"134","67972",Goodhue,"25","049","1","19",19A,11036.3754379409,3714427.91917883,"27250190",,,,,1.43414061959495,
"271710095",Hanover P-2,"0095",Hanover,"080","26990",Wright,"86","171","6","30",30A,20021.0640308355,9093997.86427798,"27860095",,,,,3.51119257539773,
"270390060",Mantorville Twp,"0060",Mantorville Twp,"055","40004",Dodge,"20","039","1","24",24A,75751.5614105678,81149511.4879799,"27200060",,,,,31.3318263855091,
"270910135",Manyaska Twp,"0135",Manyaska Twp,"080","40058",Martin,"46","091","1","22",22A,41948.8600155898,88984828.6434821,"27460135",,,,,34.3570423392484,
"271350080",Jadis Twp,"0080",Jadis Twp,"085","31634",Roseau,"68","135","7","1",1A,69137.0066304233,127586625.580109,"27680080",,,,,49.2611961364801,
"271610045",Janesville Twp,"0045",Janesville Twp,"030","31724",Waseca,"81","161","1","19",19A,51253.4044345844,89534498.1348484,"27810045",,,,,34.569269729865,
"271430075",Jessenland Twp,"0075",Jessenland Twp,"075","31922",Sibley,"72","143","7","17",17B,43118.0784602126,89443940.9933469,"27720075",,,,,34.5343056175312,
"271590025",Huntersville Twp,"0025",Huntersville Twp,"025","30536",Wadena,"80","159","7","5",5A,38555.2596689749,92886055.4329203,"27800025",,,,,35.8633060026505,
"271050065",Indian Lake Twp,"0065",Indian Lake Twp,"065","30878",Nobles,"53","105","1","21",21B,48153.809371742,91370278.1994297,"27530065",,,,,35.2780644127998,
"270210130",Inguadona Twp,"0130",Inguadona Twp,"130","30986",Cass,"11","021","8","2",2B,39251.6579299152,98993897.9693971,"27110130",,,,,38.2215440059842,
"271150230",Willow River,"0230",Willow River,"207","70492",Pine,"58","115","8","11",11B,17208.4293432626,5418172.63722253,"27580230",,,,,2.09195645523162,
"270870080",Rosedale Twp,"0080",Rosedale Twp,"080","55618",Mahnomen,"44","087","8","2",2B,38807.3999360559,93931102.3092295,"27440080",,,,,36.2667986015935,
"270510100",Roseville Twp,"0100",Roseville Twp,"100","55816",Grant,"26","051","7","9",9A,38658.5443756554,93445212.0064076,"27260100",,,,,36.079196355674,
"270550120",Wilmington Twp,"0120",Wilmington Twp,"100","70564",Houston,"28","055","1","26",26B,38583.0903098761,92943625.6667161,"27280120",,,,,35.8855338699191,
"270870075",Popple Grove Twp,"0075",Popple Grove Twp,"075","52054",Mahnomen,"44","087","8","2",2B,42434.2369077196,95580197.0134685,"27440075",,,,,36.9035140669002,
"271190370",Queen Twp,"0370",Queen Twp,"280","52774",Polk,"60","119","7","1",1B,38917.7565532082,94891461.2746113,"27600370",,,,,36.6375931981274,
"271150145",New Dosey Twp,"0145",New Dosey Twp,"135","45484",Pine,"58","115","8","11",11A,78565.7673037039,291506566.157238,"27580145",,,,,112.55068519331,
"270050235",Wolf Lake,"0235",Wolf Lake,"215","71338",Becker,"3","005","7","5",5A,6155.36941090354,830006.59571095,"27030235",,,,,0.320465546603998,
"271630275",Pine Springs,"0275",Pine Springs,"155","51316",Washington,"82","163","4","44",44B,7082.95483572963,2378118.05332301,"27820275",,,,,0.918191380388015,
"271630445",Woodbury P-15,"0445",Woodbury,"191","71428",Washington,"82","163","2","47",47B,19385.4959317404,20685489.1829365,"27820445",928,Matt Little,14.33,"[{""name"": ""Abdi Abdulle"", ""votes"": 48, ""votes_pct"": 5.17, ""party"": ""DFL""}, {""name"": ""Matthew D. Klein"", ""votes"": 267, ""votes_pct"": 28.77, ""party"": ""DFL""}, {""name"": ""Hugh McTavish"", ""votes"": 33, ""votes_pct"": 3.56, ""party"": ""DFL""}, {""name"": ""Matt Little"", ""votes"": 400, ""votes_pct"": 43.10, ""party"": ""DFL""}, {""name"": ""Kaela Berg"", ""votes"": 175, ""votes_pct"": 18.86, ""party"": ""DFL""}, {""name"": ""Christopher Mosel"", ""votes"": 5, ""votes_pct"": 0.54, ""party"": ""DFL""}]",7.9866673735318,116.193645809695
"271370757",Kabetogama Twp,"0757",Kabetogama Twp,"255","32252",St. Louis,"69","137","8","3",3A,38291.0403877666,92019004.2114343,"27690757",,,,,35.5285375260348,
"271290095",Hector,"0095",Hector,"094","28124",Renville,"65","129","7","16",16A,13300.7053106762,4656408.56739541,"27650095",,,,,1.79783934787137,
"270390030",Dodge Center P-1,"0030",Dodge Center,"030","15994",Dodge,"20","039","1","24",24A,19814.7414263575,4161636.11930738,"27200030",,,,,1.60680770566458,
"270930095",Kingston,"0095",Kingston,"094","33344",Meeker,"47","093","7","29",29A,6070.99553178171,1435054.77139955,"27470095",,,,,0.554074647237367,
"271510020",Benson P-2,"0020",Benson,"015","05212",Swift,"76","151","7","12",12A,13932.0329956601,4490009.70282736,"27760020",,,,,1.73359274626164,
"270470095",Conger,"0095",Conger,"045","12952",Freeborn,"24","047","1","23",23A,3771.97710884151,334118.200211046,"27240095",,,,,0.129003037101485,
"270110040",Correll,"0040",Correll,"040","13384",Big Stone,"6","011","7","12",12A,4321.7124348082,988480.160494805,"27060040",,,,,0.381652189967044,
"271110080",Dalton,"0080",Dalton,"075","14626",Otter Tail,"56","111","7","9",9A,3189.07019188305,614094.005190339,"27560080",,,,,0.23710169540399,
"271650025",Darfur,"0025",Darfur,"025","14770",Watonwan,"83","165","1","21",21B,3641.71573005634,586395.694806719,"27830025",,,,,0.226407377764874,
"270670095",Lake Lillian,"0095",Lake Lillian,"094","34676",Kandiyohi,"34","067","7","16",16A,5052.00977955123,1171483.80654324,"27340095",,,,,0.452309897706347,
"270290080",Leonard City,"0080",Leonard,"080","36494",Clearwater,"15","029","8","2",2B,6139.16919468457,1618114.86896391,"27150080",,,,,0.624754150906964,
"270730045",Dawson,"0045",Dawson,"045","14968",Lac qui Parle,"37","073","7","15",15A,19774.9368494963,3731624.83335862,"27370045",,,,,1.44078034815976,
"270270040",Dilworth City,"0040",Dilworth,"030","15976",Clay,"14","027","7","4",4B,17079.9467748045,8980083.47793637,"27140040",,,,,3.46721023083123,
"270350115",Emily City,"0115",Emily,"065","19286",Crow Wing,"18","035","8","6",6A,38543.6889502734,93257404.2709972,"27180115",,,,,36.006683789032,
"271150085",Finlayson,"0085",Finlayson,"079","21122",Pine,"58","115","8","11",11B,15322.009467234,6456535.89158224,"27580085",,,,,2.4928685077399,
"270470105",Freeborn,"0105",Freeborn,"054","22526",Freeborn,"24","047","1","23",23A,5261.98490110295,447497.719643129,"27240105",,,,,0.172778869554212,
"270290045",Gonvick City,"0045",Gonvick,"045","24344",Clearwater,"15","029","8","2",2A,9165.20204563817,3400978.81322883,"27150045",,,,,1.31311791978765,
"270031920",Ham Lake P-4,"1920",Ham Lake,"065","26738",Anoka,"2","003","6","32",32A,24359.2036953162,20075110.4978344,"27021920",,,,,7.75100016321386,
"270970090",Harding,"0090",Harding,"090","27098",Morrison,"49","097","7","10",10A,12985.6903019208,8032997.06374815,"27490090",,,,,3.10154016631316,
"271150100",Henriette,"0100",Henriette,"095","28574",Pine,"58","115","8","11",11B,3928.23749592094,714610.265191671,"27580100",,,,,0.275911023390504,
"270690075",Humboldt,"0075",Humboldt,"075","30446",Kittson,"35","069","7","1",1A,2420.08822635562,292488.984094521,"27350075",,,,,0.112929996758894,
"271190025",Beltrami,"0025",Beltrami,"025","05014",Polk,"60","119","7","1",1B,9661.68845661433,5207342.14184147,"27600025",,,,,2.01055480096499,
"271530025",Browerville,"0025",Browerville,"025","08110",Todd,"77","153","7","5",5B,13550.9670267503,2834604.32638133,"27770025",,,,,1.09444073041583,
"271370815",Morse Twp,"0815",Morse Twp,"320","44350",St. Louis,"69","137","8","3",3A,95414.2414078231,357508663.784016,"27690815",,,,,138.034095087009,
"271110350",Pelican Twp,"0350",Pelican Twp,"310","50110",Otter Tail,"56","111","7","9",9A,53636.0961456419,85966261.2537607,"27560350",,,,,33.191573470077,
"270010005",Aitkin,"0005",Aitkin,"004","00460",Aitkin,"1","001","8","10",10A,34635.9252308058,7629332.87351795,"27010005",,,,,2.94568542246528,
"270570005",Akeley,"0005",Akeley,"004","00496",Hubbard,"29","057","7","5",5A,8569.64811288577,3867045.64337641,"27290005",,,,,1.49306632290763,
"270030030",Andover P-6,"0030",Andover,"004","01486",Anoka,"2","003","6","31",31B,20611.6987839315,25276927.0028739,"27020030",,,,,9.75942151580963,
"270030115",Anoka P-3,"0115",Anoka,"005","01720",Anoka,"2","003","3","35",35A,9770.86939191509,4463268.43404318,"27020115",,,,,1.72326794238407,
"270630060",Jackson W-1,"0060",Jackson,"060","31562",Jackson,"32","063","1","21",21B,17202.072560136,8182594.19936382,"27320060",,,,,3.15929962037437,
"271390050",Jordan P-1,"0050",Jordan,"055","32174",Scott,"70","139","2","54",54B,11059.9804501357,4759803.68245882,"27700050",278,Matt Little,7.91,"[{""name"": ""Abdi Abdulle"", ""votes"": 6, ""votes_pct"": 2.16, ""party"": ""DFL""}, {""name"": ""Matthew D. Klein"", ""votes"": 93, ""votes_pct"": 33.45, ""party"": ""DFL""}, {""name"": ""Hugh McTavish"", ""votes"": 13, ""votes_pct"": 4.68, ""party"": ""DFL""}, {""name"": ""Matt Little"", ""votes"": 115, ""votes_pct"": 41.37, ""party"": ""DFL""}, {""name"": ""Kaela Berg"", ""votes"": 48, ""votes_pct"": 17.27, ""party"": ""DFL""}, {""name"": ""Christopher Mosel"", ""votes"": 3, ""votes_pct"": 1.08, ""party"": ""DFL""}]",1.83776020179735,151.271096048392
"270031320",Coon Rapids W-4 P-4,"1320",Coon Rapids,"050","13114",Anoka,"2","003","3","35",35A,11010.4981219525,3790934.9179251,"27021320",,,,,1.46367997181088,
"270110031",Beardsley,"0031",Beardsley,"021","04204",Big Stone,"6","011","7","12",12A,4956.16200699737,1229667.7013294,"27060031",,,,,0.474774699483281,
"270870010",Bejou,"0010",Bejou,"009","04672",Mahnomen,"44","087","8","2",2B,4257.8995065299,742429.281093467,"27440010",,,,,0.286651945430187,
"271370125",Cook,"0125",Cook,"110","13006",St. Louis,"69","137","8","3",3A,18928.6842401464,6736100.3205484,"27690125",,,,,2.60080833376374,
"270410050",Carlos City,"0050",Carlos,"029","09964",Douglas,"21","041","7","12",12B,6530.92870332515,1158455.81342507,"27210050",,,,,0.44727978956342,
"270210295",Wahnena,"0295",Wahnena Unorg,"290","67595",Cass,"11","021","8","2",2B,60714.7094771513,88752550.9604083,"27110295",,,,,34.2673599258136,
"271030050",Mankato W-2 P-99,"0050",Mankato,"047","39878",Nicollet,"52","103","1","18",18A,5348.63426544003,623452.556696098,"27520050",,,,,0.240715032140363,
"270070125",Kelliher Twp,"0125",Kelliher Twp,"100","32624",Beltrami,"4","007","8","2",2B,43386.0867201075,86787555.5734384,"27040125",,,,,33.5086752069046,
"271350195",Warroad,"0195",Warroad,"195","68224",Roseau,"68","135","7","1",1A,28802.8123768522,8673398.42969292,"27680195",,,,,3.34879913370444,
"271610090",Waseca W-2 P-A,"0090",Waseca,"070","68296",Waseca,"81","161","1","19",19B,13219.5780851359,5047196.08803909,"27810090",,,,,1.94872240959189,
"271210085",Long Beach,"0085",Long Beach,"080","37970",Pope,"61","121","7","12",12A,15650.9148724567,4075937.55519597,"27610085",,,,,1.57371949006116,
"271050170",Worthington W-2 P-1,"0170",Worthington,"150","71734",Nobles,"53","105","1","21",21B,12420.1447528803,4169029.69540407,"27530170",,,,,1.60966236539551,
"270830135",Nordland Twp,"0135",Nordland Twp,"110","46564",Lyon,"42","083","7","15",15A,38219.9044525462,91282973.940453,"27420135",,,,,35.2443562384089,
"271150135",Mission Creek Twp,"0135",Mission Creek Twp,"125","43486",Pine,"58","115","8","11",11B,36345.8570390938,82303548.6579939,"27580135",,,,,31.7774001368515,
"271150150",Nickerson Twp,"0150",Nickerson Twp,"140","46132",Pine,"58","115","8","11",11A,59366.898822481,193267671.360464,"27580150",,,,,74.6206479122751,
"271670115",Nilsen Twp,"0115",Nilsen Twp,"095","46276",Wilkin,"84","167","7","9",9A,38705.5698472622,93602933.1358738,"27840115",,,,,36.1400924837609,
"270290095",Nora Twp,"0095",Nora Twp,"095","46438",Clearwater,"15","029","8","2",2B,38565.2324766468,93067989.994154,"27150095",,,,,35.9335509367429,
"270610290",Nore Twp,"0290",Nore Twp,"190","46582",Itasca,"31","061","8","3",3A,38858.1495099848,94489312.3197741,"27310290",,,,,36.4823234866648,
"270130085",Lyra Twp,"0085",Lyra Twp,"085","38870",Blue Earth,"7","013","1","22",22A,44253.52199971,91367544.2436548,"27070085",,,,,35.2770088324751,
"270010130",Macville Twp,"0130",Macville Twp,"125","39212",Aitkin,"1","001","8","7",7A,38912.6387784968,94631276.0364722,"27010130",,,,,36.5371356776819,
"270010135",Malmo Twp,"0135",Malmo Twp,"130","39590",Aitkin,"1","001","8","10",10A,38620.4354036015,92385905.1063331,"27010135",,,,,35.6701979615552,
"271450200",North Fork Twp,"0200",North Fork Twp,"175","46960",Stearns,"73","145","7","12",12A,40315.7487093242,90147992.5481791,"27730200",,,,,34.8061399228519,
"270450115",Norway Twp,"0115",Norway Twp,"110","47392",Fillmore,"23","045","1","26",26B,38492.5560487789,92461747.1624233,"27230115",,,,,35.6994805794116,
"270590055",Oxford Twp,"0055",Oxford Twp,"055","49354",Isanti,"30","059","8","28",28A,31961.3935925214,61244766.453824,"27300055",,,,,23.6466043278214,
"271150170",Partridge Twp,"0170",Partridge Twp,"160","49876",Pine,"58","115","8","11",11B,45928.922495046,90256593.7755243,"27580170",,,,,34.8480708567299,
"271010110",Mason Twp,"0110",Mason Twp,"110","40958",Murray,"51","101","7","21",21A,38585.0859357644,93084400.6769323,"27510110",,,,,35.9398871013636,
"271370805",Midway Twp,"0805",Midway Twp,"305","42056",St. Louis,"69","137","8","3",3B,28720.2998450494,36543803.717212,"27690805",,,,,14.1095626152156,
"271110285",Newton Twp,"0285",Newton Twp,"246","46006",Otter Tail,"56","111","7","9",9B,50909.416857304,90714599.6574284,"27560285",,,,,35.0249069277331,
"271150120",Kerrick Twp,"0120",Kerrick Twp,"110","32930",Pine,"58","115","8","11",11A,41788.1874555921,90309427.6475118,"27580120",,,,,34.8684700147043,
"270210180",Meadow Brook Twp,"0180",Meadow Brook Twp,"175","41354",Cass,"11","021","8","5",5B,40129.9766034741,100622067.7293,"27110180",,,,,38.8501803502827,
"270630105",Minneota Twp,"0105",Minneota Twp,"085","43108",Jackson,"32","063","1","21",21B,38799.6126589185,93745288.7165393,"27320105",,,,,36.1950559734558,
"271690070",Minnesota City,"0070",Minnesota City,"060","43144",Winona,"85","169","1","26",26A,4251.80186880354,680774.449310323,"27850070",,,,,0.262847014878716,
"271210095",Minnewaska Twp,"0095",Minnewaska Twp,"090","43342",Pope,"61","121","7","12",12A,47527.8468127579,65554835.9927031,"27610095",,,,,25.3107221767826,
"271370994",Unorg Prct 17,"0994",Makinen Unorg,"281","39538",St. Louis,"69","137","8","7",7B,38404.2109492733,92217007.8672093,"27690994",,,,,35.6049867375295,
"270970155",Mount Morris Twp,"0155",Mount Morris Twp,"145","44602",Morrison,"49","097","7","10",10B,35320.6789604396,77956489.5583055,"27490155",,,,,30.0990006184617,
"271010120",Murray Twp,"0120",Murray Twp,"120","44854",Murray,"51","101","7","21",21A,44588.1725666635,92094407.6539047,"27510120",,,,,35.5576507951726,
"270250060",Nessel Twp,"0060",Nessel Twp,"055","45250",Chisago,"13","025","8","11",11B,45756.7049084988,111015332.651516,"27130060",,,,,42.8630199367504,
"270450135",Preble Twp,"0135",Preble Twp,"130","52396",Fillmore,"23","045","1","26",26B,38432.2959599927,92463415.3967515,"27230135",,,,,35.7001246846858,
"270970200",Richardson Twp,"0200",Richardson Twp,"190","54178",Morrison,"49","097","7","10",10A,38722.855500472,93702391.7657876,"27490200",,,,,36.1784934607706,
"270450130",Pilot Mound Twp,"0130",Pilot Mound Twp,"125","51010",Fillmore,"23","045","1","26",26B,40136.635101995,88978195.4447972,"27230130",,,,,34.3544812612362,
"270490170",Roscoe Twp,"0170",Roscoe Twp,"115","55492",Goodhue,"25","049","1","20",20B,38433.5699122478,92584468.8246557,"27250170",,,,,35.7468634131996,
"271490110",Swan Lake Twp,"0110",Swan Lake Twp,"100","63724",Stevens,"75","149","7","12",12A,38637.2081389875,93215021.7611328,"27750110",,,,,35.9903199019734,
"270290065",Itasca Twp,"0065",Itasca Twp,"065","31508",Clearwater,"15","029","8","2",2B,38482.1021662486,92944187.1680999,"27150065",,,,,35.8857506656034,
"271510080",Hegbert Twp,"0080",Hegbert Twp,"075","28160",Swift,"76","151","7","12",12A,38405.6066657177,92344360.8988511,"27760080",,,,,35.6541577430464,
"271450245",Roscoe,"0245",Roscoe,"215","55510",Stearns,"73","145","7","13",13A,5669.92757120704,1642085.37265363,"27730245",,,,,0.634009162381567,
"270950125",Wahkon,"0125",Wahkon,"125","67558",Mille Lacs,"48","095","8","10",10A,10028.6827965974,2497363.19343778,"27480125",,,,,0.964231928986326,
"270010065",Hill City,"0065",Hill City,"065","29096",Aitkin,"1","001","8","7",7A,14824.2732218852,2895697.0595013,"27010065",,,,,1.11802863467345,
"271050190",Worthington Twp,"0190",Worthington Twp,"155","71752",Nobles,"53","105","1","21",21B,65112.8102569629,71651805.3486437,"27530190",,,,,27.6647620451113,
"271370440",Ellsburg Twp,"0440",Ellsburg Twp,"135","18800",St. Louis,"69","137","8","7",7B,57837.9567490936,186198030.635151,"27690440",,,,,71.8910596282319,
"270372110",Eureka Twp,"2110",Eureka Twp,"035","19871",Dakota,"19","037","2","57",57A,42586.7805428346,89526323.9407613,"27192110",129,Matt Little,22.48,"[{""name"": ""Abdi Abdulle"", ""votes"": 2, ""votes_pct"": 1.55, ""party"": ""DFL""}, {""name"": ""Matthew D. Klein"", ""votes"": 43, ""votes_pct"": 33.33, ""party"": ""DFL""}, {""name"": ""Hugh McTavish"", ""votes"": 1, ""votes_pct"": 0.78, ""party"": ""DFL""}, {""name"": ""Matt Little"", ""votes"": 72, ""votes_pct"": 55.81, ""party"": ""DFL""}, {""name"": ""Kaela Berg"", ""votes"": 11, ""votes_pct"": 8.53, ""party"": ""DFL""}, {""name"": ""Christopher Mosel"", ""votes"": 0, ""votes_pct"": 0.00, ""party"": ""DFL""}]",34.5661136735279,3.73197870082784
"271030140",Traverse Twp,"0140",Traverse Twp,"085","65416",Nicollet,"52","103","1","18",18A,52361.9959826147,59246687.8748435,"27520140",,,,,22.8751461884771,
"270610350",Trout Lake Twp,"0350",Trout Lake Twp,"235","65596",Itasca,"31","061","8","7",7A,43072.3312142691,88911221.1877066,"27310350",,,,,34.3286225005735,
"271290170",Troy Twp,"0170",Troy Twp,"170","65632",Renville,"65","129","7","16",16A,53356.691033437,90028307.1630383,"27650170",,,,,34.7599293956491,
"270750065",Stony River Twp,"0065",Stony River Twp,"033","62995",Lake,"38","075","8","3",3A,184968.571297478,1496392911.71066,"27380065",,,,,577.757303211487,
"270690185",Thompson Twp,"0185",Thompson Twp,"185","64642",Kittson,"35","069","7","1",1A,38664.667499794,93338360.2002401,"27350185",,,,,36.0379408733127,
"270930140",Swede Grove Twp,"0140",Swede Grove Twp,"115","63832",Meeker,"47","093","7","16",16A,40496.471616004,92066306.405989,"27470140",,,,,35.5468009033523,
"271170110",Sweet Twp,"0110",Sweet Twp,"090","63886",Pipestone,"59","117","7","21",21A,54431.9367793597,106844160.432725,"27590110",,,,,41.2525303430753,
"270070150",Maple Ridge Twp,"0150",Maple Ridge Twp,"130","40274",Beltrami,"4","007","8","2",2A,38823.2868930422,94356965.0742562,"27040150",,,,,36.4312242151703,
"271130060",North Twp,"0060",North Twp,"060","46762",Pennington,"57","113","7","1",1A,42779.8661795277,59948674.7704558,"27570060",,,,,23.146183328873,
"271110310",Orwell Twp,"0310",Orwell Twp,"270","48742",Otter Tail,"56","111","7","9",9A,38858.5198797492,90391422.5265224,"27560310",,,,,34.9001282374903,
"270950100",Page Twp,"0100",Page Twp,"100","49480",Mille Lacs,"48","095","8","10",10B,38643.9003625569,92502879.5569884,"27480100",,,,,35.7153617969532,
"270610249",Marcell Twp,"0249",Marcell Twp,"165","40472",Itasca,"31","061","8","3",3A,52238.2303749695,148827405.104721,"27310249",,,,,57.462261110933,
"271070120",Rockwell Twp,"0120",Rockwell Twp,"115","55114",Norman,"54","107","7","1",1B,36695.7003770876,83813592.7581821,"27540120",,,,,32.3604281639341,
"270630125",Round Lake Twp,"0125",Round Lake Twp,"105","56068",Jackson,"32","063","1","21",21B,38624.983369498,93251377.7579311,"27320125",,,,,36.0043569523372,
"271190230",Gentilly Twp,"0230",Gentilly Twp,"140","23480",Polk,"60","119","7","1",1B,43233.0088769267,83232032.808691,"27600230",,,,,32.1358878674356,
"271610065",Saint Mary Twp,"0065",St. Mary Twp,"055","57274",Waseca,"81","161","1","19",19B,44897.6639256506,92244957.6143501,"27810065",,,,,35.6157781349006,
"271370915",Sandy Twp,"0915",Sandy Twp,"395","58450",St. Louis,"69","137","8","7",7B,37198.640402693,86078260.1750629,"27690915",,,,,33.2348162535918,
"270170070",Corona Unorg,"0070",Corona Unorg,"044","46820",Carlton,"9","017","8","11",11A,38845.8873044477,94345433.3462048,"27090070",,,,,36.4267718149697,
"270670090",Lake Elizabeth Twp,"0090",Lake Elizabeth Twp,"090","34226",Kandiyohi,"34","067","7","16",16A,38615.4908297985,93231669.5434602,"27340090",,,,,35.99674761073,
"270450090",Holt Twp,"0090",Holt Twp,"085","29852",Fillmore,"23","045","1","26",26B,55457.5153631261,84124026.9055516,"27230090",,,,,32.4802867882335,
"271110380",Rothsay,"0380",Rothsay,"340","56014",Otter Tail,"56","111","7","9",9A,4914.86832640147,416487.99666364,"27560380",,,,,0.160806015511831,
"271510100",Kildare Twp,"0100",Kildare Twp,"090","33092",Swift,"76","151","7","12",12A,45001.2636235706,90820146.2713995,"27760100",,,,,35.0656584753874,
"271190305",King Twp,"0305",King Twp,"215","33254",Polk,"60","119","7","1",1B,45238.5800774469,91540715.4886092,"27600305",,,,,35.343870250152,
"271670135",Rothsay City,"0135",Rothsay,"115","56014",Wilkin,"84","167","7","9",9A,9720.36519137572,5238630.65079428,"27840135",,,,,2.02263529427167,
"270090067",Royalton,"0067",Royalton,"062","56176",Benton,"5","009","6","10",10B,5338.53138360593,862017.098260002,"27050067",,,,,0.332824801638187,
"270830145",Russell,"0145",Russell,"120","56428",Lyon,"42","083","7","15",15A,7128.62912656619,2539948.346383,"27420145",,,,,0.980674056538476,
"271150207",Rutledge,"0207",Rutledge,"192","56518",Pine,"58","115","8","11",11B,13149.9842748134,7819473.09235208,"27580207",,,,,3.01909856095714,
"271450355",Saint Cloud W-4 P-6,"0355",St. Cloud,"230","56896",Stearns,"73","145","6","14",14A,19378.6643742799,17293991.3971121,"27730355",,,,,6.67721007842498,
"271730125",Saint Leo,"0125",St. Leo,"100","57202",Yellow Medicine,"87","173","7","15",15A,3308.42553399559,654023.115230537,"27870125",,,,,0.25251832479051,
"271030120",Saint Peter W-1 P-1,"0120",St. Peter,"080","58036",Nicollet,"52","103","1","18",18A,20303.5918642815,8127807.58907501,"27520120",,,,,3.13814651014186,
"271450404",Saint Rosa,"0404",St. Rosa,"253","58072",Stearns,"73","145","7","12",12A,4010.61406441568,961454.281884848,"27730404",,,,,0.37121749823574,
"270990190",Sargeant City,"0190",Sargeant,"139","58576",Mower,"50","099","1","23",23B,6354.51517263034,2210022.82514671,"27500190",,,,,0.853289812789144,
"271450416",Sartell P-1,"0416",Sartell,"262","58612",Stearns,"73","145","6","13",13B,27083.6812572699,7875436.09861432,"27730416",,,,,3.04070587767499,
"271450420",Sauk Centre,"0420",Sauk Centre,"265","58648",Stearns,"73","145","7","12",12B,23037.1636783356,11285331.2609034,"27730420",,,,,4.35726639983482,
"270090100",Sauk Rapids P-1,"0100",Sauk Rapids,"073","58684",Benton,"5","009","6","13",13B,7132.16795671844,2493827.90079457,"27050100",,,,,0.962866952496784,
"270730005",Agassiz Twp,"0005",Agassiz Twp,"005","00352",Lac qui Parle,"37","073","7","15",15A,50276.337520987,96574999.4773868,"27370005",,,,,37.2876072982191,
"270970005",Agram Twp,"0005",Agram Twp,"005","00406",Morrison,"49","097","7","10",10B,28931.6962688182,51917766.7045482,"27490005",,,,,20.0454497246261,
"270470060",Albert Lea Twp P-1,"0060",Albert Lea Twp,"010","00712",Freeborn,"24","047","1","23",23A,68954.8805314832,59031016.4714326,"27240060",,,,,22.7918754596201,
"270410030",Alexandria Twp,"0030",Alexandria Twp,"010","00946",Douglas,"21","041","7","12",12B,41830.2936175224,57963908.5710198,"27210030",,,,,22.3798650992707,
"271110010",Amor Twp,"0010",Amor Twp,"010","01468",Otter Tail,"56","111","7","9",9B,38112.9031423672,90788751.9540003,"27560010",,,,,35.0535371294395,
"270450095",Jordan Twp,"0095",Jordan Twp,"090","32156",Fillmore,"23","045","1","26",26B,38536.7466745592,93063612.8708197,"27230095",,,,,35.9318609294235,
"270033005",Saint Francis P-1,"3005",St. Francis,"106","56950",Anoka,"2","003","6","27",27B,37551.3074003556,39064939.7310621,"27023005",,,,,15.0829732301631,
"270970145",Motley,"0145",Motley,"134","44422",Morrison,"49","097","7","5",5B,8774.05036749255,3240486.61677619,"27490145",,,,,1.25115188273729,
"270710050",International Falls East Ward,"0050",International Falls,"010","31040",Koochiching,"36","071","8","3",3A,21447.4475515379,7782216.7170117,"27360050",,,,,3.00471387443822,
"270372710",Inver Grove Heights P-1,"2710",Inver Grove Heights,"071","31076",Dakota,"19","037","2","53",53A,24374.3420436432,11254390.6722382,"27192710",327,Matthew D. Klein,18.35,"[{""name"": ""Abdi Abdulle"", ""votes"": 4, ""votes_pct"": 1.22, ""party"": ""DFL""}, {""name"": ""Matthew D. Klein"", ""votes"": 169, ""votes_pct"": 51.68, ""party"": ""DFL""}, {""name"": ""Hugh McTavish"", ""votes"": 7, ""votes_pct"": 2.14, ""party"": ""DFL""}, {""name"": ""Matt Little"", ""votes"": 109, ""votes_pct"": 33.33, ""party"": ""DFL""}, {""name"": ""Kaela Berg"", ""votes"": 38, ""votes_pct"": 11.62, ""party"": ""DFL""}, {""name"": ""Christopher Mosel"", ""votes"": 0, ""votes_pct"": 0.00, ""party"": ""DFL""}]",4.34532023855116,75.2533719146625
"270350205",Manhattan Beach City,"0205",Manhattan Beach,"140","39806",Crow Wing,"18","035","8","6",6A,11917.8430393021,3966802.48762482,"27180205",,,,,1.53158244047194,
"270990150",Mapleview City,"0150",Mapleview,"100","40346",Mower,"50","099","1","23",23B,3845.39191751225,476622.96436152,"27500150",,,,,0.184024126539983,
"271690085",Norton Twp,"0085",Norton Twp,"075","47374",Winona,"85","169","1","20",20B,44854.9814741545,84305653.5983896,"27850085",,,,,32.5504128543382,
"271190420",Tabor Twp,"0420",Tabor Twp,"330","64030",Polk,"60","119","7","1",1B,38751.3985137251,93843156.4684528,"27600420",,,,,36.2328427124696,
"271110420",Tumuli Twp,"0420",Tumuli Twp,"380","65686",Otter Tail,"56","111","7","9",9A,41734.9441346559,92149034.7959764,"27560420",,,,,35.5787423347265,
"270390075",Vernon Twp,"0075",Vernon Twp,"075","66892",Dodge,"20","039","1","24",24A,38677.1721145561,93454387.8175996,"27200075",,,,,36.0827391363752,
"270190135",Watertown,"0135",Watertown,"109","68548",Carver,"10","019","6","17",17B,27103.2283234351,6980543.3779638,"27100135",,,,,2.69518779823182,
"271450210",Paynesville,"0210",Paynesville,"184","49966",Stearns,"73","145","7","13",13A,23863.9082723884,5825075.01131242,"27730210",,,,,2.24906146186773,
"270270125",Holy Cross Twp,"0125",Holy Cross Twp,"115","29906",Clay,"14","027","7","4",4B,51281.0245579175,86212329.1512509,"27140125",,,,,33.286580285298,
"271150125",Kettle River Twp,"0125",Kettle River Twp,"120","32984",Pine,"58","115","8","11",11B,58365.1773209934,79381843.4520911,"27580125",,,,,30.6493297568524,
"271190295",Kertsonville Twp,"0295",Kertsonville Twp,"205","32948",Polk,"60","119","7","1",1B,38884.3770315287,94643248.8984006,"27600295",,,,,36.5417583996725,
"270670080",Kandiyohi Twp,"0080",Kandiyohi Twp,"075","32390",Kandiyohi,"34","067","7","16",16B,44274.0375152612,91758087.1682341,"27340080",,,,,35.4277974556552,
"270270135",Keene Twp,"0135",Keene Twp,"125","32552",Clay,"14","027","7","4",4B,36850.7477609548,84621904.7760674,"27140135",,,,,32.6725174340396,
"270430100",Kiester Twp,"0100",Kiester Twp,"060","33074",Faribault,"22","043","1","23",23A,43898.9915579529,92526577.8119032,"27220100",,,,,35.7245116931758,
"270650060",Knife Lake Twp,"0060",Knife Lake Twp,"055","33560",Kanabec,"33","065","8","11",11B,36324.4861950677,82219098.5333736,"27330060",,,,,31.7447939437356,
"270570080",Lake Emma Twp,"0080",Lake Emma Twp,"080","34262",Hubbard,"29","057","8","5",5A,38579.1453870117,92965568.8180169,"27290080",,,,,35.8940061206363,
"270910130",Lake Fremont Twp,"0130",Lake Fremont Twp,"075","34334",Martin,"46","091","1","22",22A,42335.3930987044,93671858.3110459,"27460130",,,,,36.1667044938948,
"271070085",Lake Ida Twp,"0085",Lake Ida Twp,"080","34532",Norman,"54","107","7","1",1B,36701.2213428369,83874164.0504349,"27540085",,,,,32.3838147398729,
"271170080",Pipestone P-2,"0080",Pipestone,"075","51388",Pipestone,"59","117","7","21",21A,16592.494158385,5961221.9900437,"27590080",,,,,2.30162781035587,
"271270170",Three Lakes Twp,"0170",Three Lakes Twp,"160","64822",Redwood,"64","127","7","15",15B,42591.4586702452,91913858.2892933,"27640170",,,,,35.4879406854962,
"271371030",Van Buren Twp,"1030",Van Buren Twp,"430","66586",St. Louis,"69","137","8","7",7A,38381.1415028199,92213696.4062635,"27691030",,,,,35.6037081824583,
"270850105",Lynn Twp,"0105",Lynn Twp,"070","38798",McLeod,"43","085","7","17",17A,45979.5411374795,85466886.7450899,"27430105",,,,,32.9987649722792,
"271290120",Melville Twp,"0120",Melville Twp,"120","41624",Renville,"65","129","7","16",16A,38759.2335420396,94161386.8777506,"27650120",,,,,36.3557114734995,
"270850140",Sumter Twp,"0140",Sumter Twp,"105","63436",McLeod,"43","085","7","17",17A,45397.0244682215,92477741.1724987,"27430140",,,,,35.7056558667017,
"270470190",Newry Twp,"0190",Newry Twp,"140","45934",Freeborn,"24","047","1","23",23B,38635.2517308806,93442431.0514056,"27240190",,,,,36.0781226289477,
"271670120",Nordick Twp,"0120",Nordick Twp,"100","46528",Wilkin,"84","167","7","9",9A,38797.9314784455,93737504.700594,"27840120",,,,,36.1920505648994,
"270210165",McKinley Twp,"0165",McKinley Twp,"160","39104",Cass,"11","021","8","5",5A,38817.2444971203,94277413.6946452,"27110165",,,,,36.4005094275025,
"270730115",Manfred Twp,"0115",Manfred Twp,"095","39788",Lac qui Parle,"37","073","7","15",15A,37290.646740357,86704118.4717395,"27370115",,,,,33.4764601419386,
"270350210",Maple Grove Twp,"0210",Maple Grove Twp,"145","40148",Crow Wing,"18","035","8","10",10A,38578.1561310582,93120015.3297273,"27180210",,,,,35.9536379188077,
"270470200",Oakland Twp,"0200",Oakland Twp,"150","47788",Freeborn,"24","047","1","23",23B,38670.2083133206,93247637.6094234,"27240200",,,,,36.0029128809984,
"271610060",Otisco Twp,"0060",Otisco Twp,"050","49084",Waseca,"81","161","1","23",23A,38611.2252029505,93280700.8801752,"27810060",,,,,36.0156786098356,
"270850110",Penn Twp,"0110",Penn Twp,"075","50308",McLeod,"43","085","7","17",17A,38682.8572602561,93658707.3697987,"27430110",,,,,36.1616269154793,
"270810075",Marble Twp,"0075",Marble Twp,"075","40436",Lincoln,"41","081","7","21",21A,38948.663422977,94720819.6017413,"27410075",,,,,36.5717084482323,
"271350105",Mickinock Twp,"0105",Mickinock Twp,"105","41894",Roseau,"68","135","7","1",1A,39633.1038088426,97461710.4668235,"27680105",,,,,37.6299664112406,
"270610085",Coleraine,"0085",Coleraine,"070","12502",Itasca,"31","061","8","7",7A,54095.7063878111,40895377.8246604,"27310085",,,,,15.7897053781014,
"270190065",Cologne,"0065",Cologne,"045","12664",Carver,"10","019","6","48",48A,17105.2559973157,4844893.71183329,"27100065",,,,,1.87061346213883,
"270290005",Bagley City,"0005",Bagley,"005","03196",Clearwater,"15","029","8","2",2B,17273.8954054814,5687400.72697795,"27150005",,,,,2.19590542068619,
"270170015",Barnum,"0015",Barnum,"014","03628",Carlton,"9","017","8","11",11A,7121.89470361219,2608550.45726866,"27090015",,,,,1.00716133155143,
"270610227",La Prairie P-6,"0227",La Prairie,"147","35648",Itasca,"31","061","8","6",6A,11977.5780238115,4330477.71878916,"27310227",,,,,1.6719974472245,
"270810055",Lake Benton,"0055",Lake Benton,"054","34100",Lincoln,"41","081","7","21",21A,23058.5565319368,10806653.0229211,"27410055",,,,,4.17244873214982,
"270130065",Lake Crystal,"0065",Lake Crystal,"065","34190",Blue Earth,"7","013","1","22",22A,24936.6861635927,5394182.74959452,"27070065",,,,,2.08269395961845,
"270210140",Lake Shore,"0140",Lake Shore,"140","34928",Cass,"11","021","8","5",5A,29141.8492451251,47010343.8976758,"27110140",,,,,18.1506937788926,
"271150155",Norman Twp,"0155",Norman Twp,"145","46618",Pine,"58","115","8","11",11A,38591.6532641852,93091905.5936519,"27580155",,,,,35.942784749709,
"270090090",Saint George Twp,"0090",St. George Twp,"070","56986",Benton,"5","009","6","10",10B,38955.0853199824,95022382.6898067,"27050090",,,,,36.6881419565344,
"270210245",Salem Twp,"0245",Salem Twp,"240","58216",Cass,"11","021","8","2",2B,38678.7451842762,94189501.7067144,"27110245",,,,,36.3665666089624,
"271110340",Parkers Prairie,"0340",Parkers Prairie,"299","49732",Otter Tail,"56","111","7","9",9B,9896.52767143352,3092947.35165659,"27560340",,,,,1.19418697247461,
"271010135",Slayton City,"0135",Slayton,"134","60808",Murray,"51","101","7","21",21A,23831.5021643068,5354951.45123274,"27510135",,,,,2.06754675532096,
"271630290",Saint Paul Park P-1,"0290",St. Paul Park,"165","58018",Washington,"82","163","2","53",53B,15075.7890885652,6662905.76736887,"27820290",129,Matt Little,2.33,"[{""name"": ""Abdi Abdulle"", ""votes"": 13, ""votes_pct"": 10.08, ""party"": ""DFL""}, {""name"": ""Matthew D. Klein"", ""votes"": 42, ""votes_pct"": 32.56, ""party"": ""DFL""}, {""name"": ""Hugh McTavish"", ""votes"": 2, ""votes_pct"": 1.55, ""party"": ""DFL""}, {""name"": ""Matt Little"", ""votes"": 45, ""votes_pct"": 34.88, ""party"": ""DFL""}, {""name"": ""Kaela Berg"", ""votes"": 27, ""votes_pct"": 20.93, ""party"": ""DFL""}, {""name"": ""Christopher Mosel"", ""votes"": 0, ""votes_pct"": 0.00, ""party"": ""DFL""}]",2.57254791678112,50.1448385697749
"270250090",Stacy W-1 P-1,"0090",Stacy,"085","62320",Chisago,"13","025","8","28",28B,17967.1198146504,8499196.94997785,"27130090",,,,,3.28153994238645,
"270730125",Maxwell Twp,"0125",Maxwell Twp,"105","41084",Lac qui Parle,"37","073","7","15",15A,38804.1426758622,94167423.2942402,"27370125",,,,,36.3580421339061,
"270510085",North Ottawa Twp,"0085",North Ottawa Twp,"085","47140",Grant,"26","051","7","9",9A,38592.5298713047,93140993.5194391,"27260085",,,,,35.9617375978554,
"271590040",Meadow Twp,"0040",Meadow Twp,"040","41336",Wadena,"80","159","7","5",5A,38826.5660848536,94486426.659142,"27800040",,,,,36.4812093330947,
"270270035",Cromwell Twp,"0035",Cromwell Twp,"025","13798",Clay,"14","027","7","4",4B,37346.5410793525,87251589.6110779,"27140035",,,,,33.6878387488372,
"270010038",Unorg 47-24 (Davidson Unorg),"0038",Davidson Unorg,"038","14903",Aitkin,"1","001","8","10",10A,39138.0171293062,96304736.7772129,"27010038",,,,,37.1832588696819,
"271370115",Clinton Twp,"0115",Clinton Twp,"100","12016",St. Louis,"69","137","8","7",7B,46286.6049208061,87399825.4066913,"27690115",,,,,33.7450725895235,
"270690020",Clow Twp,"0020",Clow Twp,"020","12340",Kittson,"35","069","7","1",1A,43739.6202911674,117860155.677389,"27350020",,,,,45.5058061070397,
"270150030",Cottonwood Twp,"0030",Cottonwood Twp,"030","13546",Brown,"8","015","1","15",15B,49462.5941646532,89881924.5814191,"27080030",,,,,34.7034110808859,
"270970045",Culdrum Twp,"0045",Culdrum Twp,"045","14248",Morrison,"49","097","7","10",10A,40146.5793805427,87689749.7794977,"27490045",,,,,33.8570123898641,
"271110100",Deer Creek Twp,"0100",Deer Creek Twp,"090","15202",Otter Tail,"56","111","7","9",9B,51834.6538383366,84148084.2949449,"27560100",,,,,32.4895753462782,
"270690030",Deerwood Twp,"0030",Deerwood Twp,"030","15382",Kittson,"35","069","7","1",1A,41529.2399535931,92402604.1998641,"27350030",,,,,35.6766454815675,
"271710060",Cokato Twp,"0060",Cokato Twp,"040","12448",Wright,"86","171","6","17",17A,53364.1942536664,87996643.2044331,"27860060",,,,,33.9755039412316,
"270790010",Cleveland Twp,"0010",Cleveland Twp,"005","11890",Le Sueur,"40","079","2","22",22B,49622.9175986308,96220169.7783528,"27400010",65,Matt Little,6.15,"[{""name"": ""Abdi Abdulle"", ""votes"": 0, ""votes_pct"": 0.00, ""party"": ""DFL""}, {""name"": ""Matthew D. Klein"", ""votes"": 24, ""votes_pct"": 36.92, ""party"": ""DFL""}, {""name"": ""Hugh McTavish"", ""votes"": 2, ""votes_pct"": 3.08, ""party"": ""DFL""}, {""name"": ""Matt Little"", ""votes"": 28, ""votes_pct"": 43.08, ""party"": ""DFL""}, {""name"": ""Kaela Berg"", ""votes"": 10, ""votes_pct"": 15.38, ""party"": ""DFL""}, {""name"": ""Christopher Mosel"", ""votes"": 1, ""votes_pct"": 1.54, ""party"": ""DFL""}]",37.150607551422,1.74963491270043
"270010132",Millward Twp,"0132",Millward Twp,"132","42300",Aitkin,"1","001","8","10",10A,57748.8164865988,185362965.568252,"27010132",,,,,71.5686410059021,
"270670120",Norway Lake Twp,"0120",Norway Lake Twp,"120","47464",Kandiyohi,"34","067","7","16",16B,43466.6908400501,91848156.580632,"27340120",,,,,35.462573255782,
"270350215",Mission Twp,"0215",Mission Twp,"150","43468",Crow Wing,"18","035","8","6",6A,40288.7803233975,89833879.3743662,"27180215",,,,,34.6848608264428,
"270050155",Osage Twp,"0155",Osage Twp,"130","48778",Becker,"3","005","7","5",5A,38543.9961872388,92921493.7577148,"27030155",,,,,35.8769887398537,
"270610265",Moose Park Twp,"0265",Moose Park Twp,"175","44008",Itasca,"31","061","8","3",3A,38872.890842436,94546870.0219641,"27310265",,,,,36.5045465154803,
"271270085",Morgan Twp,"0085",Morgan Twp,"080","44134",Redwood,"64","127","7","15",15B,45992.6206724202,91900767.2651293,"27640085",,,,,35.4828862410664,
"271310070",Morristown Twp,"0070",Morristown Twp,"045","44314",Rice,"66","131","2","19",19A,49240.7483516924,90245983.2885151,"27660070",11,Matthew D. Klein,18.18,"[{""name"": ""Abdi Abdulle"", ""votes"": 1, ""votes_pct"": 9.09, ""party"": ""DFL""}, {""name"": ""Matthew D. Klein"", ""votes"": 5, ""votes_pct"": 45.45, ""party"": ""DFL""}, {""name"": ""Hugh McTavish"", ""votes"": 0, ""votes_pct"": 0.00, ""party"": ""DFL""}, {""name"": ""Matt Little"", ""votes"": 2, ""votes_pct"": 18.18, ""party"": ""DFL""}, {""name"": ""Kaela Berg"", ""votes"": 3, ""votes_pct"": 27.27, ""party"": ""DFL""}, {""name"": ""Christopher Mosel"", ""votes"": 0, ""votes_pct"": 0.00, ""party"": ""DFL""}]",34.8439741476957,0.315693036430733
"270050135",Lake Park Twp,"0135",Lake Park Twp,"105","34802",Becker,"3","005","7","4",4B,46258.2796606182,90776826.8370256,"27030135",,,,,35.0489328417756,
"270810065",Lake Stay Twp,"0065",Lake Stay Twp,"065","35054",Lincoln,"41","081","7","21",21A,45201.4006563272,93439575.0605879,"27410065",,,,,36.077019930893,
"270950065",Lewis Twp,"0065",Lewis Twp,"065","36782",Mille Lacs,"48","095","8","10",10A,38768.246174068,93139240.1277486,"27480065",,,,,35.9610606133237,
"270350195",Little Pine Twp,"0195",Little Pine Twp,"130","37646",Crow Wing,"18","035","8","6",6A,38632.4968393611,92974676.9341452,"27180195",,,,,35.8975227642734,
"270210265",Sylvan Twp,"0265",Sylvan Twp,"260","63958",Cass,"11","021","8","5",5B,63670.003556815,89046826.0695841,"27110265",,,,,34.3809795454664,
"271550065",Taylor Twp,"0065",Taylor Twp,"070","64300",Traverse,"78","155","7","9",9A,47895.3961471468,135601344.371415,"27780065",,,,,52.3556790618035,
"270690180",Teien Twp,"0180",Teien Twp,"180","64354",Kittson,"35","069","7","1",1A,49456.8160294058,75665469.3913333,"27350180",,,,,29.2144377319938,
"270210155",Longville,"0155",Longville,"153","38114",Cass,"11","021","8","2",2B,13983.0114332115,2270567.73995091,"27110155",,,,,0.876666204395047,
"271650050",Madelia,"0050",Madelia,"049","39230",Watonwan,"83","165","1","22",22A,14365.4948848444,3870770.04289851,"27830050",,,,,1.49450431356311,
"270630085",La Crosse Twp,"0085",La Crosse Twp,"070","33902",Jackson,"32","063","1","21",21B,38079.7594724996,90495414.8251184,"27320085",,,,,34.9402796639782,
"270850100",Lester Prairie City,"0100",Lester Prairie,"065","36728",McLeod,"43","085","7","17",17B,14705.4027001261,2502625.02555492,"27430100",,,,,0.966263522366755,
"271370770",Lakewood Twp,"0770",Lakewood Twp,"265","35234",St. Louis,"69","137","8","3",3B,35505.5374693878,72250964.5724819,"27690770",,,,,27.8960974214353,
"271490060",Horton Twp,"0060",Horton Twp,"060","30212",Stevens,"75","149","7","12",12A,38583.5032816817,92945449.0168559,"27750060",,,,,35.886237865408,
"270430160",Winnebago,"0160",Winnebago,"110","70924",Faribault,"22","043","1","22",22A,17492.8051919653,6008808.73551771,"27220160",,,,,2.32000105278339,
"270070260",Turtle Lake Twp,"0260",Turtle Lake Twp,"220","65758",Beltrami,"4","007","8","2",2A,38766.9827982924,93719815.5468596,"27040260",,,,,36.1852207826425,
"271610055",New Richland Twp,"0055",New Richland Twp,"040","45880",Waseca,"81","161","1","23",23A,45519.3317740167,91973310.7354535,"27810055",,,,,35.5108952749586,
"270070275",Unorg Dist 1,"0275",North Beltrami Unorg,"148","46770",Beltrami,"4","007","8","2",2A,252159.953452686,1555387074.60372,"27040275",,,,,600.534949504495,
"271190360",Onstad Twp,"0360",Onstad Twp,"270","48418",Polk,"60","119","7","1",1B,38470.8941865116,92436021.163103,"27600360",,,,,35.6895477710741,
"271110325",Otter Tail Twp,"0325",Otter Tail Twp,"280","49228",Otter Tail,"56","111","7","9",9B,48024.7948373168,76703414.4999386,"27560325",,,,,29.6151883384263,
"270130205",Mapleton Twp,"0205",Mapleton Twp,"110","40328",Blue Earth,"7","013","1","22",22A,45312.6628930282,89267945.2433221,"27070205",,,,,34.4663536584466,
"270970230",Swan River Twp,"0230",Swan River Twp,"220","63760",Morrison,"49","097","7","10",10B,51051.4905542296,98365875.868026,"27490230",,,,,37.9790646726448,
"270890210",Rollis Twp,"0210",Rollis Twp,"210","55330",Marshall,"45","089","7","1",1A,38628.9032925208,93084424.6738779,"27450210",,,,,35.9398963665843,
"271130100",Sanders Twp,"0100",Sanders Twp,"095","58342",Pennington,"57","113","7","1",1A,38719.7723104764,93766503.4648226,"27570100",,,,,36.203246987768,
"270010055",Haugen Twp,"0055",Haugen Twp,"055","27602",Aitkin,"1","001","8","7",7A,38793.5270068216,94397440.460096,"27010055",,,,,36.4468517616431,
"270610385",Zemple,"0385",Zemple,"260","72184",Itasca,"31","061","8","7",7A,7048.69656189377,1671353.91720012,"27310385",,,,,0.645309747430968,
"271410111",Zimmerman P-2,"0111",Zimmerman,"085","72238",Sherburne,"71","141","6","27",27B,12867.8884951389,6134405.41304566,"27710111",,,,,2.36849392997693,
"270010160",Rice River Twp,"0160",Rice River Twp,"155","54106",Aitkin,"1","001","8","10",10A,38702.5510542938,93273609.7951212,"27010160",,,,,36.0129407418963,
"270270140",Kragnes Twp,"0140",Kragnes Twp,"130","33704",Clay,"14","027","7","4",4B,49966.6069038155,99004381.7332641,"27140140",,,,,38.2255917872133,
"270630005",Alba Twp,"0005",Alba Twp,"005","00604",Jackson,"32","063","1","21",21B,38177.3643658243,91341392.9777657,"27320005",,,,,35.2669118287153,
"270450005",Amherst Twp,"0005",Amherst Twp,"005","01396",Fillmore,"23","045","1","26",26B,38524.3572058665,92670156.2502632,"27230005",,,,,35.7799473282266,
"271530105",Kandota Twp,"0105",Kandota Twp,"105","32408",Todd,"77","153","7","5",5B,35415.8325655449,62657963.7380737,"27770105",,,,,24.1922397992702,
"271690120",Saratoga Twp,"0120",Saratoga Twp,"110","58558",Winona,"85","169","1","20",20B,38463.6284508153,92463556.0954125,"27850120",,,,,35.7001790084388,
"270050185",Savannah Twp,"0185",Savannah Twp,"160","58756",Becker,"3","005","8","5",5A,38663.2839467144,93645654.8510852,"27030185",,,,,36.156587338004,
"270990220",Windom Twp,"0220",Windom Twp,"170","70816",Mower,"50","099","1","23",23B,45422.8601648585,93085382.043548,"27500220",,,,,35.9402660070139,
"270430125",Prescott Twp,"0125",Prescott Twp,"080","52432",Faribault,"22","043","1","22",22A,38663.820030547,93363355.5653991,"27220125",,,,,36.0475915838006,
"271450225",Raymond Twp,"0225",Raymond Twp,"200","53314",Stearns,"73","145","7","12",12A,38697.4912567275,93589375.5510935,"27730225",,,,,36.1348579002772,
"271050110",Ransom Twp,"0110",Ransom Twp,"110","53152",Nobles,"53","105","1","21",21B,39959.18175473,94189318.2778604,"27530110",,,,,36.3664957870819,
"270470210",Riceland Twp,"0210",Riceland Twp,"160","54088",Freeborn,"24","047","1","23",23A,40628.2473080265,93079928.986296,"27240210",,,,,35.9381605816089,
"270130090",McPherson Twp,"0090",McPherson Twp,"090","39176",Blue Earth,"7","013","1","22",22B,47263.3800034103,91351363.2295592,"27070090",,,,,35.2707613429328,
"270230060",Mandt Twp,"0060",Mandt Twp,"060","39752",Chippewa,"12","023","7","16",16A,38422.3660050176,92078619.8684875,"27120060",,,,,35.551555131223,
"270970080",Granite Twp,"0080",Granite Twp,"080","25244",Morrison,"49","097","7","10",10A,39566.9236206056,93848039.3241714,"27490080",,,,,36.2347279830626,
"270890140",McCrea Twp,"0140",McCrea Twp,"140","38942",Marshall,"45","089","7","1",1A,45295.6353887326,116573379.5485,"27450140",,,,,45.0089818436758,
"271670100",Manston Twp,"0100",Manston Twp,"080","39968",Wilkin,"84","167","7","9",9A,38670.3077848474,93404428.3220396,"27840100",,,,,36.0634497751395,
"270690118",Peatland Unorg,"0118",Peatland Unorg,"118","17655",Kittson,"35","069","7","1",1A,38828.5469867659,94700827.127752,"27350118",,,,,36.563989354025,
"270310045",Schroeder Twp P-12,"0045",Schroeder Twp,"008","58999",Cook,"16","031","8","3",3A,112276.057752857,411524645.184568,"27160045",,,,,158.889665505762,
"270374310",Sciota Twp,"4310",Sciota Twp,"150","59008",Dakota,"19","037","2","58",58B,25595.7795653383,38492136.6571634,"27194310",44,Matt Little,34.09,"[{""name"": ""Abdi Abdulle"", ""votes"": 0, ""votes_pct"": 0.00, ""party"": ""DFL""}, {""name"": ""Matthew D. Klein"", ""votes"": 5, ""votes_pct"": 11.36, ""party"": ""DFL""}, {""name"": ""Hugh McTavish"", ""votes"": 2, ""votes_pct"": 4.55, ""party"": ""DFL""}, {""name"": ""Matt Little"", ""votes"": 26, ""votes_pct"": 59.09, ""party"": ""DFL""}, {""name"": ""Kaela Berg"", ""votes"": 11, ""votes_pct"": 25.00, ""party"": ""DFL""}, {""name"": ""Christopher Mosel"", ""votes"": 0, ""votes_pct"": 0.00, ""party"": ""DFL""}]",14.8618139633308,2.96060764241587
"270390045",Hayfield Twp,"0045",Hayfield Twp,"040","27890",Dodge,"20","039","1","24",24A,48570.3984890815,94687061.7397919,"27200045",,,,,36.5586745377337,
"270950030",East Side Twp,"0030",East Side Twp,"030","17810",Mille Lacs,"48","095","8","10",10A,40040.9126207955,98781348.4012416,"27480030",,,,,38.1394786177194,
"271190405",Scandia Twp,"0405",Scandia Twp,"315","58882",Polk,"60","119","7","1",1B,38737.1851573202,93575307.0723636,"27600405",,,,,36.1294260606396,
"271130080",River Falls Twp,"0080",River Falls Twp,"080","54574",Pennington,"57","113","7","1",1A,32787.1923885936,58997171.1953574,"27570080",,,,,22.7788077985275,
"270490065",Hay Creek Twp,"0065",Hay Creek Twp,"070","27818",Goodhue,"25","049","1","20",20A,43102.321318134,88838048.7266768,"27250065",,,,,34.3003706133699,
"271190160",Eden Twp,"0160",Eden Twp,"080","18080",Polk,"60","119","7","1",1B,38707.2561131119,93965419.2190274,"27600160",,,,,36.2800483604665,
"270610300",Pomroy Twp,"0300",Pomroy Twp,"200","51856",Itasca,"31","061","8","3",3A,39028.0500188662,95643943.4955353,"27310300",,,,,36.9281265836262,
"270270115",Highland Grove Twp,"0115",Highland Grove Twp,"105","28988",Clay,"14","027","7","4",4B,40246.4040990556,90465181.8839773,"27140115",,,,,34.9286067254036,
"270430020",Blue Earth W-3,"0020",Blue Earth,"010","06688",Faribault,"22","043","1","22",22A,16091.4524391608,5803775.39560902,"27220020",,,,,2.24083768024464,
"270210050",Boy River City,"0050",Boy River,"049","07174",Cass,"11","021","8","2",2B,5789.41330976725,1104151.03117685,"27110050",,,,,0.426312713137383,
"270930075",Forest Prairie Twp,"0075",Forest Prairie Twp,"075","21842",Meeker,"47","093","7","16",16A,49039.9365022769,91116690.3266269,"27470075",,,,,35.1801541351106,
"271110370",Pine Lake Twp,"0370",Pine Lake Twp,"330","51208",Otter Tail,"56","111","7","9",9B,38454.8604259718,92404146.8443532,"27560370",,,,,35.6772410966048,
"270810045",Hope Twp,"0045",Hope Twp,"045","30104",Lincoln,"41","081","7","21",21A,47865.7448874234,90072393.9697286,"27410045",,,,,34.7769513117122,
"271430120",Winthrop City,"0120",Winthrop,"120","71122",Sibley,"72","143","7","17",17B,15591.2228808424,3189969.00804586,"27720120",,,,,1.23164703400651,
"271170105",Ruthton,"0105",Ruthton,"085","56482",Pipestone,"59","117","7","21",21A,6061.77551683319,1516428.90596081,"27590105",,,,,0.58549320059147,
"271450399",Saint Martin,"0399",St. Martin,"248","57238",Stearns,"73","145","7","12",12A,7786.81626736863,2267911.66281066,"27730399",,,,,0.875640693011195,
"271070065",Hegne Twp,"0065",Hegne Twp,"060","28178",Norman,"54","107","7","1",1B,38347.3173160232,91937457.8167934,"27540065",,,,,35.4970524630639,
"270070075",Eckles Twp,"0075",Eckles Twp,"055","17954",Beltrami,"4","007","8","2",2A,55685.5666930039,81368002.7861289,"27040075",,,,,31.4161858757244,
"270350250",Platte Lake Twp,"0250",Platte Lake Twp,"185","51496",Crow Wing,"18","035","8","10",10A,38661.2261316436,93423946.4816635,"27180250",,,,,36.0709857365703,
"270130220",Pleasant Mound Twp,"0220",Pleasant Mound Twp,"135","51604",Blue Earth,"7","013","1","22",22A,38610.6410903608,93033210.9474476,"27070220",,,,,35.9201227468095,
"271130070",Polk Centre Twp,"0070",Polk Centre Twp,"070","51802",Pennington,"57","113","7","1",1A,32270.4246722261,62435168.2142696,"27570070",,,,,24.1062184475295,
"271290105",Henryville Twp,"0105",Henryville Twp,"105","28610",Renville,"65","129","7","16",16A,38760.6675182651,93837648.3331208,"27650105",,,,,36.2307160214179,
"271370985",Unorg Prct 12,"0985",Gheen Unorg,"203","23632",St. Louis,"69","137","8","3",3A,28906.3125079828,46350957.2091596,"27690985",,,,,17.8961045784565,
"271510095",Kerkhoven Twp,"0095",Kerkhoven Twp,"080","32894",Swift,"76","151","7","12",12A,38551.6746821413,92964786.0869877,"27760095",,,,,35.893703908186,
"271370515",Field Twp,"0515",Field Twp,"170","20996",St. Louis,"69","137","8","3",3A,50266.6725291002,140372078.938344,"27690515",,,,,54.1976596780947,
"270810040",Hendricks Twp,"0040",Hendricks Twp,"035","28448",Lincoln,"41","081","7","21",21A,48017.2723678335,93997810.108663,"27410040",,,,,36.2925544829548,
"271130040",Highlanding Twp,"0040",Highlanding Twp,"040","29024",Pennington,"57","113","7","1",1A,38708.5937117049,93542452.2398379,"27570040",,,,,36.1167408098014,
"271150110",Hinckley Twp,"0110",Hinckley Twp,"100","29312",Pine,"58","115","8","11",11B,46806.5045655534,92208874.0652739,"27580110",,,,,35.6018462766023,
"271070080",Home Lake Twp,"0080",Home Lake Twp,"075","29996",Norman,"54","107","7","1",1B,38651.8805509375,93348027.0390683,"27540080",,,,,36.0416732397843,
"270670085",Lake Andrew Twp,"0085",Lake Andrew Twp,"085","34064",Kandiyohi,"34","067","7","16",16B,38607.9297770579,93164753.4121742,"27340085",,,,,35.9709112924404,
"270270130",Humboldt Twp,"0130",Humboldt Twp,"120","30428",Clay,"14","027","7","4",4B,43972.4128755482,85612386.0838106,"27140130",,,,,33.0549422669593,
"270210135",Kego Twp,"0135",Kego Twp,"135","32588",Cass,"11","021","8","2",2B,52281.3794209593,92949394.7889988,"27110135",,,,,35.8877613280324,
"270070105",Hines Twp,"0105",Hines Twp,"085","29348",Beltrami,"4","007","8","2",2B,53536.8726898761,89037468.5462272,"27040105",,,,,34.3773666056983,
"270890125",Huntly Twp,"0125",Huntly Twp,"125","30572",Marshall,"45","089","7","1",1A,38901.5576985186,94921199.0701147,"27450125",,,,,36.6490749609713,
"271090010",Cascade Twp P-1,"0010",Cascade Twp,"010","10180",Olmsted,"55","109","1","25",25A,28324.4903638663,17389973.4375854,"27550010",,,,,6.71426874425174,
"270430040",Clark Twp,"0040",Clark Twp,"025","11638",Faribault,"22","043","1","23",23A,56521.9873146192,87324654.2968167,"27220040",,,,,33.7160490240009,
"271190310",Knute Twp,"0310",Knute Twp,"220","33614",Polk,"60","119","7","1",1B,42910.6305492287,90522463.3499264,"27600310",,,,,34.9507230994066,
"270410090",Ida Twp P-1,"0090",Ida Twp,"070","30716",Douglas,"21","041","7","9",9B,50043.9623542469,88627490.2631856,"27210090",,,,,34.219073990616,
"271130035",Hickory Twp,"0035",Hickory Twp,"035","28808",Pennington,"57","113","7","1",1A,38183.7200615697,91016413.0361829,"27570035",,,,,35.1414370732702,
"270670065",Holland Twp,"0065",Holland Twp,"065","29600",Kandiyohi,"34","067","7","16",16B,45262.3178403057,91639152.5504884,"27340065",,,,,35.3818767997436,
"270410080",Holmes City Twp,"0080",Holmes City Twp,"060","29798",Douglas,"21","041","7","9",9B,38802.8309356558,94341662.3483536,"27210080",,,,,36.4253158326993,
"270070110",Hornet Twp,"0110",Hornet Twp,"090","30194",Beltrami,"4","007","8","2",2B,45117.9582329299,91648142.2684873,"27040110",,,,,35.385347729863,
"270870040",Island Lake Twp,"0040",Island Lake Twp,"040","31418",Mahnomen,"44","087","8","2",2B,38972.876739338,94952894.6760261,"27440040",,,,,36.6613126344137,
"270910120",Jay Twp,"0120",Jay Twp,"065","31778",Martin,"46","091","1","22",22A,39122.63625768,93550992.9736773,"27460120",,,,,36.1200383871368,
"270010082",Unorg 45-24 (Jewett Unorg),"0082",Jewett Unorg,"082","31966",Aitkin,"1","001","8","10",10A,38220.6091996017,91401473.9982931,"27010082",,,,,35.290109110741,
"270790047",Kasota Twp P-2,"0047",Kasota Twp,"040","32480",Le Sueur,"40","079","2","22",22B,50070.4373768404,77396949.991585,"27400047",152,Matt Little,1.32,"[{""name"": ""Abdi Abdulle"", ""votes"": 3, ""votes_pct"": 1.97, ""party"": ""DFL""}, {""name"": ""Matthew D. Klein"", ""votes"": 51, ""votes_pct"": 33.55, ""party"": ""DFL""}, {""name"": ""Hugh McTavish"", ""votes"": 5, ""votes_pct"": 3.29, ""party"": ""DFL""}, {""name"": ""Matt Little"", ""votes"": 53, ""votes_pct"": 34.87, ""party"": ""DFL""}, {""name"": ""Kaela Berg"", ""votes"": 35, ""votes_pct"": 23.03, ""party"": ""DFL""}, {""name"": ""Christopher Mosel"", ""votes"": 5, ""votes_pct"": 3.29, ""party"": ""DFL""}]",29.882962391751,5.08651043385039
"271150225",Sturgeon Lake Twp,"0225",Sturgeon Lake Twp,"205","63238",Pine,"58","115","8","11",11A,51408.0102622387,83168936.0477048,"27580225",,,,,32.1115262080188,
"271470155",Summit Twp,"0155",Summit Twp,"085","63364",Steele,"74","147","1","23",23A,40638.3254767392,93364639.1219566,"27740155",,,,,36.0480871649874,
"270730080",Lac qui Parle Twp,"0080",Lac qui Parle Twp,"070","33848",Lac qui Parle,"37","073","7","15",15A,42950.1141823435,81621135.4185659,"27370080",,,,,31.5139203851083,
"271690105",Rollingstone Twp,"0105",Rollingstone Twp,"090","55294",Winona,"85","169","1","26",26A,65005.3422219923,87624028.7447193,"27850105",,,,,33.8316374983361,
"271190390",Rosebud Twp,"0390",Rosebud Twp,"300","55564",Polk,"60","119","7","1",1B,44555.7722501742,90127971.1336412,"27600390",,,,,34.7984096546989,
"270670145",Roseland Twp,"0145",Roseland Twp,"145","55708",Kandiyohi,"34","067","7","16",16B,45334.7732787521,91414445.0706587,"27340145",,,,,35.2951172417813,
"270890195",Oak Park Twp,"0195",Oak Park Twp,"195","47878",Marshall,"45","089","7","1",1A,64718.1653291674,101741546.706199,"27450195",,,,,39.2824111832634,
"270210175",May Twp,"0175",May Twp,"170","41102",Cass,"11","021","8","5",5B,54178.2186688186,155912537.753356,"27110175",,,,,60.1978308265707,
"271630215",May Twp,"0215",May Twp,"115","41120",Washington,"82","163","8","33",33B,50651.9014952884,99146699.2175106,"27820215",,,,,38.2805405678808,
"270330030",Comfrey,"0030",Comfrey,"030","12772",Cottonwood,"17","033","7","21",21A,2416.79647062731,71024.7187133575,"27170030",,,,,0.0274226438952274,
"271310015",Dundas,"0015",Dundas,"020","17126",Rice,"66","131","2","58",58A,14008.6331236541,4917376.84168841,"27660015",270,Matt Little,25.56,"[{""name"": ""Abdi Abdulle"", ""votes"": 4, ""votes_pct"": 1.48, ""party"": ""DFL""}, {""name"": ""Matthew D. Klein"", ""votes"": 71, ""votes_pct"": 26.30, ""party"": ""DFL""}, {""name"": ""Hugh McTavish"", ""votes"": 13, ""votes_pct"": 4.81, ""party"": ""DFL""}, {""name"": ""Matt Little"", ""votes"": 140, ""votes_pct"": 51.85, ""party"": ""DFL""}, {""name"": ""Kaela Berg"", ""votes"": 41, ""votes_pct"": 15.19, ""party"": ""DFL""}, {""name"": ""Christopher Mosel"", ""votes"": 1, ""votes_pct"": 0.37, ""party"": ""DFL""}]",1.89859919857589,142.210109538929
"270130040",Eagle Lake,"0040",Eagle Lake,"040","17378",Blue Earth,"7","013","1","18",18B,13296.225709183,4555613.50674542,"27070040",,,,,1.75892237495441,
"271190200",Fisher City,"0200",Fisher,"118","21158",Polk,"60","119","7","1",1B,5864.94050791028,1113865.47703483,"27600200",,,,,0.430063460683148,
"271450105",Greenwald,"0105",Greenwald,"093","25874",Stearns,"73","145","7","12",12B,6566.1056184442,1832429.60475098,"27730105",,,,,0.707501070394354,
"271170025",Edgerton,"0025",Edgerton,"025","18152",Pipestone,"59","117","7","21",21A,8898.3697643085,3039087.77821001,"27590025",,,,,1.17339179116688,
"270390040",Hayfield,"0040",Hayfield,"039","27872",Dodge,"20","039","1","24",24A,8970.62256942749,3251041.01612242,"27200040",,,,,1.25522693632486,
"270270120",Hitterdal City,"0120",Hitterdal,"110","29402",Clay,"14","027","7","4",4B,7085.31054922346,2437136.95762081,"27140120",,,,,0.940978579337396,
"271290020",Bird Island,"0020",Bird Island,"019","06076",Renville,"65","129","7","16",16A,11937.4233732329,4110064.12884227,"27650020",,,,,1.586895760146,
"271470015",Blooming Prairie,"0015",Blooming Prairie,"014","06580",Steele,"74","147","1","23",23B,8304.74607042441,3498176.6034398,"27740015",,,,,1.35064598658811,
"270930010",Cedar Mills,"0010",Cedar Mills,"009","10468",Meeker,"47","093","7","16",16A,5560.26277631648,766392.115639294,"27470010",,,,,0.295903995848331,
"270190027",Chanhassen P-3,"0027",Chanhassen,"030","10918",Carver,"10","019","6","48",48B,22919.360524954,13551019.8915908,"27100027",,,,,5.2320487801432,
"270190042",Chaska W-1 P-2,"0042",Chaska,"035","10972",Carver,"10","019","6","48",48A,20784.8707842795,13310954.6092399,"27100042",,,,,5.13935957462751,
"271630010",Afton W-2 P-2,"0010",Afton,"010","00316",Washington,"82","163","4","41",41A,30180.0128802395,24490404.6400422,"27820010",,,,,9.45574523152029,
"270550055",Houston,"0055",Houston,"039","30230",Houston,"28","055","1","26",26B,10048.7852404919,3207553.89710245,"27280055",,,,,1.23843655967126,
"270910020",Dunnell,"0020",Dunnell,"020","17180",Martin,"46","091","1","22",22A,3555.6770810964,399253.776588723,"27460020",,,,,0.154151883140906,
"270430135",Seely Twp,"0135",Seely Twp,"090","59206",Faribault,"22","043","1","23",23A,42591.1425768766,93056466.2079244,"27220135",,,,,35.9291016028796,
"271690135",Utica Twp,"0135",Utica Twp,"120","66442",Winona,"85","169","1","26",26A,52675.4973265304,87219565.190448,"27850135",,,,,33.675474120032,
"271270180",Vail Twp,"0180",Vail Twp,"170","66478",Redwood,"64","127","7","15",15B,45298.0094524583,91142921.4120921,"27640180",,,,,35.1902819572088,
"271150200",Rock Creek,"0200",Rock Creek,"185","54934",Pine,"58","115","8","11",11B,48299.7756752857,112286834.55457,"27580200",,,,,43.3539468215195,
"271710115",Marysville Twp,"0115",Marysville Twp,"100","40940",Wright,"86","171","6","29",29A,64220.4052194577,84296867.8441391,"27860115",,,,,32.5470206746221,
"270130215",Pemberton,"0215",Pemberton,"130","50200",Blue Earth,"7","013","1","22",22A,3413.0985791281,487658.80430782,"27070215",,,,,0.188285064343249,
"270390055",Mantorville,"0055",Mantorville,"054","39986",Dodge,"20","039","1","24",24A,11367.7147213883,4091359.80387622,"27200055",,,,,1.57967402027661,
"270890260",Viking,"0260",Viking,"259","67090",Marshall,"45","089","7","1",1A,4887.40561367011,1333580.61586589,"27450260",,,,,0.514895475785821,
"271270205",Wanda,"0205",Wanda,"195","68008",Redwood,"64","127","7","15",15B,3550.78978564163,678061.768177686,"27640205",,,,,0.261799648693405,
"271550090",Wheaton P-2,"0090",Wheaton,"090","69844",Traverse,"78","155","7","9",9A,7846.1063964962,2473970.04891761,"27780090",,,,,0.955199835887091,
"270450190",Wykoff,"0190",Wykoff,"175","71950",Fillmore,"23","045","1","26",26B,6423.33772292116,2414225.86239738,"27230190",,,,,0.932132605471627,
"270630100",Middletown Twp,"0100",Middletown Twp,"080","41948",Jackson,"32","063","1","21",21B,38651.6567085702,93485645.5688947,"27320100",,,,,36.0948077541502,
"270830065",Island Lake Twp,"0065",Island Lake Twp,"065","31400",Lyon,"42","083","7","15",15A,38803.0887271341,93843738.6823357,"27420065",,,,,36.2330675052498,
"271370995",Unorg Prct 18,"0995",Hay Lake Unorg,"227","27899",St. Louis,"69","137","8","7",7B,36488.7123075918,78877608.0603527,"27690995",,,,,30.4546444721022,
"270010060",Hazelton Twp,"0060",Hazelton Twp,"060","28052",Aitkin,"1","001","8","10",10A,57693.716640709,183202968.947938,"27010060",,,,,70.734666310799,
"271290100",Hector Twp,"0100",Hector Twp,"095","28142",Renville,"65","129","7","16",16A,52115.5010320721,89355296.1615903,"27650100",,,,,34.50007984799,
"270850067",Helen Twp P-2,"0067",Helen Twp,"050","28304",McLeod,"43","085","7","17",17B,50307.434604511,87543123.4509299,"27430067",,,,,33.800399964404,
"271390040",Helena Twp,"0040",Helena Twp,"045","28322",Scott,"70","139","2","58",58A,49076.1879635682,88062379.0283664,"27700040",113,Matt Little,8.85,"[{""name"": ""Abdi Abdulle"", ""votes"": 7, ""votes_pct"": 6.19, ""party"": ""DFL""}, {""name"": ""Matthew D. Klein"", ""votes"": 38, ""votes_pct"": 33.63, ""party"": ""DFL""}, {""name"": ""Hugh McTavish"", ""votes"": 7, ""votes_pct"": 6.19, ""party"": ""DFL""}, {""name"": ""Matt Little"", ""votes"": 48, ""votes_pct"": 42.48, ""party"": ""DFL""}, {""name"": ""Kaela Berg"", ""votes"": 13, ""votes_pct"": 11.50, ""party"": ""DFL""}, {""name"": ""Christopher Mosel"", ""votes"": 0, ""votes_pct"": 0.00, ""party"": ""DFL""}]",34.0008845428522,3.32344294918513
"270610120",Feeley Twp,"0120",Feeley Twp,"095","20816",Itasca,"31","061","8","7",7A,56024.8967145661,84389204.0143607,"27310120",,,,,32.5826716699447,
"270610285",Nashwauk Twp,"0285",Nashwauk Twp,"186","44998",Itasca,"31","061","8","7",7A,60950.3962255435,143574564.459869,"27310285",,,,,55.4341393379556,
"270450110",Newburg Twp,"0110",Newburg Twp,"105","45466",Fillmore,"23","045","1","26",26B,43265.3254181922,91642596.6163315,"27230110",,,,,35.3832065535656,
"270130225",Rapidan Twp,"0225",Rapidan Twp,"140","53206",Blue Earth,"7","013","1","22",22A,38425.9554371507,92292307.7017211,"27070225",,,,,35.6340600036345,
"271350145",Reine Twp,"0145",Reine Twp,"145","53728",Roseau,"68","135","7","1",1A,38713.3131681021,93851965.0076548,"27680145",,,,,36.2362436894555,
"270270235",Riverton Twp,"0235",Riverton Twp,"170","54718",Clay,"14","027","7","4",4B,38591.8752849321,92797229.582316,"27140235",,,,,35.8290103417322,
"270250095",Sunrise Twp,"0095",Sunrise Twp,"090","63616",Chisago,"13","025","8","28",28B,60699.2799177415,118336310.491245,"27130095",,,,,45.6896494806699,
"271110405",Sverdrup Twp,"0405",Sverdrup Twp,"365","63688",Otter Tail,"56","111","7","9",9B,45176.320094757,91884257.1541052,"27560405",,,,,35.4765116872,
"270890235",Tamarac Twp,"0235",Tamarac Twp,"235","64138",Marshall,"45","089","7","1",1A,43308.6099353931,91479004.1899965,"27450235",,,,,35.3200435177576,
"270210205",Pine River,"0205",Pine River,"199","51280",Cass,"11","021","8","5",5A,14727.2127168402,3171941.10945411,"27110205",,,,,1.22468646236023,
"271550055",Redpath Twp,"0055",Redpath Twp,"060","53548",Traverse,"78","155","7","9",9A,40199.558839025,100892189.945038,"27780055",,,,,38.9544745377792,
"270850120",Rich Valley Twp,"0120",Rich Valley Twp,"085","54322",McLeod,"43","085","7","17",17A,38731.9382429366,93791179.1175219,"27430120",,,,,36.2127742572752,
"270970175",Pike Creek Twp,"0175",Pike Creek Twp,"165","50866",Morrison,"49","097","7","10",10A,46154.532054667,87674726.8478571,"27490175",,,,,33.8512120359576,
"271510120",Pillsbury Twp,"0120",Pillsbury Twp,"110","50920",Swift,"76","151","7","12",12A,47407.7711811654,89862844.1938743,"27760120",,,,,34.6960441432549,
"271150175",Pine City,"0175",Pine City,"164","51064",Pine,"58","115","8","11",11B,30266.7130677436,12416460.4252293,"27580175",,,,,4.79399537018102,
"270230135",Woods Twp,"0135",Woods Twp,"110","71626",Chippewa,"12","023","7","16",16A,38743.9827152808,93689612.3560174,"27120135",,,,,36.1735593306583,
"271250100",Wylie Twp,"0100",Wylie Twp,"085","71986",Red Lake,"63","125","7","1",1B,25892.7870455383,31369183.5372418,"27630100",,,,,12.1116417637291,
"270210320",Woodrow Twp,"0320",Woodrow Twp,"315","71608",Cass,"11","021","8","6",6A,38934.8535681881,95206144.4463535,"27110320",,,,,36.7590923707371,
"270890300",Wright Twp,"0300",Wright Twp,"295","71842",Marshall,"45","089","7","1",1A,38687.6881775648,93588406.0273929,"27450300",,,,,36.1344835671764,
"270790055",Kilkenny Twp,"0055",Kilkenny Twp,"050","33128",Le Sueur,"40","079","2","22",22B,43809.2232836406,93326760.6031309,"27400055",21,Matt Little,19.05,"[{""name"": ""Abdi Abdulle"", ""votes"": 0, ""votes_pct"": 0.00, ""party"": ""DFL""}, {""name"": ""Matthew D. Klein"", ""votes"": 6, ""votes_pct"": 28.57, ""party"": ""DFL""}, {""name"": ""Hugh McTavish"", ""votes"": 1, ""votes_pct"": 4.76, ""party"": ""DFL""}, {""name"": ""Matt Little"", ""votes"": 10, ""votes_pct"": 47.62, ""party"": ""DFL""}, {""name"": ""Kaela Berg"", ""votes"": 3, ""votes_pct"": 14.29, ""party"": ""DFL""}, {""name"": ""Christopher Mosel"", ""votes"": 1, ""votes_pct"": 4.76, ""party"": ""DFL""}]",36.0334622688688,0.582791624166046
"270930100",Kingston Twp,"0100",Kingston Twp,"095","33362",Meeker,"47","093","7","29",29A,55033.8488915396,138376504.454045,"27470100",,,,,53.4271683697068,
"270450080",Harmony,"0080",Harmony,"074","27188",Fillmore,"23","045","1","26",26B,12193.5210939801,3254028.13184924,"27230080",,,,,1.25638026170699,
"270610030",Cohasset,"0030",Cohasset,"025","12412",Itasca,"31","061","8","6",6A,39832.5921143143,93150631.5731128,"27310030",,,,,35.9654588503789,
"270490035",Cherry Grove Twp,"0035",Cherry Grove Twp,"040","11188",Goodhue,"25","049","1","19",19A,39870.1495279843,99096248.5676721,"27250035",,,,,38.2610615719782,
"271210025",Chippewa Falls Twp,"0025",Chippewa Falls Twp,"025","11332",Pope,"61","121","7","12",12A,38274.4596209739,91475446.3056695,"27610025",,,,,35.318669818619,
"270230015",Crate Twp,"0015",Crate Twp,"015","13672",Chippewa,"12","023","7","16",16A,38625.2492160824,93191914.6745345,"27120015",,,,,35.9813982558378,
"271670075",Deerhorn Twp,"0075",Deerhorn Twp,"060","15274",Wilkin,"84","167","7","9",9A,38643.0100546913,93268005.0029707,"27840075",,,,,36.010776731647,
"271350025",Cedarbend Twp,"0025",Cedarbend Twp,"030","10414",Roseau,"68","135","7","1",1A,38564.0661737082,93193284.7970665,"27680025",,,,,35.9819272601474,
"270550105",Spring Grove,"0105",Spring Grove,"084","61852",Houston,"28","055","1","26",26B,11085.543389948,2565407.55595274,"27280105",,,,,0.990503857353351,
"270450165",Spring Valley,"0165",Spring Valley,"154","62104",Fillmore,"23","045","1","26",26B,23371.0676012421,7663779.90283657,"27230165",,,,,2.9589854204852,
"270610330",Squaw Lake,"0330",Squaw Lake,"220","62284",Itasca,"31","061","8","2",2B,7414.69779658201,2175325.00947265,"27310330",,,,,0.839892986157391,
"271210125",Starbuck,"0125",Starbuck,"120","62500",Pope,"61","121","7","12",12A,12192.0373352298,3790951.34463059,"27610125",,,,,1.46368631416187,
"270890225",Stephen,"0225",Stephen,"225","62698",Marshall,"45","089","7","1",1A,11308.0077594216,2104019.7958355,"27450225",,,,,0.812362043172086,
"271090526",Stewartville P-2,"0526",Stewartville,"115","62806",Olmsted,"55","109","1","24",24A,22834.3069998883,6116554.73770607,"27550526",,,,,2.36160178422831,
"271350122",Juneberry/Blooming Valley Unorg,"0122",Northwest Roseau Unorg,"087","47357",Roseau,"68","135","7","1",1A,82291.8969436379,326702225.673371,"27680122",,,,,126.139729332488,
"271470060",Meriden Twp,"0060",Meriden Twp,"060","41750",Steele,"74","147","1","19",19B,38665.5062708492,93360491.6068354,"27740060",,,,,36.0464858093992,
"271630140",Hastings W-2 P-1,"0140",Hastings,"068","27530",Washington,"82","163","2","41",41B,6175.40113476088,1099549.34357895,"27820140",1,Matt Little,100,"[{""name"": ""Abdi Abdulle"", ""votes"": 0, ""votes_pct"": 0.00, ""party"": ""DFL""}, {""name"": ""Matthew D. Klein"", ""votes"": 0, ""votes_pct"": 0.00, ""party"": ""DFL""}, {""name"": ""Hugh McTavish"", ""votes"": 0, ""votes_pct"": 0.00, ""party"": ""DFL""}, {""name"": ""Matt Little"", ""votes"": 1, ""votes_pct"": 100.00, ""party"": ""DFL""}, {""name"": ""Kaela Berg"", ""votes"": 0, ""votes_pct"": 0.00, ""party"": ""DFL""}, {""name"": ""Christopher Mosel"", ""votes"": 0, ""votes_pct"": 0.00, ""party"": ""DFL""}]",0.424536001555834,2.35551283362356
"271370735",Hoyt Lakes,"0735",Hoyt Lakes,"240","30302",St. Louis,"69","137","8","3",3A,50478.1023092784,149618014.858218,"27690735",,,,,57.7675155367579,
"271110105",Dent,"0105",Dent,"100","15724",Otter Tail,"56","111","7","9",9B,5986.8880952085,948318.65893546,"27560105",,,,,0.366145834214981,
"270031515",East Bethel P-3,"1515",East Bethel,"051","17486",Anoka,"2","003","6","31",31B,43065.4320326845,43612251.9283498,"27021515",,,,,16.8386904695359,
"270970060",Elmdale,"0060",Elmdale,"059","18872",Morrison,"49","097","7","10",10B,14341.6123628962,8898146.76687443,"27490060",,,,,3.43557446669022,
"271630120",Forest Lake P-4,"0120",Forest Lake,"049","21770",Washington,"82","163","8","33",33A,29705.9164253831,37456274.6125972,"27820120",,,,,14.4618676279238,
"270490040",Dennison,"0040",Dennison,"045","15706",Goodhue,"25","049","1","58",58B,7183.20249349231,3189872.72360779,"27250040",,,,,1.23160985858497,
"271050035",Dundee,"0035",Dundee,"035","17144",Nobles,"53","105","1","21",21B,3509.74456514099,768445.548171706,"27530035",,,,,0.296696826149096,
"270930135",Manannah Twp,"0135",Manannah Twp,"110","39698",Meeker,"47","093","7","16",16A,42641.9708389587,99576188.4620471,"27470135",,,,,38.4463663651964,
"270350075",Crosslake City,"0075",Crosslake,"030","13978",Crow Wing,"18","035","8","6",6A,41974.3159741511,92864138.3533455,"27180075",,,,,35.8548438182267,
"270490075",Kenyon,"0075",Kenyon,"079","32840",Goodhue,"25","049","1","19",19A,10318.0350434718,6002570.91994654,"27250075",,,,,2.31759263219136,
"271370762",Kinney,"0762",Kinney,"221","33416",St. Louis,"69","137","8","7",7B,14153.6760434652,10678944.2338303,"27690762",,,,,4.12314036868188,
"271630190",Lakeland Shores,"0190",Lakeland Shores,"082","34658",Washington,"82","163","4","41",41A,5605.30503985155,1797324.15808215,"27820190",,,,,0.693946857435517,
"271370785",Leonidas,"0785",Leonidas,"277","36530",St. Louis,"69","137","8","7",7B,9678.86603437029,3569971.58413792,"27690785",,,,,1.37836602863565,
"271350005",Badger,"0005",Badger,"005","03160",Roseau,"68","135","7","1",1A,9807.01729113339,3467195.96273013,"27680005",,,,,1.3386843612101,
"270270020",Barnesville City W-3,"0020",Barnesville,"010","03574",Clay,"14","027","7","4",4B,8232.52272589256,2408917.09343634,"27140020",,,,,0.930082889775772,
"271270005",Belview,"0005",Belview,"005","05050",Redwood,"64","127","7","15",15B,6457.47628614536,2369729.66877004,"27640005",,,,,0.914952625112113,
"271050010",Bigelow,"0010",Bigelow,"009","05644",Nobles,"53","105","1","21",21B,5305.71607474638,1048052.9742086,"27530010",,,,,0.404653253341941,
"270610060",Bovey,"0060",Bovey,"050","07048",Itasca,"31","061","8","7",7A,12863.5814374712,5993353.76090654,"27310060",,,,,2.31403388708602,
"270630010",Alpha,"0010",Alpha,"010","01162",Jackson,"32","063","1","21",21B,5126.53556052569,559748.965840641,"27320010",,,,,0.216119075711071,
"270830010",Balaton,"0010",Balaton,"010","03250",Lyon,"42","083","7","15",15A,9141.69275900074,4099193.90004055,"27420010",,,,,1.58269876480566,
"270070055",Blackduck,"0055",Blackduck,"035","06256",Beltrami,"4","007","8","2",2B,22411.1970235892,6076734.95679818,"27040055",,,,,2.34622736681978,
"270450105",Mabel,"0105",Mabel,"100","38888",Fillmore,"23","045","1","26",26B,4715.55017413745,1244792.84008231,"27230105",,,,,0.480614515555779,
"270170095",Kettle River,"0095",Kettle River,"060","32966",Carlton,"9","017","8","11",11A,4466.1355408296,999423.336654505,"27090095",,,,,0.385877350282305,
"270610096",Deer River P-2,"0096",Deer River,"079","15310",Itasca,"31","061","8","7",7A,14829.5503008078,3076225.37185219,"27310096",,,,,1.18773061607213,
"271450075",Eden Valley,"0075",Eden Valley,"065","18134",Stearns,"73","145","7","13",13A,6235.96208541354,1618078.47244443,"27730075",,,,,0.624740098210794,
"271690020",Elba,"0020",Elba,"019","18386",Winona,"85","169","1","20",20B,11126.0062381867,5331762.8365385,"27850020",,,,,2.05859363118751,
"271050045",Ellsworth,"0045",Ellsworth,"045","18836",Nobles,"53","105","1","21",21A,6060.51097390584,1615037.27480894,"27530045",,,,,0.62356589180373,
"270430065",Elmore,"0065",Elmore,"039","18998",Faribault,"22","043","1","23",23A,7151.60001903151,2169821.83240586,"27220065",,,,,0.837768209491904,
"270830050",Garvin,"0050",Garvin,"050","23228",Lyon,"42","083","7","15",15A,3667.89070636779,752018.27852803,"27420050",,,,,0.290354257339672,
"271070040",Gary,"0040",Gary,"035","23246",Norman,"54","107","7","1",1B,7607.58060668293,1519671.37534924,"27540040",,,,,0.586745118022341,
"270270075",Georgetown City,"0075",Georgetown,"064","23498",Clay,"14","027","7","4",4B,6455.46337561497,2625612.8122131,"27140075",,,,,1.01374910679548,
"270270085",Glyndon City,"0085",Glyndon,"074","24182",Clay,"14","027","7","4",4B,10459.6182994321,4060005.92698525,"27140085",,,,,1.56756828840901,
"270310015",Grand Marais West P-6,"0015",Grand Marais,"005","24992",Cook,"16","031","8","3",3A,11182.1060538246,5001922.48339391,"27160015",,,,,1.93124227083839,
"270730120",Marietta,"0120",Marietta,"100","40526",Lac qui Parle,"37","073","7","15",15A,5012.62894512552,975219.183681078,"27370120",,,,,0.376532126819264,
"271730025",Echo,"0025",Echo,"014","17900",Yellow Medicine,"87","173","7","15",15A,5690.15072662962,928982.760754715,"27870025",,,,,0.358680243927396,
"270110035",Clinton,"0035",Clinton,"035","11980",Big Stone,"6","011","7","12",12A,7941.08870643571,2670049.19709825,"27060035",,,,,1.03090599499964,
"271290060",Danube,"0060",Danube,"060","14716",Renville,"65","129","7","16",16A,7493.93859836615,1623921.49346065,"27650060",,,,,0.626996088625158,
"270990005",Adams City,"0005",Adams,"004","00190",Mower,"50","099","1","23",23B,6454.09418714396,2607395.54038479,"27500005",,,,,1.00671541814257,
"270470045",Albert Lea W-5 P-1,"0045",Albert Lea,"005","00694",Freeborn,"24","047","1","23",23A,26757.4639698178,8802770.41845476,"27240045",,,,,3.39874965856538,
"271490005",Alberta,"0005",Alberta,"005","00676",Stevens,"75","149","7","12",12A,3753.7106464095,686556.288749342,"27750005",,,,,0.265079383086121,
"271590005",Aldrich City,"0005",Aldrich,"004","00892",Wadena,"80","159","7","5",5B,4938.77703376184,1282342.88666468,"27800005",,,,,0.495112588541233,
"271690005",Altura,"0005",Altura,"005","01234",Winona,"85","169","1","20",20B,12792.4224643397,7700865.14564467,"27850005",,,,,2.97330403273341,
"271710015",Annandale,"0015",Annandale,"015","01684",Wright,"86","171","6","29",29A,26976.2123476096,8375539.1316883,"27860015",,,,,3.23379565874485,
"271150015",Askov,"0015",Askov,"015","02548",Pine,"58","115","8","11",11B,7261.10091801832,3254507.39309275,"27580015",,,,,1.25656530447311,
"270590025",Cambridge Twp,"0025",Cambridge Twp,"020","09388",Isanti,"30","059","8","28",28A,65734.4847781052,80338630.9353024,"27300025",,,,,31.0187454041202,
"271710140",Otsego City P-1A,"0140",Otsego,"125","49138",Wright,"86","171","6","30",30A,41754.6795510854,43262011.2486543,"27860140",,,,,16.7034625431054,
"271690230",Winona W-4 P-4,"0230",Winona,"145","71032",Winona,"85","169","1","26",26A,19965.4838993738,7367442.12451934,"27850230",,,,,2.84456940427692,
"270470077",Bancroft Twp P-2,"0077",Bancroft Twp,"025","03466",Freeborn,"24","047","1","23",23A,36075.7308073904,47591307.7089592,"27240077",,,,,18.3750039064292,
"270210015",Barclay Twp,"0015",Barclay Twp,"015","03538",Cass,"11","021","8","5",5A,44515.9372481622,38685959.4364738,"27110015",,,,,14.9366489384225,
"270650025",Comfort Twp,"0025",Comfort Twp,"020","12754",Kanabec,"33","065","8","11",11B,38599.6389154222,93235981.5137151,"27330025",,,,,35.9984124624454,
"270850025",Collins Twp,"0025",Collins Twp,"025","12610",McLeod,"43","085","7","17",17A,40109.8122787112,92115487.3175768,"27430025",,,,,35.5657896533164,
"270930030",Cosmos Twp,"0030",Cosmos Twp,"025","13438",Meeker,"47","093","7","16",16A,47265.2666337992,91121371.2960461,"27470030",,,,,35.1819614574034,
"271110085",Dane Prairie Twp,"0085",Dane Prairie Twp,"080","14644",Otter Tail,"56","111","7","9",9A,38536.0661095852,92831985.0361678,"27560085",,,,,35.8424294224644,
"270650010",Arthur Twp,"0010",Arthur Twp,"010","02296",Kanabec,"33","065","8","11",11B,64348.5219673572,78275972.0610719,"27330010",,,,,30.2223528127798,
"271150020",Barry Twp,"0020",Barry Twp,"020","03736",Pine,"58","115","8","11",11B,59118.9203328109,90011834.5206904,"27580020",,,,,34.7535693084386,
"271190045",Bygland Twp,"0045",Bygland Twp,"045","09118",Polk,"60","119","7","1",1B,44841.454150579,73172721.2509954,"27600045",,,,,28.2519876750093,
"271090080",Oronoco,"0080",Oronoco,"079","48598",Olmsted,"55","109","1","25",25A,20088.3498494245,7914392.59108186,"27550080",,,,,3.05574697941671,
"270230040",Kragero Twp,"0040",Kragero Twp,"040","33668",Chippewa,"12","023","7","16",16A,62541.6435871779,116644721.12793,"27120040",,,,,45.0365268274938,
"271370765",Kugler Twp,"0765",Kugler Twp,"260","33794",St. Louis,"69","137","8","3",3A,42632.3243916826,91556781.9625603,"27690765",,,,,35.3500735157445,
"271270135",Sanborn,"0135",Sanborn,"125","58306",Redwood,"64","127","7","15",15B,11240.2602496346,5489332.46040622,"27640135",,,,,2.11943126296284,
"271570170",Zumbro Falls,"0170",Zumbro Falls,"144","72310",Wabasha,"79","157","1","20",20B,6671.87345809796,1577820.6651047,"27790170",,,,,0.609196558796927,
"270270005",Alliance Twp,"0005",Alliance Twp,"005","01054",Clay,"14","027","7","4",4B,38771.6283436652,94140591.3268142,"27140005",,,,,36.347682311283,
"270350180",Jenkins Twp,"0180",Jenkins Twp,"120","31850",Crow Wing,"18","035","8","6",6B,31737.6815833018,35540897.1911289,"27180180",,,,,13.7223404054949,
"271270165",Swedes Forest Twp,"0165",Swedes Forest Twp,"155","63868",Redwood,"64","127","7","15",15B,34685.2745943381,50645112.4047355,"27640165",,,,,19.5540778994684,
"271270055",Kintire Twp,"0055",Kintire Twp,"055","33434",Redwood,"64","127","7","15",15B,45180.9184617095,91260671.2273974,"27640055",,,,,35.2357451608981,
"270870045",La Garde Twp,"0045",La Garde Twp,"045","33956",Mahnomen,"44","087","8","2",2B,38473.2509350107,92756565.1616172,"27440045",,,,,35.8133098089004,
"270050115",Height of Land Twp,"0115",Height of Land Twp,"090","28250",Becker,"3","005","7","5",5A,57729.6944649911,184466282.985682,"27030115",,,,,71.2224318607718,
"271090045",Farmington Twp,"0045",Farmington Twp,"045","20636",Olmsted,"55","109","1","20",20B,38310.6127869102,91819671.5388245,"27550045",,,,,35.4515751811402,
"271210055",Glenwood Twp,"0055",Glenwood Twp,"050","24092",Pope,"61","121","7","12",12A,94212.1000647901,107325013.81759,"27610055",,,,,41.4381878349717,
"270890170",Nelson Park Twp,"0170",Nelson Park Twp,"170","45142",Marshall,"45","089","7","1",1A,38749.2160144645,93759409.0117017,"27450170",,,,,36.200507819418,
"271090095",Quincy Twp,"0095",Quincy Twp,"090","52792",Olmsted,"55","109","1","20",20B,38473.4654312506,92550511.85079,"27550095",,,,,35.73375262559,
"270390070",Ripley Twp,"0070",Ripley Twp,"070","54502",Dodge,"20","039","1","24",24A,38691.2636462232,93653132.1418482,"27200070",,,,,36.1594743199676,
"271170100",Rock Twp,"0100",Rock Twp,"080","54916",Pipestone,"59","117","7","21",21A,39483.328168297,92982034.7475082,"27590100",,,,,35.9003636160129,
"270630130",Sioux Valley Twp,"0130",Sioux Valley Twp,"110","60574",Jackson,"32","063","1","21",21B,38688.2536000306,93687268.4243845,"27320130",,,,,36.1726543386549,
"270450180",Sumner Twp,"0180",Sumner Twp,"165","63418",Fillmore,"23","045","1","26",26B,41819.0247422358,97062687.6514528,"27230180",,,,,37.4759037022259,
"271250095",Terrebonne Twp,"0095",Terrebonne Twp,"080","64498",Red Lake,"63","125","7","1",1B,38508.1264612136,93053707.7939829,"27630095",,,,,35.9280365792568,
"270550115",Union Twp,"0115",Union Twp,"095","66208",Houston,"28","055","1","26",26B,38331.354649081,67779123.905642,"27280115",,,,,26.1695197399684,
"270730155",Ten Mile Lake Twp,"0155",Ten Mile Lake Twp,"135","64408",Lac qui Parle,"37","073","7","15",15A,45029.4329556856,91729620.809577,"27370155",,,,,35.4168065945777,
"271550075",Tintah Twp,"0075",Tintah Twp,"075","64966",Traverse,"78","155","7","9",9A,44981.7280129268,90675476.4759467,"27780075",,,,,35.009801467363,
"270510075",Macsville Twp,"0075",Macsville Twp,"075","39194",Grant,"26","051","7","9",9A,38705.8766374115,93640387.7210545,"27260075",,,,,36.1545536990991,
"270470175",Mansfield Twp,"0175",Mansfield Twp,"125","39950",Freeborn,"24","047","1","23",23A,38661.6588384523,93392543.7747497,"27240175",,,,,36.0588611514309,
"271730095",Norman Twp,"0095",Norman Twp,"070","46636",Yellow Medicine,"87","173","7","15",15A,46158.8194794205,90557875.6254775,"27870095",,,,,34.9643957789969,
"271670095",McCauleyville Twp,"0095",McCauleyville Twp,"075","38924",Wilkin,"84","167","7","9",9A,42093.3313237502,25510189.6110722,"27840095",,,,,9.84948420883497,
"271350100",Malung Twp,"0100",Malung Twp,"100","39644",Roseau,"68","135","7","1",1A,38648.881829654,93144556.35445,"27680100",,,,,35.9631132084532,
"270670155",Saint Johns Twp,"0155",St. Johns Twp,"155","57076",Kandiyohi,"34","067","7","16",16B,53125.6644032685,87513094.9224491,"27340155",,,,,33.7888059495576,
"270690040",Granville Twp,"0040",Granville Twp,"040","25370",Kittson,"35","069","7","1",1A,41833.0633457486,89503368.5308815,"27350040",,,,,34.5572505897734,
"270950050",Isle,"0050",Isle,"048","31472",Mille Lacs,"48","095","8","10",10A,22551.58315474,8212827.61101804,"27480050",,,,,3.17097274061407,
"271370032",Aurora,"0032",Aurora,"035","02872",St. Louis,"69","137","8","7",7B,12707.6103902873,10050564.015684,"27690032",,,,,3.88052276645561,
"270430045",Delavan,"0045",Delavan,"028","15472",Faribault,"22","043","1","22",22A,6432.9477115436,2586361.18125787,"27220045",,,,,0.998594052083665,
"271690058",La Crescent,"0058",La Crescent,"053","33866",Winona,"85","169","1","26",26A,3901.97721735795,551324.695103219,"27850058",,,,,0.212866464779353,
"270050130",Lake Park,"0130",Lake Park,"104","34784",Becker,"3","005","7","4",4B,10419.895685061,2505940.65490246,"27030130",,,,,0.967543686857839,
"271430082",Le Sueur,"0082",Le Sueur,"082","36746",Sibley,"72","143","7","17",17B,7565.19929846801,1377566.43182556,"27720082",,,,,0.53187839932785,
"270710090",Littlefork,"0090",Littlefork,"020","37592",Koochiching,"36","071","8","3",3A,11768.3336647215,3037974.7010342,"27360090",,,,,1.1729620320693,
"270830080",Lynd,"0080",Lynd,"079","38708",Lyon,"42","083","7","15",15A,16512.7369861707,2950455.46941582,"27420080",,,,,1.13917085674145,
"271010090",Lake Wilson,"0090",Lake Wilson,"090","35198",Murray,"51","101","7","21",21A,8235.99931083183,1944821.6241745,"27510090",,,,,0.750895629093775,
"270750110",Unorg Terr No 1,"0110",Lake County Territory 1 Unorg,"017","34770",Lake,"38","075","8","3",3A,128728.728695497,496949321.120435,"27380110",,,,,191.8721328846,
"270130080",Lincoln Twp,"0080",Lincoln Twp,"080","37124",Blue Earth,"7","013","1","22",22A,38564.174558323,92903504.5041972,"27070080",,,,,35.8700430890705,
"270970185",Pulaski Twp,"0185",Pulaski Twp,"175","52720",Morrison,"49","097","7","10",10A,49104.1801315778,84291686.3440961,"27490185",,,,,32.5450200974555,
"270290110",Rice Twp,"0110",Rice Twp,"110","54016",Clearwater,"15","029","8","2",2B,38629.5641463156,93545761.6829958,"27150110",,,,,36.1180185858047,
"270850055",Hale Twp,"0055",Hale Twp,"040","26540",McLeod,"43","085","7","17",17A,46167.409654743,91576389.1955287,"27430055",,,,,35.3576438683936,
"271070060",Halstad Twp,"0060",Halstad Twp,"050","26648",Norman,"54","107","7","1",1B,60658.5922238056,98257099.4966933,"27540060",,,,,37.9370661156733,
"270550060",Houston Twp,"0060",Houston Twp,"040","30248",Houston,"28","055","1","26",26B,61298.7205572516,86118592.3243053,"27280060",,,,,33.2503884964143,
"270770075",5-D Roosevelt,"0075",Roosevelt,"025","55438",Lake of the Woods,"39","077","8","2",2A,1219.8765030802,69952.6285212321,"27390075",,,,,0.0270087098720477,
"270730075",Hantho Twp,"0075",Hantho Twp,"065","27044",Lac qui Parle,"37","073","7","15",15A,41873.9424173604,86231199.1013145,"27370075",,,,,33.2938659730175,
"271530090",Hartford Twp,"0090",Hartford Twp,"090","27368",Todd,"77","153","7","5",5B,52231.1429236795,90429140.3467034,"27770090",,,,,34.9146910878622,
"271050055",Grand Prairie Twp,"0055",Grand Prairie Twp,"055","25100",Nobles,"53","105","1","21",21A,44803.2049223127,92011537.6196482,"27530055",,,,,35.5256546749462,
"270450185",Whalan,"0185",Whalan,"170","69808",Fillmore,"23","045","1","26",26B,7453.72836816252,1157593.64160537,"27230185",,,,,0.446946905023835,
"270410085",Hudson Twp,"0085",Hudson Twp,"065","30374",Douglas,"21","041","7","12",12B,45905.0235896003,90859114.6672152,"27210085",,,,,35.0807041730118,
"270630150",Wisconsin Twp,"0150",Wisconsin Twp,"130","71212",Jackson,"32","063","1","21",21B,48794.5914404534,91623387.3007064,"27320150",,,,,35.3757898368027,
"270050240",Wolf Lake Twp,"0240",Wolf Lake Twp,"216","71356",Becker,"3","005","7","5",5A,41650.3252318466,92587019.909545,"27030240",,,,,35.7478483870753,
"270590080",Wyanett Twp,"0080",Wyanett Twp,"080","71896",Isanti,"30","059","8","28",28A,38337.9711308823,92157267.8656235,"27300080",,,,,35.5819211229172,
"270550125",Winnebago Twp,"0125",Winnebago Twp,"105","70960",Houston,"28","055","1","26",26B,45137.1751966236,91163945.055666,"27280125",,,,,35.1983991859927,
"271550095",Windsor Twp,"0095",Windsor Twp,"095","70834",Traverse,"78","155","7","9",9A,37363.8118120991,56288411.0090745,"27780095",,,,,21.7329554906037,
"270190150",Young America Twp,"0150",Young America Twp,"126","72130",Carver,"10","019","6","17",17B,65046.8691604672,86051272.783751,"27100150",,,,,33.2243964218063,
"270350290",Wolford Twp,"0290",Wolford Twp,"230","71374",Crow Wing,"18","035","8","6",6A,43033.3970715339,43813520.0455005,"27180290",,,,,16.9164000895677,
"270330135",Windom W-1 P-2,"0135",Windom,"125","70798",Cottonwood,"17","033","7","21",21B,12942.05999619,3431619.37908834,"27170135",,,,,1.32494824226601,
"271450010",Albany Twp,"0010",Albany Twp,"005","00640",Stearns,"73","145","7","13",13A,63412.0904797318,94762950.4219243,"27730010",,,,,36.587975157905,
"271150090",Finlayson Twp,"0090",Finlayson Twp,"080","21140",Pine,"58","115","8","11",11B,44183.8008008614,89134418.6165852,"27580090",,,,,34.4147990278635,
"271190205",Fisher Twp,"0205",Fisher Twp,"120","21176",Polk,"60","119","7","1",1B,44549.4941997877,92527333.796606,"27600205",,,,,35.7248035788696,
"271370530",Floodwood Twp P-2,"0530",Floodwood Twp,"180","21356",St. Louis,"69","137","8","7",7A,57407.5660620624,87773443.8506954,"27690530",,,,,33.8893266707535,
"271290080",Flora Twp,"0080",Flora Twp,"080","21374",Renville,"65","129","7","16",16A,44452.4824349784,98032881.7017171,"27650080",,,,,37.850495625033,
"270490050",Florence Twp,"0050",Florence Twp,"055","21392",Goodhue,"25","049","1","20",20A,56116.3136070828,104725135.500605,"27250050",,,,,40.4343748167836,
"271550030",Folsom Twp,"0030",Folsom Twp,"035","21554",Traverse,"78","155","7","9",9A,34948.8882101453,56444181.4698469,"27780030",,,,,21.7930984655079,
"271190280",Hubbard Twp,"0280",Hubbard Twp,"190","30356",Polk,"60","119","7","1",1B,59287.5355550281,107735001.327248,"27600280",,,,,41.5964840124506,
"270570120",Park Rapids P-1,"0120",Park Rapids,"120","49768",Hubbard,"29","057","7","5",5A,18379.1041667204,9414847.4199436,"27290120",,,,,3.63507258884023,
"271110360",Perham,"0360",Perham,"319","50470",Otter Tail,"56","111","7","9",9B,32781.8769703875,8959004.94659593,"27560360",,,,,3.45907180988069,
"271690100",Rollingstone,"0100",Rollingstone,"089","55276",Winona,"85","169","1","26",26A,6284.49666270572,1165330.52046408,"27850100",,,,,0.449934113951183,
"271450405",Saint Stephen,"0405",St. Stephen,"255","58090",Stearns,"73","145","7","13",13B,18292.7797344049,9626837.38782982,"27730405",,,,,3.71692191544109,
"270170135",Scanlon,"0135",Scanlon,"090","58936",Carlton,"9","017","8","11",11A,6571.31128003542,2149183.82238052,"27090135",,,,,0.829799873821118,
"271290090",Hawk Creek Twp,"0090",Hawk Creek Twp,"090","27728",Renville,"65","129","7","16",16A,42969.1859962011,78958038.2494344,"27650090",,,,,30.4856985681066,
"270290055",Hangaard Twp,"0055",Hangaard Twp,"055","26954",Clearwater,"15","029","8","2",2A,33645.349247686,57101494.3938384,"27150055",,,,,22.046886985461,
"271190380",Rhinehart Twp,"0380",Rhinehart Twp,"290","53980",Polk,"60","119","7","1",1B,16268.3431720141,7074843.45451334,"27600380",,,,,2.7315970577876,
"270890065",Eagle Point Twp,"0065",Eagle Point Twp,"065","17414",Marshall,"45","089","7","1",1A,48917.5325558046,73448833.3131833,"27450065",,,,,28.3585945422201,
"271530075",Gordon Twp,"0075",Gordon Twp,"075","24578",Todd,"77","153","7","5",5B,43335.7660369293,90591781.6711306,"27770075",,,,,34.9774869032235,
"270110055",Graceville Twp,"0055",Graceville Twp,"050","24776",Big Stone,"6","011","7","12",12A,46818.8841569239,90839002.0389702,"27060055",,,,,35.0729386872464,
"271190240",Grand Forks Twp,"0240",Grand Forks Twp,"150","24938",Polk,"60","119","7","1",1B,35677.5881647112,36026935.7715001,"27600240",,,,,13.9099999013762,
"271590100",Wadena P-1,"0100",Wadena,"094","67504",Wadena,"80","159","7","5",5B,32651.9040743427,8381436.84996783,"27800100",,,,,3.23607276777258,
"270130055",Jamestown Twp,"0055",Jamestown Twp,"055","31688",Blue Earth,"7","013","1","22",22B,50815.4045646614,43076641.7797949,"27070055",,,,,16.6318913911788,
"271270125",Redwood Falls Twp,"0125",Redwood Falls Twp,"115","53674",Redwood,"64","127","7","15",15B,41086.1872466888,89246516.166691,"27640125",,,,,34.4580798919594,
"271090395",Rochester W-5 P-7,"0395",Rochester,"095","54880",Olmsted,"55","109","1","25",25B,5472.80160168297,1436942.39728927,"27550395",,,,,0.554803459593386,
"270250055",Lindstrom,"0055",Lindstrom,"050","37304",Chisago,"13","025","8","28",28B,52219.0919965751,9980960.00098409,"27130055",,,,,3.85364865637996,
"270590037",Isanti P-2,"0037",Isanti,"034","31328",Isanti,"30","059","8","28",28A,23785.9159747454,8823914.1925731,"27300037",,,,,3.40691326975247,
"270430155",Wells,"0155",Wells,"105","69106",Faribault,"22","043","1","23",23A,17893.6669481003,5757362.95947712,"27220155",,,,,2.22291783865411,
"271030005",Belgrade Twp,"0005",Belgrade Twp,"005","04744",Nicollet,"52","103","1","18",18A,75717.4695479178,87128046.988671,"27520005",,,,,33.6401389423259,
"270590040",Isanti Twp,"0040",Isanti Twp,"035","31346",Isanti,"30","059","8","28",28A,82185.9852824888,72408649.3701495,"27300040",,,,,27.9569795218147,
"271270115",Redwood Falls W-2,"0115",Redwood Falls,"110","53656",Redwood,"64","127","7","15",15B,25487.1246086575,9418886.40476873,"27640115",,,,,3.63663204088121,
"270490085",Lake City,"0085",Lake City,"087","34172",Goodhue,"25","049","1","20",20A,13341.4496216473,2141688.01540091,"27250085",,,,,0.82690574274629,
"270570100",Laporte,"0100",Laporte,"100","35612",Hubbard,"29","057","8","5",5A,6333.67110768293,1819474.38342194,"27290100",,,,,0.702499059439209,
"271190315",Lengby,"0315",Lengby,"225","36404",Polk,"60","119","7","1",1B,4448.76822326331,632760.055864888,"27600315",,,,,0.244308657569433,
"270790040",Kasota,"0040",Kasota,"039","32462",Le Sueur,"40","079","2","18",18A,12626.3545594237,3265618.45848172,"27400040",50,Matt Little,6,"[{""name"": ""Abdi Abdulle"", ""votes"": 1, ""votes_pct"": 2.00, ""party"": ""DFL""}, {""name"": ""Matthew D. Klein"", ""votes"": 18, ""votes_pct"": 36.00, ""party"": ""DFL""}, {""name"": ""Hugh McTavish"", ""votes"": 2, ""votes_pct"": 4.00, ""party"": ""DFL""}, {""name"": ""Matt Little"", ""votes"": 21, ""votes_pct"": 42.00, ""party"": ""DFL""}, {""name"": ""Kaela Berg"", ""votes"": 6, ""votes_pct"": 12.00, ""party"": ""DFL""}, {""name"": ""Christopher Mosel"", ""votes"": 2, ""votes_pct"": 4.00, ""party"": ""DFL""}]",1.26085528681979,39.6556214838209
"270390051",Kasson P-2,"0051",Kasson,"050","32498",Dodge,"20","039","1","24",24A,10307.4917030628,2981987.27716642,"27200051",,,,,1.15134528771395,
"271630325",Stillwater Twp P-1,"0325",Stillwater Twp,"175","62842",Washington,"82","163","8","33",33B,31498.30773156,38412804.9425867,"27820325",,,,,14.8311839883327,
"270190110",San Francisco Twp,"0110",San Francisco Twp,"090","58486",Carver,"10","019","6","17",17B,44332.9397450772,62436998.9382143,"27100110",,,,,24.1069252900446,
"271110275",Maine Twp,"0275",Maine Twp,"235","39500",Otter Tail,"56","111","7","9",9B,38614.9749389137,93014958.2761122,"27560275",,,,,35.9130753904069,
"270110060",Malta Twp,"0060",Malta Twp,"060","39608",Big Stone,"6","011","7","12",12A,39274.0409935848,96350292.5756586,"27060060",,,,,37.2008479634618,
"270050145",Maple Grove Twp,"0145",Maple Grove Twp,"120","40130",Becker,"3","005","8","2",2B,38534.0053857079,92378577.5737825,"27030145",,,,,35.6673688012374,
"270990155",Marshall Twp,"0155",Marshall Twp,"105","40706",Mower,"50","099","1","23",23B,46549.661479721,89692941.6208616,"27500155",,,,,34.6304447598147,
"270090045",Mayhew Lake Twp,"0045",Mayhew Lake Twp,"040","41192",Benton,"5","009","6","10",10B,39167.1727968079,95642281.9529806,"27050045",,,,,36.9274850620458,
"270410125",Millerville Twp,"0125",Millerville Twp,"100","42272",Douglas,"21","041","7","9",9B,47529.8049995221,91238172.5847121,"27210125",,,,,35.2270584349573,
"271030055",New Sweden Twp,"0055",New Sweden Twp,"050","45988",Nicollet,"52","103","1","18",18A,38520.0308673903,92908637.89106,"27520055",,,,,35.8720250897383,
"271370850",Normanna Twp,"0850",Normanna Twp,"345","46708",St. Louis,"69","137","8","3",3B,38690.8417619428,93533511.4751057,"27690850",,,,,36.1132887805383,
"270170105",Mahtowa Twp,"0105",Mahtowa Twp,"075","39464",Carlton,"9","017","8","11",11A,33589.8760010948,62045254.6117144,"27090105",,,,,23.9556728055829,
"271590055",North Germany Twp,"0055",North Germany Twp,"055","46978",Wadena,"80","159","7","5",5A,38577.9743135849,93089770.3118258,"27800055",,,,,35.9419603173959,
"270710195",Southwest Koochiching,"0195",Northome Unorg,"036","47131",Koochiching,"36","071","8","3",3A,198985.062251198,1003495533.34388,"27360195",,,,,387.449625424072,
"270710175",West Koochiching,"0175",Northwest Koochiching Unorg,"038","47352",Koochiching,"36","071","8","3",3A,244324.40550224,1969987031.33135,"27360175",,,,,760.611992797036,
"270110075",Odessa Twp,"0075",Odessa Twp,"070","48076",Big Stone,"6","011","7","12",12A,55712.4832260084,93723870.9466314,"27060075",,,,,36.1867865724944,
"271410075",Orrock Twp,"0075",Orrock Twp,"065","48670",Sherburne,"71","141","6","27",27A,38634.2108387919,93904221.9338139,"27710075",,,,,36.2564200886455,
"270210188",Otter Tail Peninsula Twp,"0188",Otter Tail Peninsula Twp,"184","49250",Cass,"11","021","8","2",2B,76309.5279190526,192982865.4191,"27110188",,,,,74.5106843383147,
"271190365",Parnell Twp,"0365",Parnell Twp,"275","49840",Polk,"60","119","7","1",1B,38755.4694047685,94032962.1080487,"27600365",,,,,36.3061266699176,
"270350235",Pelican Twp,"0235",Pelican Twp,"176","50092",Crow Wing,"18","035","8","6",6B,49099.134346243,57202469.1766023,"27180235",,,,,22.0858733490862,
"270990175",Racine Twp,"0175",Racine Twp,"120","52900",Mower,"50","099","1","26",26B,46052.2245382435,92390350.0763299,"27500175",,,,,35.671914164471,
"271430095",New Auburn Twp,"0095",New Auburn Twp,"090","45394",Sibley,"72","143","7","17",17B,46376.0297577067,92044502.2963781,"27720095",,,,,35.5383823366316,
"271690080",New Hartford Twp,"0080",New Hartford Twp,"070","45592",Winona,"85","169","1","26",26A,40667.471601428,90929354.013465,"27850080",,,,,35.1078235845988,
"270650055",Kanabec Twp,"0055",Kanabec Twp,"050","32300",Kanabec,"33","065","8","10",10B,49077.889961943,93729826.9201573,"27330055",,,,,36.1890861738727,
"270950060",Kathio Twp,"0060",Kathio Twp,"060","32516",Mille Lacs,"48","095","8","10",10A,58094.277670364,187811260.315301,"27480060",,,,,72.5139276077376,
"271070030",Flom Twp,"0030",Flom Twp,"025","21320",Norman,"54","107","7","1",1B,38734.6175059416,93774349.3779372,"27540030",,,,,36.2062762948215,
"270490080",Kenyon Twp,"0080",Kenyon Twp,"080","32858",Goodhue,"25","049","1","19",19A,44148.1033996375,87236306.1958061,"27250080",,,,,33.6819378222007,
"271370760",Kelsey Twp,"0760",Kelsey Twp,"250","32696",St. Louis,"69","137","8","7",7B,38490.7950774902,92573426.5766647,"27690760",,,,,35.7426000012503,
"271290110",Kingman Twp,"0110",Kingman Twp,"110","33290",Renville,"65","129","7","16",16A,38789.4695194142,94077530.6149968,"27650110",,,,,36.3233345704503,
"270570075",Lake Alice Twp,"0075",Lake Alice Twp,"075","34046",Hubbard,"29","057","8","2",2B,38123.2956447455,90665653.369395,"27290075",,,,,35.0060087659234,
"270050125",Lake Eunice Twp,"0125",Lake Eunice Twp,"100","34298",Becker,"3","005","7","4",4B,38700.0709272373,93480807.5248394,"27030125",,,,,36.0929397853405,
"270290070",La Prairie Twp,"0070",La Prairie Twp,"070","35630",Clearwater,"15","029","8","2",2B,77040.9835850811,277853329.325019,"27150070",,,,,107.27917045239,
"270490025",Cannon Falls P-2,"0025",Cannon Falls,"025","09730",Goodhue,"25","049","1","20",20A,17522.242945208,6186052.00429201,"27250025",,,,,2.38843467885714,
"271410010",Becker City,"0010",Becker,"009","04618",Sherburne,"71","141","6","27",27A,64005.5429193388,33667441.2943277,"27710010",,,,,12.9989990837399,
"271670055",Campbell City,"0055",Campbell,"039","09496",Wilkin,"84","167","7","9",9A,3656.03145860445,603658.950393034,"27840055",,,,,0.23307272074675,
"271710010",Albion Twp,"0010",Albion Twp,"010","00766",Wright,"86","171","6","29",29A,38439.6690988487,91774054.0913344,"27860010",,,,,35.4339622846642,
"270950055",Isle Harbor Twp,"0055",Isle Harbor Twp,"050","31490",Mille Lacs,"48","095","8","10",10A,64936.5638566366,81668929.7101627,"27480055",,,,,31.5323737610938,
"270150035",Eden Twp,"0035",Eden Twp,"035","18026",Brown,"8","015","1","15",15B,54205.9500026692,107182489.246738,"27080035",,,,,41.3831590981656,
"271110130",Edna Twp,"0130",Edna Twp,"125","18224",Otter Tail,"56","111","7","9",9B,44124.2021942972,90002518.3006135,"27560130",,,,,34.7499723158669,
"270670040",Edwards Twp,"0040",Edwards Twp,"040","18242",Kandiyohi,"34","067","7","16",16B,47040.4441183299,91940915.0366752,"27340040",,,,,35.4983872956603,
"270210220",Poplar Twp,"0220",Poplar Twp,"215","51964",Cass,"11","021","8","5",5A,38484.547764169,92528678.098416,"27110220",,,,,35.7253226137984,
"271050060",Hersey Twp,"0060",Hersey Twp,"060","28736",Nobles,"53","105","1","21",21B,44595.223234258,90357025.9133636,"27530060",,,,,34.8868477051497,
"271510070",Fairfield Twp,"0070",Fairfield Twp,"065","20258",Swift,"76","151","7","12",12A,38559.7418930695,93093538.6687412,"27760070",,,,,35.943415280001,
"270510010",Barrett,"0010",Barrett,"010","03682",Grant,"26","051","7","9",9A,13824.3625806744,5458918.16399292,"27260010",,,,,2.10768830311767,
"271090088",Pine Island,"0088",Pine Island,"082","51136",Olmsted,"55","109","1","20",20B,39301.9872409299,7546647.88683638,"27550088",,,,,2.91376074910753,
"270010085",Kimberly Twp,"0085",Kimberly Twp,"085","33218",Aitkin,"1","001","8","10",10A,39221.1453431311,95604199.5132392,"27010085",,,,,36.9127814320616,
"270910125",Lake Belt Twp,"0125",Lake Belt Twp,"070","34082",Martin,"46","091","1","22",22A,43875.0300269369,92216032.5911163,"27460125",,,,,35.60461018343,
"271210075",Langhei Twp,"0075",Langhei Twp,"070","35504",Pope,"61","121","7","12",12A,38662.8240614074,93280300.6993249,"27610075",,,,,36.0155241000094,
"270510060",Lawrence Twp,"0060",Lawrence Twp,"060","35882",Grant,"26","051","7","9",9A,38507.4560968948,92836083.6761846,"27260060",,,,,35.8440119073749,
"270490090",Leon Twp,"0090",Leon Twp,"090","36476",Goodhue,"25","049","1","20",20A,39625.8102519957,98039385.2013101,"27250090",,,,,37.8530066262258,
"271110270",Lida Twp,"0270",Lida Twp,"230","36980",Otter Tail,"56","111","7","9",9B,38593.4159853316,92715756.4979328,"27560270",,,,,35.7975535838519,
"270990010",Adams Twp,"0010",Adams Twp,"005","00208",Mower,"50","099","1","23",23B,45093.8408693663,90646374.0629405,"27500010",,,,,34.9985650257013,
"271670005",Akron Twp,"0005",Akron Twp,"005","00550",Wilkin,"84","167","7","9",9A,38322.1834612575,91743557.3058546,"27840005",,,,,35.4221874757904,
"271370005",Alango Twp,"0005",Alango Twp,"005","00568",St. Louis,"69","137","8","7",7B,38739.4945984769,93536410.938849,"27690005",,,,,36.1144082634896,
"270350245",Perry Lake Twp,"0245",Perry Lake Twp,"180","50542",Crow Wing,"18","035","8","6",6A,39829.4053662342,84397036.055793,"27180245",,,,,32.5856956211417,
"271030040",Lafayette Twp,"0040",Lafayette Twp,"035","33938",Nicollet,"52","103","1","18",18A,52269.0597397243,130439126.613286,"27520040",,,,,50.3625467853897,
"271430080",Kelso Twp,"0080",Kelso Twp,"080","32714",Sibley,"72","143","7","17",17B,38417.0726037622,92225493.1477148,"27720080",,,,,35.6082629043327,
"270570085",Lake George Twp,"0085",Lake George Twp,"085","34388",Hubbard,"29","057","8","5",5A,38613.2608495566,93378529.8092425,"27290085",,,,,36.0534503593485,
"270470150",Hayward Twp,"0150",Hayward Twp,"095","27962",Freeborn,"24","047","1","23",23B,44327.7691292821,91936944.7369538,"27240150",,,,,35.4968543629379,
"271450090",Farming Twp,"0090",Farming Twp,"080","20600",Stearns,"73","145","7","13",13A,40084.9935274654,100891031.631079,"27730090",,,,,38.9540273127596,
"271010055",Fenton Twp,"0055",Fenton Twp,"055","20888",Murray,"51","101","7","21",21A,39283.8983261723,92881925.6941445,"27510055",,,,,35.8617115105092,
"271090520",Salem Twp,"0520",Salem Twp,"110","58234",Olmsted,"55","109","1","24",24A,38481.2504152145,92475300.3118145,"27550520",,,,,35.7047134503916,
"270010165",Salo Twp,"0165",Salo Twp,"160","58270",Aitkin,"1","001","8","10",10A,38399.1566576413,92241671.4766639,"27010165",,,,,35.6145093571399,
"271130045",Kratka Twp,"0045",Kratka Twp,"045","33740",Pennington,"57","113","7","1",1A,38580.1742594337,93231080.1008437,"27570045",,,,,35.9965200269357,
"270150055",Lake Hanska Twp,"0055",Lake Hanska Twp,"055","34442",Brown,"8","015","1","15",15B,42500.9894787212,100263156.64351,"27080055",,,,,38.7116047800592,
"270070135",Langor Twp,"0135",Langor Twp,"115","35540",Beltrami,"4","007","8","2",2B,38748.1679701461,93697341.0721329,"27040135",,,,,36.1765433879505,
"270410110",Leaf Valley Twp,"0110",Leaf Valley Twp,"090","36062",Douglas,"21","041","7","9",9B,38758.4818900523,93962204.8580998,"27210110",,,,,36.2788072957123,
"271450145",Le Sauk Twp,"0145",Le Sauk Twp,"130","36656",Stearns,"73","145","6","13",13B,97598.1155698399,24002477.3330531,"27730145",,,,,9.26735649829181,
"271070095",Lockhart Twp,"0095",Lockhart Twp,"090","37790",Norman,"54","107","7","1",1B,38759.874024186,93968132.8339888,"27540095",,,,,36.2810960872031,
"270373910",Randolph City,"3910",Randolph,"124","53098",Dakota,"19","037","2","58",58B,6375.36144697706,2540174.61638373,"27193910",30,Matt Little,23.33,"[{""name"": ""Abdi Abdulle"", ""votes"": 3, ""votes_pct"": 10.00, ""party"": ""DFL""}, {""name"": ""Matthew D. Klein"", ""votes"": 9, ""votes_pct"": 30.00, ""party"": ""DFL""}, {""name"": ""Hugh McTavish"", ""votes"": 0, ""votes_pct"": 0.00, ""party"": ""DFL""}, {""name"": ""Matt Little"", ""votes"": 16, ""votes_pct"": 53.33, ""party"": ""DFL""}, {""name"": ""Kaela Berg"", ""votes"": 2, ""votes_pct"": 6.67, ""party"": ""DFL""}, {""name"": ""Christopher Mosel"", ""votes"": 0, ""votes_pct"": 0.00, ""party"": ""DFL""}]",0.98076141938576,30.5884789175217
"270670140",Regal,"0140",Regal,"140","53710",Kandiyohi,"34","067","7","16",16B,5222.83427427194,1329332.57100278,"27340140",,,,,0.513255305664172,
"270470160",London Twp,"0160",London Twp,"110","37916",Freeborn,"24","047","1","23",23B,40887.4675466957,93420348.5594884,"27240160",,,,,36.0695965788185,
"271530135",Long Prairie Twp,"0135",Long Prairie Twp,"125","38078",Todd,"77","153","7","5",5B,72217.9884757525,85667684.9120197,"27770135",,,,,33.0762931445308,
"270210160",Loon Lake Twp,"0160",Loon Lake Twp,"155","38168",Cass,"11","021","8","5",5A,29031.2544789362,46616049.3944357,"27110160",,,,,17.9984566711916,
"270430090",Jo Daviess Twp,"0090",Jo Daviess Twp,"055","31976",Faribault,"22","043","1","22",22A,39458.4497172733,92916732.845256,"27220090",,,,,35.8751505515533,
"270630145",Wilder,"0145",Wilder,"125","70258",Jackson,"32","063","1","21",21B,6174.84183684618,2058716.7233484,"27320145",,,,,0.794870526884819,
"270210312",Willow River,"0312",Willow River Unorg,"307","17495",Cass,"11","021","8","6",6A,38722.5722729511,94103581.332305,"27110312",,,,,36.333392752403,
"270990115",Grand Meadow Twp,"0115",Grand Meadow Twp,"060","25028",Mower,"50","099","1","23",23B,40938.0814329674,92385883.3145783,"27500115",,,,,35.6701895477587,
"271450115",Holding Twp,"0115",Holding Twp,"100","29564",Stearns,"73","145","7","13",13B,54860.0896524897,107453469.548188,"27730115",,,,,41.4877845925556,
"271690055",Homer Twp,"0055",Homer Twp,"050","30032",Winona,"85","169","1","26",26A,41580.1927641037,93718386.5943974,"27850055",,,,,36.1846690640968,
"270490100",Pine Island,"0100",Pine Island,"099","51136",Goodhue,"25","049","1","20",20B,18430.9318192781,8772884.45943002,"27250100",,,,,3.38721068978593,
"271670150",Wolverton City,"0150",Wolverton,"128","71392",Wilkin,"84","167","7","9",9A,4859.43530205391,889051.302249553,"27840150",,,,,0.343262707798552,
"270070115",Jones Twp,"0115",Jones Twp,"095","32120",Beltrami,"4","007","8","2",2A,38567.5042531204,92861455.4151574,"27040115",,,,,35.8538079357923,
"270690080",Jupiter Twp,"0080",Jupiter Twp,"080","32228",Kittson,"35","069","7","1",1A,38451.9021715765,92566179.4456129,"27350080",,,,,35.7398018839511,
"271350155",Roseau,"0155",Roseau,"155","55546",Roseau,"68","135","7","1",1A,23651.8877314338,6972851.99497169,"27680155",,,,,2.69221815525857,
"271470025",Clinton Falls Twp,"0025",Clinton Falls Twp,"025","12052",Steele,"74","147","1","19",19B,54669.8172072065,39743115.9335897,"27740025",,,,,15.344817061959,
"271690110",Saint Charles,"0110",St. Charles,"100","56788",Winona,"85","169","1","20",20B,23673.5135772826,9755757.56243869,"27850110",,,,,3.76669799485758,
"271110020",Battle Lake,"0020",Battle Lake,"020","03970",Otter Tail,"56","111","7","9",9B,19687.2150548273,3664854.05201446,"27560020",,,,,1.41500014948278,
"270350008",Baxter P-2 West,"0008",Baxter,"005","04042",Crow Wing,"18","035","8","6",6B,21968.1025515154,19294354.2859759,"27180008",,,,,7.4495501898153,
"270070035",Bemidji W-4,"0035",Bemidji,"015","05068",Beltrami,"4","007","8","2",2A,42024.5435777949,15195751.3148241,"27040035",,,,,5.86707958265358,
"271450130",Krain Twp,"0130",Krain Twp,"115","33722",Stearns,"73","145","7","13",13A,48815.1774978406,114266786.995764,"27730130",,,,,44.1184064590644,
"271250035",Lake Pleasant Twp,"0035",Lake Pleasant Twp,"035","34820",Red Lake,"63","125","7","1",1B,38602.0424491676,93170633.6194861,"27630035",,,,,35.9731816404836,
"271470045",Lemond Twp,"0045",Lemond Twp,"045","36386",Steele,"74","147","1","23",23A,38654.2351114667,93470540.1224108,"27740045",,,,,36.0889755412628,
"270730150",Riverside Twp,"0150",Riverside Twp,"130","54646",Lac qui Parle,"37","073","7","15",15A,58397.0390843501,89762941.1993284,"27370150",,,,,34.6574715970607,
"271670130",Roberts Twp,"0130",Roberts Twp,"110","54826",Wilkin,"84","167","7","9",9A,44041.1043781897,57756218.310991,"27840130",,,,,22.2996758898736,
"271450085",Fair Haven Twp,"0085",Fair Haven Twp,"075","20294",Stearns,"73","145","6","13",13A,53633.2472478131,92639965.4898794,"27730085",,,,,35.7682906756424,
"271090060",Kalmar Twp,"0060",Kalmar Twp,"060","32282",Olmsted,"55","109","1","24",24A,69987.3584262018,82607916.4046285,"27550060",,,,,31.8949165238271,
"271710190",Woodland Twp,"0190",Woodland Twp,"170","71554",Wright,"86","171","6","29",29A,67387.6464210602,85870043.7734232,"27860190",,,,,33.1544239009187,
"271610115",Woodville Twp P-1,"0115",Woodville Twp,"080","71698",Waseca,"81","161","1","19",19B,59672.4964845725,79755006.3911009,"27810115",,,,,30.793407967604,
"270990180",Red Rock Twp,"0180",Red Rock Twp,"130","53584",Mower,"50","099","1","23",23B,47580.9345501685,91678568.0782041,"27500180",,,,,35.3970951349946,
"271190170",Esther Twp,"0170",Esther Twp,"090","19790",Polk,"60","119","7","1",1B,34339.8228336387,50305105.1075153,"27600170",,,,,19.4228010820117,
"270690092",Klondike Unorg,"0092",Klondike Unorg,"092","17655",Kittson,"35","069","7","1",1A,38782.1310673959,93824707.7102184,"27350092",,,,,36.2257196469153,
"271350083",Jadis Unorg,"0083",Jadis Unorg,"086","47216",Roseau,"68","135","7","1",1A,36993.4075919861,67287382.0244747,"27680083",,,,,25.9796581996497,
"271350028",Clear River/Oaks Unorg,"0028",Clear River / Oaks Unorg,"033","61330",Roseau,"68","135","7","1",1A,54733.3683963622,170671683.995455,"27680028",,,,,65.8963371906452,
"270890275",Warren,"0275",Warren,"275","68170",Marshall,"45","089","7","1",1A,9282.75325086654,3152861.25468549,"27450275",,,,,1.21731973043407,
"271130085",Rocksbury Twp East,"0085",Rocksbury Twp,"085","55060",Pennington,"57","113","7","1",1A,33513.2195616704,43887110.6511695,"27570085",,,,,16.9448134224166,
"271130120",Thief River Falls P-1A,"0120",Thief River Falls,"115","64570",Pennington,"57","113","7","1",1A,8039.73338137881,1473520.20548109,"27570120",,,,,0.568926151336248,
"271130180",Thief River Falls P-5,"0180",Thief River Falls,"115","64570",Pennington,"57","113","7","1",1A,11243.0158759456,2978795.15619187,"27570180",,,,,1.15011280980568,
"271130165",Thief River Falls P-4,"0165",Thief River Falls,"115","64570",Pennington,"57","113","7","1",1A,5317.17328708054,1084382.23248141,"27570165",,,,,0.418679979961073,
"271130125",Thief River Falls P-1B,"0125",Thief River Falls,"115","64570",Pennington,"57","113","7","1",1A,4960.27916006835,1228094.26432342,"27570125",,,,,0.474167195455274,
"271130135",Thief River Falls P-2,"0135",Thief River Falls,"115","64570",Pennington,"57","113","7","1",1A,9567.46192801466,1937794.14672834,"27570135",,,,,0.748182320051811,
"271130155",Thief River Falls P-3B,"0155",Thief River Falls,"115","64570",Pennington,"57","113","7","1",1A,9997.39155978164,2657449.60944088,"27570155",,,,,1.02604129420512,
"271250080",Red Lake Falls Twp P-N,"0080",Red Lake Falls Twp,"070","53494",Red Lake,"63","125","7","1",1B,35605.5494385478,43612198.0572687,"27630080",,,,,16.8386696699114,
"271250085",Red Lake Falls Twp P-SE,"0085",Red Lake Falls Twp,"070","53494",Red Lake,"63","125","7","1",1B,18359.581533139,14236975.8114141,"27630085",,,,,5.49689636078699,
"271250065",Red Lake Falls W-1,"0065",Red Lake Falls,"065","53476",Red Lake,"63","125","7","1",1B,8581.57821727409,1839808.93970316,"27630065",,,,,0.710350231619392,
"271250075",Red Lake Falls W-3,"0075",Red Lake Falls,"065","53476",Red Lake,"63","125","7","1",1B,6342.96115079659,1299807.9399368,"27630075",,,,,0.501855845609597,
"271190150",East Grand Forks W-5,"0150",East Grand Forks,"075","17612",Polk,"60","119","7","1",1B,10141.3992835124,2627557.1196096,"27600150",,,,,1.01449980388127,
"271190130",East Grand Forks W-3,"0130",East Grand Forks,"075","17612",Polk,"60","119","7","1",1B,12977.5247004134,2824263.66849867,"27600130",,,,,1.09044820240734,
"271190140",East Grand Forks W-4,"0140",East Grand Forks,"075","17612",Polk,"60","119","7","1",1B,7514.55462635738,1773459.37524403,"27600140",,,,,0.684732664781719,
"271190110",East Grand Forks W-1,"0110",East Grand Forks,"075","17612",Polk,"60","119","7","1",1B,8604.7174285314,2201644.05745399,"27600110",,,,,0.850054770582987,
"271190090",Crookston W-6,"0090",Crookston,"065","13870",Polk,"60","119","7","1",1B,9257.00243946073,1466272.62830407,"27600090",,,,,0.5661278617882,
"271190070",Crookston W-2,"0070",Crookston,"065","13870",Polk,"60","119","7","1",1B,6977.62170580719,1596081.65195607,"27600070",,,,,0.61624712582024,
"271190065",Crookston W-1,"0065",Crookston,"065","13870",Polk,"60","119","7","1",1B,10551.8552960628,3395718.81923257,"27600065",,,,,1.3110870361057,
"271190085",Crookston W-5,"0085",Crookston,"065","13870",Polk,"60","119","7","1",1B,15234.8856582896,3448183.11199907,"27600085",,,,,1.33134349954284,
"271190080",Crookston W-4,"0080",Crookston,"065","13870",Polk,"60","119","7","1",1B,6483.59541204427,1318289.34465161,"27600080",,,,,0.508991515969986,
"271070010",Ada P-2,"0010",Ada,"005","00172",Norman,"54","107","7","1",1B,8540.100006181,2553861.52958933,"27540010",,,,,0.986045936574442,
"270070200",Redby,"0200",Lower Red Lake Unorg,"127","38335",Beltrami,"4","007","8","2",2A,80731.2646365923,238697504.790617,"27040200",,,,,92.1611065996572,
"270070195",Red Lake Agency,"0195",Lower Red Lake Unorg,"127","38335",Beltrami,"4","007","8","2",2A,58762.9767586108,163270352.445682,"27040195",,,,,63.0386830792777,
"270070170",Northern Twp,"0170",Northern Twp,"150","46906",Beltrami,"4","007","8","2",2A,41967.7097824824,77790713.5731368,"27040170",,,,,30.0349945105881,
"270070040",Bemidji W-5,"0040",Bemidji,"015","05068",Beltrami,"4","007","8","2",2A,25289.025290521,8556344.56382044,"27040040",,,,,3.30360463609107,
"270070030",Bemidji W-3,"0030",Bemidji,"015","05068",Beltrami,"4","007","8","2",2A,17613.6752021953,11304111.2547764,"27040030",,,,,4.36451735546919,
"270070020",Bemidji W-1,"0020",Bemidji,"015","05068",Beltrami,"4","007","8","2",2A,5876.06392006081,1652222.73371705,"27040020",,,,,0.637923197488154,
"270070025",Bemidji W-2,"0025",Bemidji,"015","05068",Beltrami,"4","007","8","2",2A,24869.217613608,11701034.4076569,"27040025",,,,,4.51776938479634,
"270770065",2-C Unorg,"0065",Beltrami Forest Unorg,"011","06966",Lake of the Woods,"39","077","8","2",2A,96495.1150629639,558837609.723612,"27390065",,,,,215.767201114286,
"270770015",2-A Gudrid Unorg,"0015",Baudette Unorg,"021","26250",Lake of the Woods,"39","077","8","2",2A,38583.7114918534,76285095.158816,"27390015",,,,,29.4536752408188,
"270770080",3-E Baudette City,"0080",Baudette,"005","04024",Lake of the Woods,"39","077","8","2",2A,10708.9913121814,2546571.45254383,"27390080",,,,,0.983231237827174,
"270770010",1-B Baudette City,"0010",Baudette,"005","04024",Lake of the Woods,"39","077","8","2",2A,9917.67803133617,3960432.59005864,"27390010",,,,,1.52912302302164,
"270770030",3-A Unorg,"0030",Beltrami Forest Unorg,"011","67782",Lake of the Woods,"39","077","8","2",2A,97869.6674133547,362726300.624218,"27390030",,,,,140.048624671011,
"270770044",4-B Wabanica Unorg,"0044",Baudette Unorg,"021","67368",Lake of the Woods,"39","077","8","2",2A,44102.048551082,106765510.591376,"27390044",,,,,41.2221636393302,
"270770005",1-A Baudette Unorg,"0005",Baudette Unorg,"021","04027",Lake of the Woods,"39","077","8","2",2A,31664.5853969478,14753552.7208278,"27390005",,,,,5.69634670551162,
"270770040",4-A Wheeler Unorg,"0040",Baudette Unorg,"021","69849",Lake of the Woods,"39","077","8","2",2A,37251.8541222983,50776017.5421358,"27390040",,,,,19.6046203730186,
"270770046",4-C N McDougald Unorg,"0046",Baudette Unorg,"021","38988",Lake of the Woods,"39","077","8","2",2A,30821.0430264475,50033364.1235588,"27390046",,,,,19.3178818881061,
"270770045",5-B Zippel Unorg,"0045",Baudette Unorg,"021","72264",Lake of the Woods,"39","077","8","2",2A,44613.8165518048,85306877.4615963,"27390045",,,,,32.9369853879223,
"270770031",3-C S McDougald Unorg,"0031",Beltrami Forest Unorg,"011","38988",Lake of the Woods,"39","077","8","2",2A,28095.3430787895,41252932.244325,"27390031",,,,,15.9277571395339,
"270710185",Northwest Koochiching,"0185",Northwest Koochiching Unorg,"038","47352",Koochiching,"36","071","8","3",3A,193816.518117457,1097150612.96692,"27360185",,,,,423.609851666528,
"270710170",Meadowbrook Precinct,"0170",East Koochiching Unorg,"007","17660",Koochiching,"36","071","8","3",3A,47773.3427636186,124483884.786778,"27360170",,,,,48.0632279161751,
"270710070",Jameson Precinct,"0070",Rainy Lake Unorg,"039","52990",Koochiching,"36","071","8","3",3A,49996.5481603343,81116375.8592563,"27360070",,,,,31.3190327192589,
"270710080",Koochiching Poll 2,"0080",Rainy Lake Unorg,"039","52990",Koochiching,"36","071","8","3",3A,72252.7151296816,149764822.758315,"27360080",,,,,57.8241980669854,
"270710140",Scarlett Precinct,"0140",Rainy Lake Unorg,"039","52990",Koochiching,"36","071","8","3",3A,36541.314936498,75344414.3705162,"27360140",,,,,29.0904783884563,
"270710190",Southeast Koochiching,"0190",South Koochiching Unorg,"049","61433",Koochiching,"36","071","8","3",3A,121211.016919726,779873407.253831,"27360190",,,,,301.109122540704,
"270710075",Koochiching Poll 1,"0075",Rainy Lake Unorg,"039","52990",Koochiching,"36","071","8","3",3A,77618.0927751841,150890320.284908,"27360075",,,,,58.2587526620028,
"270710083",Koochiching Poll 5,"0083",Rainy Lake Unorg,"039","52990",Koochiching,"36","071","8","3",3A,46093.2699168227,68869773.004785,"27360083",,,,,26.5906193571475,
"270710082",Koochiching Poll 4,"0082",Rainy Lake Unorg,"039","52990",Koochiching,"36","071","8","3",3A,47989.575379766,14497612.6789092,"27360082",,,,,5.59752825532686,
"270710060",International Falls West Ward,"0060",International Falls,"010","31040",Koochiching,"36","071","8","3",3A,14889.7667163179,5004529.35714629,"27360060",,,,,1.93224878479418,
"270710055",International Falls Center Ward,"0055",International Falls,"010","31040",Koochiching,"36","071","8","3",3A,17395.7617388964,4874968.17611048,"27360055",,,,,1.88222521279626,
"270710120",Ranier East Precinct,"0120",Ranier,"040","53134",Koochiching,"36","071","8","3",3A,3721.2834779431,677924.426528827,"27360120",,,,,0.26174662108278,
"270610260",McLeod Prec,"0260",McLeod Unorg,"172","46894",Itasca,"31","061","8","3",3A,77269.0944695048,343531804.59864,"27310260",,,,,132.637629755535,
"270610245",Long Lake Prec,"0245",Long Lake Unorg,"192","46894",Itasca,"31","061","8","3",3A,86169.7439399821,139836098.574056,"27310245",,,,,53.9907176594431,
"270610155",Grand Rapids P-4,"0155",Grand Rapids,"110","25118",Itasca,"31","061","8","6",6A,19079.7905644179,14850128.7700172,"27310155",,,,,5.73363471810362,
"270610145",Grand Rapids P-2,"0145",Grand Rapids,"110","25118",Itasca,"31","061","8","6",6A,22240.7852187444,17464174.1750989,"27310145",,,,,6.74291764900567,
"270610140",Grand Rapids P-1,"0140",Grand Rapids,"110","25118",Itasca,"31","061","8","6",6A,21544.0433142774,12724911.2062044,"27310140",,,,,4.91308821671552,
"270610340",Sugar Lake Prec,"0340",Sugar Lake Unorg,"226","15277",Itasca,"31","061","8","6",6A,55610.8321670338,151760037.606253,"27310340",,,,,58.5945505197743,
"270610370",Wellers-McCormick P-1,"0370",Wellers-McCormick Unorg,"251","15277",Itasca,"31","061","8","2",2B,33622.6169322026,42881821.2599907,"27310370",,,,,16.5566711884824,
"270610371",Wellers-McCormick P-2,"0371",Wellers-McCormick Unorg,"251","15277",Itasca,"31","061","8","6",6A,31695.1083319821,32911658.4964642,"27310371",,,,,12.7071913454848,
"270610035",Bass Lake Prec,"0035",Bass Lake Unorg,"023","15277",Itasca,"31","061","8","7",7A,44703.3716805732,87809783.8771961,"27310035",,,,,33.9033575549854,
"270610090",Deer Lake Prec,"0090",Deer Lake Unorg,"078","15277",Itasca,"31","061","8","7",7A,55177.6278332989,97210896.790052,"27310090",,,,,37.5331272506391,
"270610095",Deer River P-1,"0095",Deer River,"079","15310",Itasca,"31","061","8","2",2B,6211.82505550925,792787.558058504,"27310095",,,,,0.306095276166388,
"270610101",Deer River Twp P-2,"0101",Deer River Twp,"080","15328",Itasca,"31","061","8","7",7A,47838.0551202374,90914615.1760551,"27310101",,,,,35.1021329194749,
"270610271",Morse Twp P-2,"0271",Morse Twp,"180","44332",Itasca,"31","061","8","2",2B,6150.00577501964,1035652.13441676,"27310271",,,,,0.399865289098312,
"270610020",Ball Club Prec,"0020",Ball Club Unorg,"056","07105",Itasca,"31","061","8","2",2B,63158.2797648746,97223061.7209132,"27310020",,,,,37.5378241304446,
"270610205",Inger Prec,"0205",Inger Unorg,"128","07105",Itasca,"31","061","8","2",2B,46616.8216504779,105115289.096044,"27310205",,,,,40.5850131199826,
"270570122",Park Rapids P-2,"0122",Park Rapids,"120","49768",Hubbard,"29","057","7","5",5A,31544.9960284012,10149988.0614229,"27290122",,,,,3.91891039051538,
"270570152",Todd Twp P-2,"0152",Todd Twp,"145","65038",Hubbard,"29","057","7","5",5A,7605.05780633852,2459688.84496484,"27290152",,,,,0.949685863040925,
"270570137",Steamboat River Twp P-2,"0137",Steamboat River Twp,"133","62618",Hubbard,"29","057","8","2",2B,4121.04658143239,417760.464767177,"27290137",,,,,0.161297315446607,
"270570097",Lakeport Twp P-2,"0097",Lakeport Twp,"095","34838",Hubbard,"29","057","8","2",2B,22376.8057096993,14927339.1855761,"27290097",,,,,5.76344565955095,
"270050050",Detroit Twp P-1,"0050",Detroit Twp,"052","15814",Becker,"3","005","7","4",4B,61528.4071185291,68090213.5371299,"27030050",,,,,26.2896314466859,
"270050065",Detroit Lakes W-2 P-1,"0065",Detroit Lakes,"055","15832",Becker,"3","005","7","4",4B,24588.6884195403,15434871.8607769,"27030065",,,,,5.95940402544597,
"270050055",Detroit Lakes W-1 P-1,"0055",Detroit Lakes,"055","15832",Becker,"3","005","7","4",4B,29444.3304242244,11474769.5502484,"27030055",,,,,4.43040852335093,
"270270010",Barnesville City W-1,"0010",Barnesville,"010","03574",Clay,"14","027","7","4",4B,10812.4393309157,1818593.55654191,"27140010",,,,,0.70215897218083,
"270270015",Barnesville City W-2,"0015",Barnesville,"010","03574",Clay,"14","027","7","4",4B,6386.5985989682,997480.509940387,"27140015",,,,,0.385127224887983,
"270270155",Moorhead City W-1 P-1,"0155",Moorhead,"145","43864",Clay,"14","027","7","4",4B,35822.4353891227,13594622.3748308,"27140155",,,,,5.24888369892216,
"270270165",Moorhead City W-2 P-4,"0165",Moorhead,"145","43864",Clay,"14","027","7","4",4A,10392.4067029899,3815731.07591807,"27140165",,,,,1.47325376841197,
"270270175",Moorhead City W-2 P-6,"0175",Moorhead,"145","43864",Clay,"14","027","7","4",4A,3873.06331165492,816795.339753813,"27140175",,,,,0.315364680678947,
"270270160",Moorhead City W-1 P-3,"0160",Moorhead,"145","43864",Clay,"14","027","7","4",4A,10539.9189239512,3879841.41611039,"27140160",,,,,1.49800677076022,
"270270185",Moorhead City W-3 P-8,"0185",Moorhead,"145","43864",Clay,"14","027","7","4",4A,5945.07767298545,2037548.49614014,"27140185",,,,,0.786697474359706,
"270270170",Moorhead City W-2 P-5,"0170",Moorhead,"145","43864",Clay,"14","027","7","4",4A,13291.083006144,6562284.70470876,"27140170",,,,,2.53369812448805,
"270270210",Moorhead City W-4 P-13,"0210",Moorhead,"145","43864",Clay,"14","027","7","4",4A,27499.1161064305,9863425.26219955,"27140210",,,,,3.80826849373525,
"270270205",Moorhead City W-4 P-12,"0205",Moorhead,"145","43864",Clay,"14","027","7","4",4A,9516.89311290465,3120073.37869815,"27140205",,,,,1.20466033151535,
"270270190",Moorhead City W-3 P-9,"0190",Moorhead,"145","43864",Clay,"14","027","7","4",4A,13020.5295496338,2942130.20594187,"27140190",,,,,1.13595647251416,
"270270180",Moorhead City W-2 P-7,"0180",Moorhead,"145","43864",Clay,"14","027","7","4",4A,4023.07527465098,990906.484631777,"27140180",,,,,0.382588993716329,
"270270217",Moorhead Twp P-2,"0217",Moorhead Twp,"150","43882",Clay,"14","027","7","4",4A,4819.83825681133,255908.246907835,"27140217",,,,,0.0988061741311151,
"271670035",Breckenridge P-2,"0035",Breckenridge,"030","07462",Wilkin,"84","167","7","9",9A,12752.2948881289,3205754.8499044,"27840035",,,,,1.23774194754809,
"271670040",Breckenridge P-3,"0040",Breckenridge,"030","07462",Wilkin,"84","167","7","9",9A,10915.1382939554,1911242.32934298,"27840040",,,,,0.737930663359325,
"271110175",Fergus Falls W-1 P-2,"0175",Fergus Falls,"165","20906",Otter Tail,"56","111","7","9",9A,21077.5746721113,6362728.55729308,"27560175",,,,,2.45664949597086,
"271110170",Fergus Falls W-1 P-1,"0170",Fergus Falls,"165","20906",Otter Tail,"56","111","7","9",9A,16981.3398897525,6348694.07478569,"27560170",,,,,2.45123078227475,
"271590105",Wadena P-2,"0105",Wadena,"094","67504",Wadena,"80","159","7","5",5B,9666.35229537366,3869909.54421129,"27800105",,,,,1.49417207501998,
"271590110",Wadena P-3,"0110",Wadena,"094","67504",Wadena,"80","159","7","5",5B,5170.28119932884,1429361.1437332,"27800110",,,,,0.551876337595389,
"270210237",Rogers Point,"0237",Rogers Point Unorg,"230","46829",Cass,"11","021","8","2",2B,36842.2880161151,84478223.5525148,"27110237",,,,,32.617042113626,
"270210118",Hardwood South,"0118",Hardwood South Unorg,"117","46825",Cass,"11","021","8","2",2B,85759.9464483597,154453584.107187,"27110118",,,,,59.6345288237849,
"270210262",Sucker Lakes,"0262",Sucker Lakes Unorg,"257","46825",Cass,"11","021","8","2",2B,42733.3821925437,105838657.855103,"27110262",,,,,40.8643057978552,
"270350065",Crosby City,"0065",Crosby,"025","13924",Crow Wing,"18","035","8","6",6A,13254.5418682573,9809613.74661289,"27180065",,,,,3.78749186756724,
"270350005",Baxter P-1 East,"0005",Baxter,"005","04042",Crow Wing,"18","035","8","6",6B,20311.0688597866,14075350.1883064,"27180005",,,,,5.43449270770512,
"270350006",Baxter P-1 West,"0006",Baxter,"005","04042",Crow Wing,"18","035","8","6",6B,19583.92765614,10408535.3773339,"27180006",,,,,4.01873550918863,
"270350007",Baxter P-2 East,"0007",Baxter,"005","04042",Crow Wing,"18","035","8","6",6B,17555.8412061177,10907675.5553027,"27180007",,,,,4.21145353190235,
"270350042",Brainerd W-3 P-3,"0042",Brainerd,"015","07300",Crow Wing,"18","035","8","6",6A,1174.65008959998,25951.8886769089,"27180042",,,,,0.0100200242181545,
"270350040",Brainerd W-3 P-2,"0040",Brainerd,"015","07300",Crow Wing,"18","035","8","6",6B,19367.1358247074,4545373.33926321,"27180040",,,,,1.75496864628952,
"270350015",Brainerd W-1 P-1,"0015",Brainerd,"015","07300",Crow Wing,"18","035","8","6",6B,10537.0271203404,3184974.87339173,"27180015",,,,,1.22971879861655,
"270350016",Brainerd W-1 P-2,"0016",Brainerd,"015","07300",Crow Wing,"18","035","8","6",6B,14620.7075815567,5092814.89064111,"27180016",,,,,1.96633582927653,
"270350050",Brainerd W-4 P-2,"0050",Brainerd,"015","07300",Crow Wing,"18","035","8","6",6B,13182.6223849221,3518510.95367243,"27180050",,,,,1.35849707921293,
"270350025",Brainerd W-2 P-2,"0025",Brainerd,"015","07300",Crow Wing,"18","035","8","6",6B,15164.3000793247,2730318.28785099,"27180025",,,,,1.05417589093927,
"270350035",Brainerd W-3 P-1,"0035",Brainerd,"015","07300",Crow Wing,"18","035","8","6",6B,6547.85426968872,1624756.27098619,"27180035",,,,,0.627318396227768,
"270010100",Libby Twp P-East,"0100",Libby Twp,"100","36908",Aitkin,"1","001","8","7",7A,41753.2371092476,24927302.4319216,"27010100",,,,,9.62443146896494,
"270970130",Little Falls W-3,"0130",Little Falls,"120","37556",Morrison,"49","097","7","10",10A,24288.6679584407,8343205.78213724,"27490130",,,,,3.22131175248319,
"270970120",Little Falls W-1,"0120",Little Falls,"120","37556",Morrison,"49","097","7","10",10A,26300.5820612806,6103151.77448948,"27490120",,,,,2.35642690013039,
"270410025",Alexandria W-5,"0025",Alexandria,"005","00928",Douglas,"21","041","7","12",12B,48586.2210978425,15990432.759668,"27210025",,,,,6.1739060885078,
"270410010",Alexandria W-2,"0010",Alexandria,"005","00928",Douglas,"21","041","7","12",12B,20314.7564946681,8269798.64262477,"27210010",,,,,3.19296925591742,
"270410015",Alexandria W-3,"0015",Alexandria,"005","00928",Douglas,"21","041","7","12",12B,16066.8251740557,8292845.6287744,"27210015",,,,,3.2018676972698,
"270410020",Alexandria W-4,"0020",Alexandria,"005","00928",Douglas,"21","041","7","12",12B,15172.6053379809,7251990.28344165,"27210020",,,,,2.79999344843682,
"271550085",Wheaton P-1,"0085",Wheaton,"090","69844",Traverse,"78","155","7","9",9A,6957.49127871349,2068833.97142043,"27780085",,,,,0.798776796365428,
"270110084",Ortonville P-3,"0084",Ortonville,"080","48706",Big Stone,"6","011","7","12",12A,9931.37068769604,3521591.86375301,"27060084",,,,,1.35968661859504,
"270230090",Montevideo P-2,"0090",Montevideo,"075","43720",Chippewa,"12","023","7","16",16A,14088.2567697769,4946608.28766117,"27120090",,,,,1.90988545986598,
"271510015",Benson P-1,"0015",Benson,"015","05212",Swift,"76","151","7","12",12A,15852.2401006229,3606703.01168157,"27760015",,,,,1.39254803281025,
"271490075",Morris P-2,"0075",Morris,"070","44242",Stevens,"75","149","7","12",12A,14206.5925917643,4115151.86390834,"27750075",,,,,1.58886013465501,
"271210050",Glenwood P-2,"0050",Glenwood,"045","24074",Pope,"61","121","7","12",12A,11424.0859116633,3145128.52953703,"27610050",,,,,1.21433412525425,
"270670202",Willmar W-2 P-4,"0202",Willmar,"175","70420",Kandiyohi,"34","067","7","16",16B,16314.609618168,3597625.14587338,"27340202",,,,,1.38904306882171,
"270670180",Willmar W-1 P-2,"0180",Willmar,"175","70420",Kandiyohi,"34","067","7","16",16B,13276.742449864,3482109.05811456,"27340180",,,,,1.34444230733803,
"270670185",Willmar W-1 P-3,"0185",Willmar,"175","70420",Kandiyohi,"34","067","7","16",16B,12664.7570149107,3506671.3225683,"27340185",,,,,1.35392579764362,
"270670205",Willmar W-3 P-1,"0205",Willmar,"175","70420",Kandiyohi,"34","067","7","16",16B,6149.64247226744,2104037.16609088,"27340205",,,,,0.812368749827689,
"270670210",Willmar W-3 P-2,"0210",Willmar,"175","70420",Kandiyohi,"34","067","7","16",16B,5001.21955234392,1168886.70176989,"27340210",,,,,0.451307155553355,
"270670225",Willmar W-4 P-2,"0225",Willmar,"175","70420",Kandiyohi,"34","067","7","16",16B,3783.30376202311,606661.11288089,"27340225",,,,,0.234231855683312,
"270670215",Willmar W-3 P-3,"0215",Willmar,"175","70420",Kandiyohi,"34","067","7","16",16B,5059.95430925656,1089668.78022361,"27340215",,,,,0.420721116044337,
"270670220",Willmar W-4 P-1,"0220",Willmar,"175","70420",Kandiyohi,"34","067","7","16",16B,9916.04564243325,1931357.76865889,"27340220",,,,,0.745697234479199,
"270670230",Willmar W-4 P-3,"0230",Willmar,"175","70420",Kandiyohi,"34","067","7","16",16B,11257.8435758525,2879203.94597923,"27340230",,,,,1.11166064354258,
"270670200",Willmar W-2 P-3,"0200",Willmar,"175","70420",Kandiyohi,"34","067","7","16",16B,13072.5302959003,2595128.53610682,"27340200",,,,,1.00197912779084,
"270670195",Willmar W-2 P-2,"0195",Willmar,"175","70420",Kandiyohi,"34","067","7","16",16B,13970.6041372691,2807387.55742791,"27340195",,,,,1.08393233592292,
"270670175",Willmar W-1 P-1,"0175",Willmar,"175","70420",Kandiyohi,"34","067","7","16",16B,24481.8280427354,8612571.34470885,"27340175",,,,,3.32531379619209,
"270930105",Litchfield W-1,"0105",Litchfield,"100","37448",Meeker,"47","093","7","16",16A,9598.8026485978,2649300.17308593,"27470105",,,,,1.02289479682848,
"270930125",Litchfield W-5,"0125",Litchfield,"100","37448",Meeker,"47","093","7","16",16A,8030.25111056856,2047092.59978862,"27470125",,,,,0.790382452778388,
"270930110",Litchfield W-2,"0110",Litchfield,"100","37448",Meeker,"47","093","7","16",16A,9946.11078285142,1888129.11571153,"27470110",,,,,0.729006651576222,
"270930115",Litchfield W-3,"0115",Litchfield,"100","37448",Meeker,"47","093","7","16",16A,7830.97703760636,2353529.59730082,"27470115",,,,,0.908697777517847,
"271450055",Collegeville Twp P-2,"0055",Collegeville Twp,"045","12592",Stearns,"73","145","6","13",13A,6225.4122920921,2428948.2356042,"27730055",,,,,0.937816913766781,
"271450235",Rockville,"0235",Rockville,"208","55078",Stearns,"73","145","6","13",13A,41351.7492247557,78783198.7107398,"27730235",,,,,30.4181930222167,
"271450380",Saint Joseph P-1,"0380",St. Joseph,"239","57130",Stearns,"73","145","6","13",13A,30398.703918311,18668560.8172604,"27730380",,,,,7.20793133154422,
"271450443",Waite Park P-4,"0443",Waite Park,"280","67612",Stearns,"73","145","6","14",14A,17252.1903089484,10097748.2621502,"27730443",,,,,3.89874060401619,
"271450441",Waite Park P-2,"0441",Waite Park,"280","67612",Stearns,"73","145","6","14",14A,9728.69976844811,3203680.90931717,"27730441",,,,,1.23694119908736,
"271450440",Waite Park P-1,"0440",Waite Park,"280","67612",Stearns,"73","145","6","14",14A,10539.7901227252,2493647.50390108,"27730440",,,,,0.962797301256209,
"271450414",Sartell P-7,"0414",Sartell,"262","58612",Stearns,"73","145","6","13",13B,10420.6864726496,3456682.64587674,"27730414",,,,,1.33462516957301,
"271450417",Sartell P-6,"0417",Sartell,"262","58612",Stearns,"73","145","6","13",13B,25604.5612827578,3795791.47869097,"27730417",,,,,1.46555508992258,
"271450415",Sartell P-5,"0415",Sartell,"262","58612",Stearns,"73","145","6","13",13B,5787.49909851955,2074451.33748747,"27730415",,,,,0.800945661403912,
"271450419",Sartell P-4,"0419",Sartell,"262","58612",Stearns,"73","145","6","13",13B,29957.2507254322,6479730.24363377,"27730419",,,,,2.501823847067,
"271450418",Sartell P-3,"0418",Sartell,"262","58612",Stearns,"73","145","6","13",13B,6456.14816009212,2338435.29776124,"27730418",,,,,0.902869868465615,
"271450307",Saint Cloud W-3 P-2,"0307",St. Cloud,"230","56896",Stearns,"73","145","6","14",14B,11193.9444854172,4564252.26936192,"27730307",,,,,1.76225780120064,
"271450305",Saint Cloud W-3 P-1,"0305",St. Cloud,"230","56896",Stearns,"73","145","6","14",14B,7867.94434715376,3232408.45106125,"27730305",,,,,1.24803290295475,
"271450310",Saint Cloud W-3 P-3,"0310",St. Cloud,"230","56896",Stearns,"73","145","6","14",14B,8879.73742949922,3451322.35559303,"27730310",,,,,1.33255556149447,
"271450295",Saint Cloud W-2 P-2,"0295",St. Cloud,"230","56896",Stearns,"73","145","6","14",14B,12815.3893159291,3381512.83063043,"27730295",,,,,1.30560210390641,
"271450317",Saint Cloud W-3 P-6,"0317",St. Cloud,"230","56896",Stearns,"73","145","6","14",14B,5124.17752610009,1207169.46951397,"27730317",,,,,0.466088132179345,
"271450312",Saint Cloud W-3 P-4,"0312",St. Cloud,"230","56896",Stearns,"73","145","6","14",14B,12262.1497376186,4274121.41967227,"27730312",,,,,1.65023828013546,
"271450320",Saint Cloud W-3 P-7,"0320",St. Cloud,"230","56896",Stearns,"73","145","6","14",14B,4826.53994339147,961374.233494873,"27730320",,,,,0.37118659155237,
"271450315",Saint Cloud W-3 P-5,"0315",St. Cloud,"230","56896",Stearns,"73","145","6","14",14B,7164.53268758496,944010.136674878,"27730315",,,,,0.36448231377017,
"271450335",Saint Cloud W-4 P-2,"0335",St. Cloud,"230","56896",Stearns,"73","145","6","14",14A,7666.60461464591,2535414.70077758,"27730335",,,,,0.978923615970223,
"271450340",Saint Cloud W-4 P-3,"0340",St. Cloud,"230","56896",Stearns,"73","145","6","14",14A,6640.28257494512,2159804.5600646,"27730340",,,,,0.833900540640943,
"271450285",Saint Cloud W-1 P-6,"0285",St. Cloud,"230","56896",Stearns,"73","145","6","14",14B,5234.17909617553,954212.907530187,"27730285",,,,,0.368421603597405,
"271450280",Saint Cloud W-1 P-5,"0280",St. Cloud,"230","56896",Stearns,"73","145","6","14",14A,5272.74927722988,1226066.42405976,"27730280",,,,,0.473384246329472,
"271450260",Saint Cloud W-1 P-1,"0260",St. Cloud,"230","56896",Stearns,"73","145","6","14",14A,2682.5956280708,457856.726280413,"27730260",,,,,0.176778482016868,
"271450275",Saint Cloud W-1 P-4,"0275",St. Cloud,"230","56896",Stearns,"73","145","6","14",14A,6014.30716515698,1319049.06989644,"27730275",,,,,0.509284845887014,
"271450360",Saint Cloud W-4 P-7,"0360",St. Cloud,"230","56896",Stearns,"73","145","6","14",14A,25543.1991494744,17009041.9912044,"27730360",,,,,6.56719111280403,
"270090056",Minden Twp P-2,"0056",Minden Twp,"050","42434",Benton,"5","009","6","13",13B,2689.19512865624,56079.9272278214,"27050056",,,,,0.0216524599026619,
"270090112",Sauk Rapids P-5,"0112",Sauk Rapids,"073","58684",Benton,"5","009","6","13",13B,35785.7854929579,6596595.62167525,"27050112",,,,,2.54694556952881,
"270090111",Sauk Rapids P-4,"0111",Sauk Rapids,"073","58684",Benton,"5","009","6","13",13B,7947.31864557041,2341151.95611117,"27050111",,,,,0.903918770254522,
"270090105",Sauk Rapids P-2,"0105",Sauk Rapids,"073","58684",Benton,"5","009","6","13",13B,7293.73242611495,2763380.81129147,"27050105",,,,,1.06694133123964,
"270090110",Sauk Rapids P-3,"0110",Sauk Rapids,"073","58684",Benton,"5","009","6","13",13B,10420.2898170984,2275333.50520345,"27050110",,,,,0.87850626635905,
"270090113",Sauk Rapids P-6,"0113",Sauk Rapids,"073","58684",Benton,"5","009","6","14",14B,3227.15933519797,310708.854629391,"27050113",,,,,0.119964688772408,
"270090070",Saint Cloud W-2 P-1,"0070",St. Cloud,"065","56896",Benton,"5","009","6","14",14B,35276.3066602845,5834818.06224545,"27050070",,,,,2.25282325383297,
"270090080",Saint Cloud W-2 P-3,"0080",St. Cloud,"065","56896",Benton,"5","009","6","14",14B,6596.21001668774,1548561.76121471,"27050080",,,,,0.597899696005,
"271410100",Saint Cloud W-2 P-7,"0100",St. Cloud,"075","56896",Sherburne,"71","141","6","14",14B,20933.7461910005,9577594.16597186,"27710100",,,,,3.69790910748173,
"271410090",Saint Cloud W-2 P-5,"0090",St. Cloud,"075","56896",Sherburne,"71","141","6","14",14B,6924.63614625622,2221944.48068447,"27710090",,,,,0.857892763992274,
"271410095",Saint Cloud W-2 P-6,"0095",St. Cloud,"075","56896",Sherburne,"71","141","6","14",14B,8238.8150150524,1330653.03287345,"27710095",,,,,0.513765135992438,
"271410125",Baldwin City P-1,"0125",Baldwin,"004","03282",Sherburne,"71","141","6","27",27B,31466.488430309,36580029.6288539,"27710125",,,,,14.1235494397005,
"271410110",Zimmerman P-1,"0110",Zimmerman,"085","72238",Sherburne,"71","141","6","27",27B,14231.2316745918,4033971.85026107,"27710110",,,,,1.5575165313858,
"271410155",Livonia Twp P-3,"0155",Livonia Twp,"060","37754",Sherburne,"71","141","6","27",27B,10007.4269804533,4076849.75469626,"27710155",,,,,1.57407169028823,
"271410070",Livonia Twp P-1,"0070",Livonia Twp,"060","37754",Sherburne,"71","141","6","27",27B,38283.4366240537,31261671.9330404,"27710070",,,,,12.0701315333469,
"271410060",Elk River W-4 P-4A,"0060",Elk River,"045","18674",Sherburne,"71","141","6","30",30B,18003.9159611582,17038243.0869682,"27710060",,,,,6.57846565587841,
"271410145",Elk River W-4 P-4B,"0145",Elk River,"045","18674",Sherburne,"71","141","6","30",30B,16895.0975071361,8576133.41758148,"27710145",,,,,3.31124511252821,
"271410135",Elk River W-2 P-2B,"0135",Elk River,"045","18674",Sherburne,"71","141","6","30",30B,21388.1482157902,25550170.2974596,"27710135",,,,,9.86492075184914,
"271410055",Elk River W-3 P-3A,"0055",Elk River,"045","18674",Sherburne,"71","141","6","30",30B,15568.340862456,6516796.12651566,"27710055",,,,,2.5161349844477,
"271410045",Elk River W-1 P-1A,"0045",Elk River,"045","18674",Sherburne,"71","141","6","30",30B,13078.9230332249,6638679.28327521,"27710045",,,,,2.56319407127256,
"271410130",Elk River W-1 P-1B,"0130",Elk River,"045","18674",Sherburne,"71","141","6","30",30B,16466.3854149395,7042155.06057111,"27710130",,,,,2.71897606888651,
"271410140",Elk River W-3 P-3B,"0140",Elk River,"045","18674",Sherburne,"71","141","6","30",30B,9072.80449512261,3404702.9547135,"27710140",,,,,1.31455581081488,
"271410025",Big Lake Twp P-1,"0025",Big Lake Twp,"020","05770",Sherburne,"71","141","6","27",27A,32125.0928058511,31665266.4290055,"27710025",,,,,12.225959368239,
"271410020",Big Lake City P-1,"0020",Big Lake,"019","05752",Sherburne,"71","141","6","27",27A,24850.0302246532,8000395.81125334,"27710020",,,,,3.08895282272492,
"271410022",Big Lake City P-2,"0022",Big Lake,"019","05752",Sherburne,"71","141","6","27",27A,26013.7703459244,5255771.66342746,"27710022",,,,,2.02925343924934,
"271710156",Saint Michael City P-2,"0156",St. Michael,"137","57346",Wright,"86","171","6","30",30A,23387.9177015933,18222397.1937578,"27860156",,,,,7.0356675565099,
"271710143",Otsego City P-4B,"0143",Otsego,"125","49138",Wright,"86","171","6","30",30B,23925.5427849532,8324395.35423465,"27860143",,,,,3.21404904627,
"271710030",Buffalo P-3,"0030",Buffalo,"019","08452",Wright,"86","171","6","29",29B,23377.2179562166,9122901.872847,"27860030",,,,,3.52235241310623,
"271710025",Buffalo P-2,"0025",Buffalo,"019","08452",Wright,"86","171","6","29",29B,16238.9244797422,4308554.01396804,"27860025",,,,,1.66353270479306,
"270190118",Victoria P-4,"0118",Victoria,"095","67036",Carver,"10","019","6","48",48A,10056.6282006718,5466791.27187847,"27100118",,,,,2.11072811007228,
"270190116",Victoria P-2,"0116",Victoria,"095","67036",Carver,"10","019","6","48",48A,11878.120747093,5092961.96232431,"27100116",,,,,1.96639261365341,
"270190055",Chaska W-4,"0055",Chaska,"035","10972",Carver,"10","019","6","48",48B,18383.5024717813,12983602.988012,"27100055",,,,,5.01296911367144,
"270190050",Chaska W-3,"0050",Chaska,"035","10972",Carver,"10","019","6","48",48B,19459.360586172,7726453.59556096,"27100050",,,,,2.98318373324609,
"270190045",Chaska W-2 P-1,"0045",Chaska,"035","10972",Carver,"10","019","6","48",48B,13547.3520330785,8247176.18987529,"27100045",,,,,3.18423472691085,
"270190025",Chanhassen P-2,"0025",Chanhassen,"030","10918",Carver,"10","019","6","48",48B,16292.7558727299,8129770.22112742,"27100025",,,,,3.1389042823773,
"270190020",Chanhassen P-1,"0020",Chanhassen,"030","10918",Carver,"10","019","6","48",48B,14712.6333878467,5624795.99865528,"27100020",,,,,2.1717337350808,
"270190030",Chanhassen P-4,"0030",Chanhassen,"030","10918",Carver,"10","019","6","48",48B,12866.0333969038,5100588.14365953,"27100030",,,,,1.96933708226694,
"270850030",Glencoe City P-1,"0030",Glencoe,"030","23948",McLeod,"43","085","7","17",17A,18858.1707292699,3355007.55292054,"27430030",,,,,1.29536841618262,
"270850035",Glencoe City P-2,"0035",Glencoe,"030","23948",McLeod,"43","085","7","17",17A,8743.71094454795,1244702.1106241,"27430035",,,,,0.480579484911964,
"270850040",Glencoe City P-3,"0040",Glencoe,"030","23948",McLeod,"43","085","7","17",17A,8081.75625562606,1303581.52896238,"27430040",,,,,0.503312828332373,
"270850070",Hutchinson City P-1,"0070",Hutchinson,"055","30644",McLeod,"43","085","7","17",17A,26949.1037484792,8758702.75322879,"27430070",,,,,3.38173513302163,
"270850075",Hutchinson City P-2,"0075",Hutchinson,"055","30644",McLeod,"43","085","7","17",17A,12920.9066310372,6083250.21134388,"27430075",,,,,2.34874290659987,
"271270110",Redwood Falls W-1,"0110",Redwood Falls,"110","53656",Redwood,"64","127","7","15",15B,9607.36918572753,1941597.89590478,"27640110",,,,,0.749650947608836,
"271270120",Redwood Falls W-3,"0120",Redwood Falls,"110","53656",Redwood,"64","127","7","15",15B,16415.7874109115,3870064.45243463,"27640120",,,,,1.49423188508501,
"270830095",Marshall W-1,"0095",Marshall,"095","40688",Lyon,"42","083","7","15",15A,17423.1738587411,7128109.73900439,"27420095",,,,,2.75216317022959,
"270830105",Marshall W-2,"0105",Marshall,"095","40688",Lyon,"42","083","7","15",15A,17231.0399321822,5364903.44842778,"27420105",,,,,2.07138922143797,
"271170075",Pipestone P-1,"0075",Pipestone,"075","51388",Pipestone,"59","117","7","21",21A,18148.3923826803,4720819.74475705,"27590075",,,,,1.8227085034507,
"271330077",Luverne Twp P-2,"0077",Luverne Twp,"060","38582",Rock,"67","133","1","21",21A,28359.7123010055,26880262.5764177,"27670077",,,,,10.3784693807549,
"271330055",Luverne W-1 P-NE,"0055",Luverne,"055","38564",Rock,"67","133","1","21",21A,8969.42155543981,1999842.29840205,"27670055",,,,,0.77213911141303,
"271330070",Luverne W-2 P-SW,"0070",Luverne,"055","38564",Rock,"67","133","1","21",21A,6420.46676227931,902780.110203106,"27670070",,,,,0.348563400549419,
"271330060",Luverne W-1 P-NW,"0060",Luverne,"055","38564",Rock,"67","133","1","21",21A,7028.35246006036,1282261.90748912,"27670060",,,,,0.495081322481551,
"271050166",Worthington W-1 P-5,"0166",Worthington,"150","71734",Nobles,"53","105","1","21",21B,23555.8331014653,5989893.96905363,"27530166",,,,,2.31269806145161,
"271050165",Worthington W-1 P-4,"0165",Worthington,"150","71734",Nobles,"53","105","1","21",21B,3880.6518955072,492975.309088468,"27530165",,,,,0.190337766839057,
"271050160",Worthington W-1 P-3,"0160",Worthington,"150","71734",Nobles,"53","105","1","21",21B,2749.70691028989,424403.931060074,"27530160",,,,,0.163862357782295,
"271050155",Worthington W-1 P-2,"0155",Worthington,"150","71734",Nobles,"53","105","1","21",21B,13573.2916523297,3326370.97670471,"27530155",,,,,1.28431183410569,
"271050185",Worthington W-2 P-4,"0185",Worthington,"150","71734",Nobles,"53","105","1","21",21B,3694.33755333333,600163.204645889,"27530185",,,,,0.231723013313778,
"271050180",Worthington W-2 P-3,"0180",Worthington,"150","71734",Nobles,"53","105","1","21",21B,3734.83531808289,540769.193932079,"27530180",,,,,0.208790985777176,
"271050186",Worthington W-2 P-5,"0186",Worthington,"150","71734",Nobles,"53","105","1","21",21B,15791.6006162454,4355815.53774435,"27530186",,,,,1.68178037912309,
"271050150",Worthington W-1 P-1,"0150",Worthington,"150","71734",Nobles,"53","105","1","21",21B,11921.4174798352,3412760.01224777,"27530150",,,,,1.31766664072887,
"271050175",Worthington W-2 P-2,"0175",Worthington,"150","71734",Nobles,"53","105","1","21",21B,5681.97161443466,1311554.99993501,"27530175",,,,,0.506391385474907,
"270330145",Windom W-2 P-2,"0145",Windom,"125","70798",Cottonwood,"17","033","7","21",21B,13637.0074260797,3742557.09372115,"27170145",,,,,1.44500129388574,
"270330130",Windom W-1 P-1,"0130",Windom,"125","70798",Cottonwood,"17","033","7","21",21B,6264.80513945981,1219736.71627858,"27170130",,,,,0.47094034615516,
"270630070",Jackson W-2,"0070",Jackson,"060","31562",Jackson,"32","063","1","21",21B,16403.0759608928,5643028.65959987,"27320070",,,,,2.17877336547151,
"270630090",Lakefield P-1,"0090",Lakefield,"075","34316",Jackson,"32","063","1","21",21B,5256.57404316,1234684.31437615,"27320090",,,,,0.476711613780631,
"270910085",Fairmont W-4 P-2,"0085",Fairmont,"035","20330",Martin,"46","091","1","22",22A,19776.6444125405,8445452.12962823,"27460085",,,,,3.26078906724946,
"270910070",Fairmont W-3 P-2,"0070",Fairmont,"035","20330",Martin,"46","091","1","22",22A,12062.037122644,5543231.95792005,"27460070",,,,,2.14024185895293,
"270910065",Fairmont W-3 P-1,"0065",Fairmont,"035","20330",Martin,"46","091","1","22",22A,3867.50980027924,706768.176539897,"27460065",,,,,0.272883192962054,
"270910080",Fairmont W-4 P-1,"0080",Fairmont,"035","20330",Martin,"46","091","1","22",22A,18933.3944462125,7488586.78855454,"27460080",,,,,2.89134335906091,
"270910050",Fairmont W-2 P-1,"0050",Fairmont,"035","20330",Martin,"46","091","1","22",22A,7611.87514296437,2218724.1381314,"27460050",,,,,0.856649389732535,
"270910055",Fairmont W-2 P-2,"0055",Fairmont,"035","20330",Martin,"46","091","1","22",22A,7539.97920023057,2652141.60246451,"27460055",,,,,1.02399187271155,
"270910035",Fairmont W-1 P-1,"0035",Fairmont,"035","20330",Martin,"46","091","1","22",22A,13823.8880136362,5555513.7120502,"27460035",,,,,2.14498384422258,
"271650095",Saint James City W-1,"0095",St. James,"090","57040",Watonwan,"83","165","1","21",21B,12153.1391981244,2216742.42417053,"27830095",,,,,0.855884249972242,
"270150145",Springfield,"0145",Springfield,"105","61816",Brown,"8","015","7","15",15B,17047.3950499875,4828364.24802389,"27080145",,,,,1.86423143616202,
"270150140",Sleepy Eye W-2,"0140",Sleepy Eye,"100","60844",Brown,"8","015","1","15",15B,13205.1187905232,2785244.86402598,"27080140",,,,,1.07538304200043,
"270150115",New Ulm W-4 P-2,"0115",New Ulm,"080","46042",Brown,"8","015","1","15",15B,15420.8287623627,5430328.0236238,"27080115",,,,,2.09664964992115,
"270150080",New Ulm W-1 P-1,"0080",New Ulm,"080","46042",Brown,"8","015","1","15",15B,18939.590724273,4154746.14189575,"27080080",,,,,1.60414748538595,
"270150085",New Ulm W-1 P-2,"0085",New Ulm,"080","46042",Brown,"8","015","1","15",15B,5817.80352406437,1043951.46415378,"27080085",,,,,0.403069660309776,
"270150110",New Ulm W-4 P-1,"0110",New Ulm,"080","46042",Brown,"8","015","1","15",15B,7914.4350970219,1626456.99402266,"27080110",,,,,0.627975045392147,
"270150100",New Ulm W-3 P-1,"0100",New Ulm,"080","46042",Brown,"8","015","1","15",15B,21784.6837157874,5672277.49229623,"27080100",,,,,2.19006633977557,
"270150105",New Ulm W-3 P-2,"0105",New Ulm,"080","46042",Brown,"8","015","1","15",15B,4928.68220981207,1337775.40324056,"27080105",,,,,0.516515083191179,
"270150090",New Ulm W-2 P-1,"0090",New Ulm,"080","46042",Brown,"8","015","1","15",15B,5021.02873029614,1179613.86986415,"27080090",,,,,0.455448915154548,
"271030130",Saint Peter W-2 P-1,"0130",St. Peter,"080","58036",Nicollet,"52","103","1","18",18A,19581.9297882788,8426099.69214047,"27520130",,,,,3.25331709113544,
"271030070",North Mankato P-1,"0070",North Mankato,"065","47068",Nicollet,"52","103","1","18",18A,5407.62941361244,1569472.99637088,"27520070",,,,,0.605973523898796,
"271030075",North Mankato P-2,"0075",North Mankato,"065","47068",Nicollet,"52","103","1","18",18A,7157.92613647971,1409090.59738019,"27520075",,,,,0.544049879648491,
"271030095",North Mankato P-6,"0095",North Mankato,"065","47068",Nicollet,"52","103","1","18",18A,10163.1669653719,3918304.59573064,"27520095",,,,,1.5128574044116,
"271030100",North Mankato P-7,"0100",North Mankato,"065","47068",Nicollet,"52","103","1","18",18A,17030.2917169768,3217158.68968491,"27520100",,,,,1.24214497008734,
"271030080",North Mankato P-3,"0080",North Mankato,"065","47068",Nicollet,"52","103","1","18",18A,9023.21895853296,2826776.94710619,"27520080",,,,,1.0914185792777,
"271030085",North Mankato P-4,"0085",North Mankato,"065","47068",Nicollet,"52","103","1","18",18A,9775.07688347064,2456772.8132707,"27520085",,,,,0.948559983203818,
"270130213",North Mankato,"0213",North Mankato,"127","47068",Blue Earth,"7","013","1","18",18A,406.699828822007,3151.58571395688,"27070213",,,,,0.00121682724415875,
"270130115",Mankato W-2 P-5,"0115",Mankato,"100","39878",Blue Earth,"7","013","1","18",18A,42626.436516514,11705126.9913293,"27070115",,,,,4.51934953135225,
"270130175",Mankato W-4 P-17,"0175",Mankato,"100","39878",Blue Earth,"7","013","1","18",18A,10270.2126282675,2917870.70867198,"27070175",,,,,1.12658988061825,
"270130170",Mankato W-4 P-16,"0170",Mankato,"100","39878",Blue Earth,"7","013","1","18",18B,8972.00811108883,2191094.84220806,"27070170",,,,,0.845981718576533,
"270130130",Mankato W-5 P-8,"0130",Mankato,"100","39878",Blue Earth,"7","013","1","18",18B,5431.19529260314,1570045.55059714,"27070130",,,,,0.606194587085556,
"270130105",Mankato W-1 P-2,"0105",Mankato,"100","39878",Blue Earth,"7","013","1","18",18B,15612.4406277916,4173772.22449193,"27070105",,,,,1.61149345587634,
"270130120",Mankato W-2 P-6,"0120",Mankato,"100","39878",Blue Earth,"7","013","1","18",18B,12411.5126121702,3353396.05433303,"27070120",,,,,1.29474621657798,
"270130150",Mankato W-3 P-12,"0150",Mankato,"100","39878",Blue Earth,"7","013","1","18",18B,7532.90724455147,1942470.49217999,"27070150",,,,,0.749987857030693,
"270130140",Mankato W-5 P-10,"0140",Mankato,"100","39878",Blue Earth,"7","013","1","18",18B,13693.53889861,3590348.60936994,"27070140",,,,,1.38623359807773,
"270130180",Mankato Twp P-1,"0180",Mankato Twp,"105","39896",Blue Earth,"7","013","1","18",18A,31177.2031023857,9759094.31161539,"27070180",,,,,3.7679863137147,
"270430015",Blue Earth W-2,"0015",Blue Earth,"010","06688",Faribault,"22","043","1","22",22A,6226.35065730686,1822822.59057498,"27220015",,,,,0.703791802221,
"270430010",Blue Earth W-1,"0010",Blue Earth,"010","06688",Faribault,"22","043","1","22",22A,9799.65217644434,2341847.01133966,"27220010",,,,,0.904187131078242,
"270470050",Albert Lea W-6 P-1,"0050",Albert Lea,"005","00694",Freeborn,"24","047","1","23",23A,28429.4812502647,6353305.9760434,"27240050",,,,,2.45301143735036,
"270470005",Albert Lea W-1 P-1,"0005",Albert Lea,"005","00694",Freeborn,"24","047","1","23",23A,18486.1721632064,8130632.57583944,"27240005",,,,,3.13923723753161,
"270470035",Albert Lea W-4 P-1,"0035",Albert Lea,"005","00694",Freeborn,"24","047","1","23",23A,15944.4687657647,4672571.68423806,"27240035",,,,,1.80407992728432,
"270470015",Albert Lea W-2 P-1,"0015",Albert Lea,"005","00694",Freeborn,"24","047","1","23",23A,11693.980467893,3787487.92685047,"27240015",,,,,1.46234908855696,
"270470025",Albert Lea W-3 P-1,"0025",Albert Lea,"005","00694",Freeborn,"24","047","1","23",23A,19801.8565106413,7550263.06374882,"27240025",,,,,2.91515656891342,
"270990055",Austin W-3 P-2,"0055",Austin,"015","02908",Mower,"50","099","1","23",23B,16954.5187456654,7891924.59231079,"27500055",,,,,3.0470720850912,
"270990035",Austin W-2 P-2,"0035",Austin,"015","02908",Mower,"50","099","1","23",23B,18487.8242083911,7035294.61755926,"27500035",,,,,2.71632725183963,
"270990030",Austin W-2 P-1,"0030",Austin,"015","02908",Mower,"50","099","1","23",23B,12172.2167971721,3029733.34251672,"27500030",,,,,1.16978004354571,
"270990020",Austin W-1 P-2,"0020",Austin,"015","02908",Mower,"50","099","1","23",23B,9815.49514639466,2816967.68560644,"27500020",,,,,1.08763122341265,
"270990015",Austin W-1 P-1,"0015",Austin,"015","02908",Mower,"50","099","1","23",23B,17335.0705376377,6216699.44888384,"27500015",,,,,2.40026765721405,
"270550020",Caledonia P-1,"0020",Caledonia,"014","09226",Houston,"28","055","1","26",26B,8768.69435173609,3653587.15470622,"27280020",,,,,1.41065000043207,
"270550070",La Crescent P-1,"0070",La Crescent,"054","33866",Houston,"28","055","1","26",26B,8961.4011718478,3278251.38626775,"27280070",,,,,1.26573286023798,
"271690035",Goodview P-1,"0035",Goodview,"035","24524",Winona,"85","169","1","26",26A,6859.52045492854,1832503.72939522,"27850035",,,,,0.707529689919496,
"271690042",Goodview P-2B,"0042",Goodview,"035","24524",Winona,"85","169","1","26",26A,6627.16492319645,465923.054417075,"27850042",,,,,0.179892891310433,
"271690040",Goodview P-2A,"0040",Goodview,"035","24524",Winona,"85","169","1","26",26A,21679.762007116,4112965.5068512,"27850040",,,,,1.58801598219525,
"271690220",Winona W-4 P-2,"0220",Winona,"145","71032",Winona,"85","169","1","26",26A,6356.13129193035,2007501.21691516,"27850220",,,,,0.775096219850941,
"271690215",Winona W-4 P-1,"0215",Winona,"145","71032",Winona,"85","169","1","26",26A,4717.22379383205,828748.926236126,"27850215",,,,,0.319979960419768,
"271690205",Winona W-3 P-3,"0205",Winona,"145","71032",Winona,"85","169","1","26",26A,3431.27070405889,692052.034841462,"27850205",,,,,0.267201290652288,
"271690200",Winona W-3 P-2,"0200",Winona,"145","71032",Winona,"85","169","1","26",26A,3445.94399409628,612445.101204675,"27850200",,,,,0.236465053575125,
"271690195",Winona W-3 P-1,"0195",Winona,"145","71032",Winona,"85","169","1","26",26A,3221.00306232665,525332.978532179,"27850195",,,,,0.202831063011274,
"271690190",Winona W-2 P-4,"0190",Winona,"145","71032",Winona,"85","169","1","26",26A,3636.27441826437,437223.21878979,"27850190",,,,,0.168811884774738,
"271690210",Winona W-3 P-4,"0210",Winona,"145","71032",Winona,"85","169","1","26",26A,5376.88865438989,1492284.42262655,"27850210",,,,,0.57617101557611,
"271690185",Winona W-2 P-3,"0185",Winona,"145","71032",Winona,"85","169","1","26",26A,4653.84127247644,616507.405162054,"27850185",,,,,0.238033509133069,
"271690180",Winona W-2 P-2,"0180",Winona,"145","71032",Winona,"85","169","1","26",26A,3349.62148250719,623219.975831789,"27850180",,,,,0.240625232668654,
"271690175",Winona W-2 P-1,"0175",Winona,"145","71032",Winona,"85","169","1","26",26A,3908.05423924064,696717.893004705,"27850175",,,,,0.269002778489117,
"271690155",Winona W-1 P-1,"0155",Winona,"145","71032",Winona,"85","169","1","26",26A,28503.1468888877,22084626.7289296,"27850155",,,,,8.52687438003971,
"271690165",Winona W-1 P-3,"0165",Winona,"145","71032",Winona,"85","169","1","26",26A,6395.84436996419,1128725.63301593,"27850165",,,,,0.43580096690745,
"271690160",Winona W-1 P-2,"0160",Winona,"145","71032",Winona,"85","169","1","26",26A,13261.9115678011,7175917.62909574,"27850160",,,,,2.77062179659386,
"271690170",Winona W-1 P-4,"0170",Winona,"145","71032",Winona,"85","169","1","26",26A,16175.9803070931,9272673.57613498,"27850170",,,,,3.58017926774572,
"271690225",Winona W-4 P-3,"0225",Winona,"145","71032",Winona,"85","169","1","26",26A,33005.3294881013,7327152.56048631,"27850225",,,,,2.82901360360376,
"271570120",Plainview P-1,"0120",Plainview,"109","51424",Wabasha,"79","157","1","20",20B,8871.12650564241,2746301.16075967,"27790120",,,,,1.06034687816931,
"271570140",Wabasha W-1,"0140",Wabasha,"120","67378",Wabasha,"79","157","1","20",20A,9127.87692893333,2326169.78540412,"27790140",,,,,0.898134154144531,
"271570145",Wabasha W-2,"0145",Wabasha,"120","67378",Wabasha,"79","157","1","20",20A,15242.8509143802,7599879.53944581,"27790145",,,,,2.93431349018003,
"271570070",Lake City P-2,"0070",Lake City,"067","34172",Wabasha,"79","157","1","20",20A,10118.5871919741,1480486.03724983,"27790070",,,,,0.571615658982157,
"271570065",Lake City P-1,"0065",Lake City,"067","34172",Wabasha,"79","157","1","20",20A,5389.53994925447,1171377.55824983,"27790065",,,,,0.452268875240259,
"271090066",Marion Twp P-2,"0066",Marion Twp,"065","40616",Olmsted,"55","109","1","24",24B,5461.13993169188,103644.104779114,"27550066",,,,,0.0400169888552161,
"271090012",Cascade Twp P-3,"0012",Cascade Twp,"010","10180",Olmsted,"55","109","1","24",24B,14612.7100456396,3953938.60054983,"27550012",,,,,1.52661569367229,
"271090245",Rochester W-3 P-3,"0245",Rochester,"095","54880",Olmsted,"55","109","1","25",25A,9370.20164077841,2361662.7803009,"27550245",,,,,0.911837999474176,
"271090240",Rochester W-3 P-2,"0240",Rochester,"095","54880",Olmsted,"55","109","1","25",25A,4260.88327240376,900938.055889854,"27550240",,,,,0.347852183379073,
"271090275",Rochester W-3 P-9,"0275",Rochester,"095","54880",Olmsted,"55","109","1","25",25A,15467.7059484541,5418369.63541233,"27550275",,,,,2.0920325162327,
"271090170",Rochester W-2 P-1,"0170",Rochester,"095","54880",Olmsted,"55","109","1","24",24B,10643.845808194,1656349.50518671,"27550170",,,,,0.639516543952588,
"271090185",Rochester W-2 P-4,"0185",Rochester,"095","54880",Olmsted,"55","109","1","24",24B,3809.81303225666,829033.077843891,"27550185",,,,,0.320089671355526,
"271090210",Rochester W-2 P-9,"0210",Rochester,"095","54880",Olmsted,"55","109","1","24",24B,5754.25754483969,843824.018562723,"27550210",,,,,0.325800453567067,
"271090215",Rochester W-2 P-10,"0215",Rochester,"095","54880",Olmsted,"55","109","1","24",24B,12048.7643129773,3292363.56731213,"27550215",,,,,1.27118157333921,
"271090130",Rochester W-1 P-7,"0130",Rochester,"095","54880",Olmsted,"55","109","1","24",24B,10388.6951438582,3687404.31436779,"27550130",,,,,1.4237068057774,
"271090160",Rochester W-1 P-13,"0160",Rochester,"095","54880",Olmsted,"55","109","1","24",24A,15742.9355951463,6647905.28039228,"27550160",,,,,2.56675622875946,
"271090165",Rochester W-1 P-14,"0165",Rochester,"095","54880",Olmsted,"55","109","1","24",24A,20922.977574259,11582823.7372987,"27550165",,,,,4.47212824497104,
"271090255",Rochester W-3 P-5,"0255",Rochester,"095","54880",Olmsted,"55","109","1","25",25A,10879.3983588672,1903880.37929867,"27550255",,,,,0.735088214447217,
"271090140",Rochester W-1 P-9,"0140",Rochester,"095","54880",Olmsted,"55","109","1","24",24B,5128.25371815386,1131093.79183366,"27550140",,,,,0.436715313026977,
"271090360",Rochester W-4 P-13,"0360",Rochester,"095","54880",Olmsted,"55","109","1","24",24B,15419.6468109442,4139001.6824307,"27550360",,,,,1.59806854958649,
"271090355",Rochester W-4 P-12,"0355",Rochester,"095","54880",Olmsted,"55","109","1","24",24B,10634.9129000158,3549190.19906135,"27550355",,,,,1.37034233585759,
"271090430",Rochester W-5 P-14,"0430",Rochester,"095","54880",Olmsted,"55","109","1","24",24B,6218.54370438771,1863345.52153901,"27550430",,,,,0.719437705866211,
"271090425",Rochester W-5 P-13,"0425",Rochester,"095","54880",Olmsted,"55","109","1","25",25B,10653.1239388807,3331908.74404879,"27550425",,,,,1.28644996607724,
"271090370",Rochester W-5 P-2,"0370",Rochester,"095","54880",Olmsted,"55","109","1","25",25A,15302.6298476221,4012070.8449296,"27550370",,,,,1.54906055322732,
"271090380",Rochester W-5 P-4,"0380",Rochester,"095","54880",Olmsted,"55","109","1","25",25B,6023.96728093039,1401265.2117111,"27550380",,,,,0.541028498241655,
"271090400",Rochester W-5 P-8,"0400",Rochester,"095","54880",Olmsted,"55","109","1","25",25B,5426.5091881126,984602.695120957,"27550400",,,,,0.380155100586201,
"271090470",Rochester W-6 P-8,"0470",Rochester,"095","54880",Olmsted,"55","109","1","25",25B,7002.26501130255,949858.583074538,"27550470",,,,,0.366740398925079,
"271090490",Rochester W-6 P-12,"0490",Rochester,"095","54880",Olmsted,"55","109","1","25",25B,4401.23963541014,1038482.16985375,"27550490",,,,,0.400957965780533,
"271090465",Rochester W-6 P-7,"0465",Rochester,"095","54880",Olmsted,"55","109","1","25",25B,6646.86541257049,1265665.97537077,"27550465",,,,,0.488673633090655,
"271090375",Rochester W-5 P-3,"0375",Rochester,"095","54880",Olmsted,"55","109","1","25",25B,6111.00309500946,1426930.05572442,"27550375",,,,,0.5509376945152,
"271090440",Rochester W-6 P-2,"0440",Rochester,"095","54880",Olmsted,"55","109","1","25",25A,7983.82073621483,1803433.68154333,"27550440",,,,,0.696305744443878,
"271090435",Rochester W-6 P-1,"0435",Rochester,"095","54880",Olmsted,"55","109","1","25",25A,5832.33121531094,1293486.29480069,"27550435",,,,,0.499415058422547,
"271090455",Rochester W-6 P-5,"0455",Rochester,"095","54880",Olmsted,"55","109","1","25",25B,3186.29319220191,517414.309315245,"27550455",,,,,0.199773664826616,
"271090460",Rochester W-6 P-6,"0460",Rochester,"095","54880",Olmsted,"55","109","1","25",25A,4360.64439264208,695875.839766591,"27550460",,,,,0.268677661733881,
"271090295",Rochester W-3 P-13,"0295",Rochester,"095","54880",Olmsted,"55","109","1","25",25A,9693.21410505835,4465285.5219492,"27550295",,,,,1.72404674002459,
"271090190",Rochester W-2 P-5,"0190",Rochester,"095","54880",Olmsted,"55","109","1","24",24B,7412.91017597822,1684185.02715718,"27550190",,,,,0.650263838985387,
"271090285",Rochester W-3 P-11,"0285",Rochester,"095","54880",Olmsted,"55","109","1","25",25A,6467.0347459802,2576818.62920593,"27550285",,,,,0.99490967273641,
"271090280",Rochester W-3 P-10,"0280",Rochester,"095","54880",Olmsted,"55","109","1","25",25A,7860.680570617,2931948.4353193,"27550280",,,,,1.13202529087678,
"271090135",Rochester W-1 P-8,"0135",Rochester,"095","54880",Olmsted,"55","109","1","24",24B,6492.59399239121,1920760.46763361,"27550135",,,,,0.741605616553337,
"271090340",Rochester W-4 P-9,"0340",Rochester,"095","54880",Olmsted,"55","109","1","24",24B,6202.74561884271,1345200.53067209,"27550340",,,,,0.519381924892493,
"271090115",Rochester W-1 P-4,"0115",Rochester,"095","54880",Olmsted,"55","109","1","24",24B,6306.23710274235,1601432.56417231,"27550115",,,,,0.618313113026929,
"271090110",Rochester W-1 P-3,"0110",Rochester,"095","54880",Olmsted,"55","109","1","25",25B,4501.89685980014,1113541.93652484,"27550110",,,,,0.429938541692242,
"271090335",Rochester W-4 P-8,"0335",Rochester,"095","54880",Olmsted,"55","109","1","24",24B,3431.17940234987,673795.658239393,"27550335",,,,,0.260152503646229,
"271090325",Rochester W-4 P-6,"0325",Rochester,"095","54880",Olmsted,"55","109","1","25",25B,9275.97152095818,2341971.78220417,"27550325",,,,,0.90423530510903,
"271090300",Rochester W-4 P-1,"0300",Rochester,"095","54880",Olmsted,"55","109","1","25",25B,3881.65998612021,651751.664191908,"27550300",,,,,0.251641317544496,
"271090315",Rochester W-4 P-4,"0315",Rochester,"095","54880",Olmsted,"55","109","1","25",25B,3795.22957957526,714760.696289662,"27550315",,,,,0.275969104837438,
"271090320",Rochester W-4 P-5,"0320",Rochester,"095","54880",Olmsted,"55","109","1","25",25B,4128.72159302614,779248.192138891,"27550320",,,,,0.300867726984826,
"271090105",Rochester W-1 P-2,"0105",Rochester,"095","54880",Olmsted,"55","109","1","24",24B,4921.52088622397,1468944.39930806,"27550105",,,,,0.567159432572841,
"271090230",Rochester W-2 P-13,"0230",Rochester,"095","54880",Olmsted,"55","109","1","25",25B,5803.39062391962,1912543.59140667,"27550230",,,,,0.738433080642115,
"271090200",Rochester W-2 P-7,"0200",Rochester,"095","54880",Olmsted,"55","109","1","25",25B,3228.10916702005,624947.735766186,"27550200",,,,,0.241292320779324,
"271090410",Rochester W-5 P-10,"0410",Rochester,"095","54880",Olmsted,"55","109","1","25",25B,8911.72607248047,1772297.89361279,"27550410",,,,,0.6842842167239,
"271090175",Rochester W-2 P-2,"0175",Rochester,"095","54880",Olmsted,"55","109","1","24",24B,7286.17863135988,2741129.06514466,"27550175",,,,,1.05834993205235,
"270390032",Dodge Center P-2,"0032",Dodge Center,"030","15994",Dodge,"20","039","1","24",24A,12004.5298611831,2497236.56328855,"27200032",,,,,0.964183037085708,
"270390052",Kasson P-3,"0052",Kasson,"050","32498",Dodge,"20","039","1","24",24A,18165.8192093486,3756392.96589943,"27200052",,,,,1.45034332413377,
"270390050",Kasson P-1,"0050",Kasson,"050","32498",Dodge,"20","039","1","24",24A,17698.8441914332,2062952.7460379,"27200050",,,,,0.796506055245234,
"271470130",Owatonna W-5 P-1,"0130",Owatonna,"070","49300",Steele,"74","147","1","19",19B,8872.40193408137,2400874.02213875,"27740130",,,,,0.92697745994777,
"271470085",Owatonna W-2 P-1,"0085",Owatonna,"070","49300",Steele,"74","147","1","19",19B,7432.22724586497,2177380.14675306,"27740085",,,,,0.840686474661357,
"271470090",Owatonna W-2 P-2,"0090",Owatonna,"070","49300",Steele,"74","147","1","19",19B,11838.8273370744,4089127.33827998,"27740090",,,,,1.5788120653099,
"271470135",Owatonna W-5 P-2,"0135",Owatonna,"070","49300",Steele,"74","147","1","19",19B,6854.28657065491,1721577.51931949,"27740135",,,,,0.664701080209254,
"271470070",Owatonna W-1 P-1,"0070",Owatonna,"070","49300",Steele,"74","147","1","19",19B,10080.6031853768,2137171.6685785,"27740070",,,,,0.825161981238157,
"271470075",Owatonna W-1 P-2,"0075",Owatonna,"070","49300",Steele,"74","147","1","19",19B,6688.83666882522,2285309.87810774,"27740075",,,,,0.882358143937397,
"271470120",Owatonna W-4 P-2,"0120",Owatonna,"070","49300",Steele,"74","147","1","19",19B,12784.4120298779,3417301.71666412,"27740120",,,,,1.31942019280402,
"271470115",Owatonna W-4 P-1,"0115",Owatonna,"070","49300",Steele,"74","147","1","19",19B,7043.3851449031,1794037.08109604,"27740115",,,,,0.692677717011183,
"271470100",Owatonna W-3 P-1,"0100",Owatonna,"070","49300",Steele,"74","147","1","19",19B,25257.3027199417,4526661.76765892,"27740100",,,,,1.74774410849311,
"271610100",Waseca W-3 P-A,"0100",Waseca,"070","68296",Waseca,"81","161","1","19",19B,15648.8566494281,2673130.69351888,"27810100",,,,,1.03209576076764,
"271610095",Waseca W-2 P-B,"0095",Waseca,"070","68296",Waseca,"81","161","1","19",19B,3803.64076906849,703269.263856379,"27810095",,,,,0.271532262774948,
"271610080",Waseca W-1 P-A,"0080",Waseca,"070","68296",Waseca,"81","161","1","19",19B,9250.75746252023,2379899.4598873,"27810080",,,,,0.918879181462486,
"271610085",Waseca W-1 P-B,"0085",Waseca,"070","68296",Waseca,"81","161","1","19",19B,7548.72471196935,1608036.81969682,"27810085",,,,,0.620863016084944,
"271610105",Waseca W-3 P-B,"0105",Waseca,"070","68296",Waseca,"81","161","1","19",19B,7024.05537006938,1707526.07024462,"27810105",,,,,0.659275815721449,
"270790045",Kasota Twp P-1,"0045",Kasota Twp,"040","32480",Le Sueur,"40","079","2","18",18A,33743.4054386678,23848821.0589596,"27400045",62,Matt Little,1.61,"[{""name"": ""Abdi Abdulle"", ""votes"": 1, ""votes_pct"": 1.61, ""party"": ""DFL""}, {""name"": ""Matthew D. Klein"", ""votes"": 20, ""votes_pct"": 32.26, ""party"": ""DFL""}, {""name"": ""Hugh McTavish"", ""votes"": 3, ""votes_pct"": 4.84, ""party"": ""DFL""}, {""name"": ""Matt Little"", ""votes"": 21, ""votes_pct"": 33.87, ""party"": ""DFL""}, {""name"": ""Kaela Berg"", ""votes"": 14, ""votes_pct"": 22.58, ""party"": ""DFL""}, {""name"": ""Christopher Mosel"", ""votes"": 3, ""votes_pct"": 4.84, ""party"": ""DFL""}]",9.20802981086429,6.73325361380216
"270790075",Le Sueur,"0075",Le Sueur,"070","36746",Le Sueur,"40","079","2","22",22B,41993.0378706002,12334645.2486386,"27400075",269,Matt Little,0.74,"[{""name"": ""Abdi Abdulle"", ""votes"": 9, ""votes_pct"": 3.35, ""party"": ""DFL""}, {""name"": ""Matthew D. Klein"", ""votes"": 96, ""votes_pct"": 35.69, ""party"": ""DFL""}, {""name"": ""Hugh McTavish"", ""votes"": 13, ""votes_pct"": 4.83, ""party"": ""DFL""}, {""name"": ""Matt Little"", ""votes"": 98, ""votes_pct"": 36.43, ""party"": ""DFL""}, {""name"": ""Kaela Berg"", ""votes"": 49, ""votes_pct"": 18.22, ""party"": ""DFL""}, {""name"": ""Christopher Mosel"", ""votes"": 4, ""votes_pct"": 1.49, ""party"": ""DFL""}]",4.76240653049935,56.4840481964892
"271310035",Faribault P-3,"0035",Faribault,"030","20546",Rice,"66","131","1","19",19A,18404.0709316666,7041753.03692982,"27660035",,,,,2.7188208475586,
"271310030",Faribault P-2,"0030",Faribault,"030","20546",Rice,"66","131","1","19",19A,17273.7492529865,11261830.0323123,"27660030",,,,,4.34819257547577,
"271310080",Northfield W-1 P-1,"0080",Northfield,"060","46924",Rice,"66","131","2","58",58A,8292.50471530209,2598916.67786613,"27660080",392,Matt Little,24.49,"[{""name"": ""Abdi Abdulle"", ""votes"": 5, ""votes_pct"": 1.28, ""party"": ""DFL""}, {""name"": ""Matthew D. Klein"", ""votes"": 101, ""votes_pct"": 25.77, ""party"": ""DFL""}, {""name"": ""Hugh McTavish"", ""votes"": 2, ""votes_pct"": 0.51, ""party"": ""DFL""}, {""name"": ""Matt Little"", ""votes"": 197, ""votes_pct"": 50.26, ""party"": ""DFL""}, {""name"": ""Kaela Berg"", ""votes"": 87, ""votes_pct"": 22.19, ""party"": ""DFL""}, {""name"": ""Christopher Mosel"", ""votes"": 0, ""votes_pct"": 0.00, ""party"": ""DFL""}]",1.00344172932411,390.655469614603
"271310105",Northfield W-3 P-1,"0105",Northfield,"060","46924",Rice,"66","131","2","58",58A,12771.9930865533,2136523.8057752,"27660105",657,Matt Little,26.18,"[{""name"": ""Abdi Abdulle"", ""votes"": 9, ""votes_pct"": 1.37, ""party"": ""DFL""}, {""name"": ""Matthew D. Klein"", ""votes"": 140, ""votes_pct"": 21.31, ""party"": ""DFL""}, {""name"": ""Hugh McTavish"", ""votes"": 14, ""votes_pct"": 2.13, ""party"": ""DFL""}, {""name"": ""Matt Little"", ""votes"": 332, ""votes_pct"": 50.53, ""party"": ""DFL""}, {""name"": ""Kaela Berg"", ""votes"": 160, ""votes_pct"": 24.35, ""party"": ""DFL""}, {""name"": ""Christopher Mosel"", ""votes"": 2, ""votes_pct"": 0.30, ""party"": ""DFL""}]",0.824911841409806,796.4487439981
"271310114",Northfield W-4 P-2,"0114",Northfield,"060","46924",Rice,"66","131","2","58",58A,5650.72723846721,1303949.08108791,"27660114",34,Matt Little,2.94,"[{""name"": ""Abdi Abdulle"", ""votes"": 2, ""votes_pct"": 5.88, ""party"": ""DFL""}, {""name"": ""Matthew D. Klein"", ""votes"": 4, ""votes_pct"": 11.76, ""party"": ""DFL""}, {""name"": ""Hugh McTavish"", ""votes"": 0, ""votes_pct"": 0.00, ""party"": ""DFL""}, {""name"": ""Matt Little"", ""votes"": 14, ""votes_pct"": 41.18, ""party"": ""DFL""}, {""name"": ""Kaela Berg"", ""votes"": 13, ""votes_pct"": 38.24, ""party"": ""DFL""}, {""name"": ""Christopher Mosel"", ""votes"": 1, ""votes_pct"": 2.94, ""party"": ""DFL""}]",0.503454740208041,67.5333794373459
"271310085",Northfield W-1 P-2,"0085",Northfield,"060","46924",Rice,"66","131","2","58",58A,10369.1344499372,2649015.13912464,"27660085",788,Matt Little,23.48,"[{""name"": ""Abdi Abdulle"", ""votes"": 14, ""votes_pct"": 1.78, ""party"": ""DFL""}, {""name"": ""Matthew D. Klein"", ""votes"": 221, ""votes_pct"": 28.05, ""party"": ""DFL""}, {""name"": ""Hugh McTavish"", ""votes"": 11, ""votes_pct"": 1.40, ""party"": ""DFL""}, {""name"": ""Matt Little"", ""votes"": 406, ""votes_pct"": 51.52, ""party"": ""DFL""}, {""name"": ""Kaela Berg"", ""votes"": 134, ""votes_pct"": 17.01, ""party"": ""DFL""}, {""name"": ""Christopher Mosel"", ""votes"": 2, ""votes_pct"": 0.25, ""party"": ""DFL""}]",1.02278474521602,770.445593450423
"271310090",Northfield W-2 P-1,"0090",Northfield,"060","46924",Rice,"66","131","2","58",58A,9166.85252930516,2654645.33905942,"27660090",555,Matt Little,23.24,"[{""name"": ""Abdi Abdulle"", ""votes"": 7, ""votes_pct"": 1.26, ""party"": ""DFL""}, {""name"": ""Matthew D. Klein"", ""votes"": 138, ""votes_pct"": 24.86, ""party"": ""DFL""}, {""name"": ""Hugh McTavish"", ""votes"": 19, ""votes_pct"": 3.42, ""party"": ""DFL""}, {""name"": ""Matt Little"", ""votes"": 267, ""votes_pct"": 48.11, ""party"": ""DFL""}, {""name"": ""Kaela Berg"", ""votes"": 122, ""votes_pct"": 21.98, ""party"": ""DFL""}, {""name"": ""Christopher Mosel"", ""votes"": 2, ""votes_pct"": 0.36, ""party"": ""DFL""}]",1.02495856541084,541.485303630333
"271310113",Northfield W-4 P-1,"0113",Northfield,"060","46924",Rice,"66","131","2","58",58A,12879.8988404699,3436502.60430911,"27660113",622,Matt Little,26.69,"[{""name"": ""Abdi Abdulle"", ""votes"": 9, ""votes_pct"": 1.45, ""party"": ""DFL""}, {""name"": ""Matthew D. Klein"", ""votes"": 116, ""votes_pct"": 18.65, ""party"": ""DFL""}, {""name"": ""Hugh McTavish"", ""votes"": 7, ""votes_pct"": 1.13, ""party"": ""DFL""}, {""name"": ""Matt Little"", ""votes"": 327, ""votes_pct"": 52.57, ""party"": ""DFL""}, {""name"": ""Kaela Berg"", ""votes"": 161, ""votes_pct"": 25.88, ""party"": ""DFL""}, {""name"": ""Christopher Mosel"", ""votes"": 2, ""votes_pct"": 0.32, ""party"": ""DFL""}]",1.32683365552375,468.785214642807
"270490210",Zumbrota P-1,"0210",Zumbrota,"160","72328",Goodhue,"25","049","1","20",20B,12077.0607504609,2768953.59374482,"27250210",,,,,1.06909298254488,
"270490020",Cannon Falls P-1,"0020",Cannon Falls,"025","09730",Goodhue,"25","049","1","20",20A,23469.9633271698,5884272.58601526,"27250020",,,,,2.27191764546049,
"270490155",Red Wing W-4 P-1,"0155",Red Wing,"110","53620",Goodhue,"25","049","1","20",20A,10636.4456362971,5148600.16774229,"27250155",,,,,1.9878745247653,
"270490130",Red Wing W-2 P-2,"0130",Red Wing,"110","53620",Goodhue,"25","049","1","20",20A,7608.65461720879,2339148.09474019,"27250130",,,,,0.903145079379188,
"270490160",Red Wing W-4 P-2,"0160",Red Wing,"110","53620",Goodhue,"25","049","1","20",20A,19619.288666757,6562174.67384351,"27250160",,,,,2.53365564157098,
"270490145",Red Wing W-3 P-2,"0145",Red Wing,"110","53620",Goodhue,"25","049","1","20",20A,9813.13184567214,2584995.39194422,"27250145",,,,,0.998066720829662,
"270490140",Red Wing W-3 P-1,"0140",Red Wing,"110","53620",Goodhue,"25","049","1","20",20A,7211.9470485111,2098306.94769101,"27250140",,,,,0.810156312503499,
"270490125",Red Wing W-2 P-1,"0125",Red Wing,"110","53620",Goodhue,"25","049","1","20",20A,7397.91161753831,1985235.66258611,"27250125",,,,,0.766499489324497,
"270490110",Red Wing W-1 P-1,"0110",Red Wing,"110","53620",Goodhue,"25","049","1","20",20A,36474.1395124076,33299968.3058021,"27250110",,,,,12.8571177628702,
"270372630",Hastings W-2 P-2,"2630",Hastings,"060","27530",Dakota,"19","037","2","41",41B,7833.27532086739,2366850.48325449,"27192630",272,Matthew D. Klein,10.66,"[{""name"": ""Abdi Abdulle"", ""votes"": 6, ""votes_pct"": 2.21, ""party"": ""DFL""}, {""name"": ""Matthew D. Klein"", ""votes"": 122, ""votes_pct"": 44.85, ""party"": ""DFL""}, {""name"": ""Hugh McTavish"", ""votes"": 5, ""votes_pct"": 1.84, ""party"": ""DFL""}, {""name"": ""Matt Little"", ""votes"": 93, ""votes_pct"": 34.19, ""party"": ""DFL""}, {""name"": ""Kaela Berg"", ""votes"": 44, ""votes_pct"": 16.18, ""party"": ""DFL""}, {""name"": ""Christopher Mosel"", ""votes"": 2, ""votes_pct"": 0.74, ""party"": ""DFL""}]",0.913840971584559,297.644785534582
"270372650",Hastings W-3 P-1,"2650",Hastings,"060","27530",Dakota,"19","037","2","41",41B,7184.95437407827,1792986.10346753,"27192650",316,Matthew D. Klein,5.38,"[{""name"": ""Abdi Abdulle"", ""votes"": 9, ""votes_pct"": 2.85, ""party"": ""DFL""}, {""name"": ""Matthew D. Klein"", ""votes"": 138, ""votes_pct"": 43.67, ""party"": ""DFL""}, {""name"": ""Hugh McTavish"", ""votes"": 7, ""votes_pct"": 2.22, ""party"": ""DFL""}, {""name"": ""Matt Little"", ""votes"": 121, ""votes_pct"": 38.29, ""party"": ""DFL""}, {""name"": ""Kaela Berg"", ""votes"": 37, ""votes_pct"": 11.71, ""party"": ""DFL""}, {""name"": ""Christopher Mosel"", ""votes"": 4, ""votes_pct"": 1.27, ""party"": ""DFL""}]",0.692271934548815,456.468021061624
"270372670",Hastings W-4 P-1,"2670",Hastings,"060","27530",Dakota,"19","037","2","41",41B,12311.1791320965,2754182.43881923,"27192670",400,Matt Little,2.5,"[{""name"": ""Abdi Abdulle"", ""votes"": 2, ""votes_pct"": 0.50, ""party"": ""DFL""}, {""name"": ""Matthew D. Klein"", ""votes"": 162, ""votes_pct"": 40.50, ""party"": ""DFL""}, {""name"": ""Hugh McTavish"", ""votes"": 7, ""votes_pct"": 1.75, ""party"": ""DFL""}, {""name"": ""Matt Little"", ""votes"": 172, ""votes_pct"": 43.00, ""party"": ""DFL""}, {""name"": ""Kaela Berg"", ""votes"": 55, ""votes_pct"": 13.75, ""party"": ""DFL""}, {""name"": ""Christopher Mosel"", ""votes"": 2, ""votes_pct"": 0.50, ""party"": ""DFL""}]",1.0633898396281,376.155559413555
"270372660",Hastings W-3 P-2,"2660",Hastings,"060","27530",Dakota,"19","037","2","41",41B,7195.26948236871,2345669.63864339,"27192660",332,Matt Little,1.51,"[{""name"": ""Abdi Abdulle"", ""votes"": 9, ""votes_pct"": 2.71, ""party"": ""DFL""}, {""name"": ""Matthew D. Klein"", ""votes"": 124, ""votes_pct"": 37.35, ""party"": ""DFL""}, {""name"": ""Hugh McTavish"", ""votes"": 7, ""votes_pct"": 2.11, ""party"": ""DFL""}, {""name"": ""Matt Little"", ""votes"": 129, ""votes_pct"": 38.86, ""party"": ""DFL""}, {""name"": ""Kaela Berg"", ""votes"": 63, ""votes_pct"": 18.98, ""party"": ""DFL""}, {""name"": ""Christopher Mosel"", ""votes"": 0, ""votes_pct"": 0.00, ""party"": ""DFL""}]",0.905663047480215,366.58225255376
"270372640",Hastings W-2 P-3,"2640",Hastings,"060","27530",Dakota,"19","037","2","41",41B,11960.1472330112,4133289.35503497,"27192640",301,Matt Little,20.27,"[{""name"": ""Abdi Abdulle"", ""votes"": 11, ""votes_pct"": 3.65, ""party"": ""DFL""}, {""name"": ""Matthew D. Klein"", ""votes"": 87, ""votes_pct"": 28.90, ""party"": ""DFL""}, {""name"": ""Hugh McTavish"", ""votes"": 16, ""votes_pct"": 5.32, ""party"": ""DFL""}, {""name"": ""Matt Little"", ""votes"": 148, ""votes_pct"": 49.17, ""party"": ""DFL""}, {""name"": ""Kaela Berg"", ""votes"": 39, ""votes_pct"": 12.96, ""party"": ""DFL""}, {""name"": ""Christopher Mosel"", ""votes"": 0, ""votes_pct"": 0.00, ""party"": ""DFL""}]",1.595863019979,188.612679303742
"270372680",Hastings W-4 P-2,"2680",Hastings,"060","27530",Dakota,"19","037","2","41",41B,8843.55866349054,2543601.03338052,"27192680",313,Matt Little,8.63,"[{""name"": ""Abdi Abdulle"", ""votes"": 5, ""votes_pct"": 1.60, ""party"": ""DFL""}, {""name"": ""Matthew D. Klein"", ""votes"": 110, ""votes_pct"": 35.14, ""party"": ""DFL""}, {""name"": ""Hugh McTavish"", ""votes"": 8, ""votes_pct"": 2.56, ""party"": ""DFL""}, {""name"": ""Matt Little"", ""votes"": 137, ""votes_pct"": 43.77, ""party"": ""DFL""}, {""name"": ""Kaela Berg"", ""votes"": 53, ""votes_pct"": 16.93, ""party"": ""DFL""}, {""name"": ""Christopher Mosel"", ""votes"": 0, ""votes_pct"": 0.00, ""party"": ""DFL""}]",0.982084358988217,318.709892012195
"270372620",Hastings W-1 P-2,"2620",Hastings,"060","27530",Dakota,"19","037","2","41",41B,12176.9777894993,2831481.49576736,"27192620",230,Matt Little,9.57,"[{""name"": ""Abdi Abdulle"", ""votes"": 5, ""votes_pct"": 2.17, ""party"": ""DFL""}, {""name"": ""Matthew D. Klein"", ""votes"": 73, ""votes_pct"": 31.74, ""party"": ""DFL""}, {""name"": ""Hugh McTavish"", ""votes"": 5, ""votes_pct"": 2.17, ""party"": ""DFL""}, {""name"": ""Matt Little"", ""votes"": 95, ""votes_pct"": 41.30, ""party"": ""DFL""}, {""name"": ""Kaela Berg"", ""votes"": 52, ""votes_pct"": 22.61, ""party"": ""DFL""}, {""name"": ""Christopher Mosel"", ""votes"": 0, ""votes_pct"": 0.00, ""party"": ""DFL""}]",1.09323500551578,210.384774398518
"270374280",Rosemount P-8,"4280",Rosemount,"145","55726",Dakota,"19","037","2","56",56B,16622.4706322169,11184220.6154289,"27194280",588,Matt Little,32.14,"[{""name"": ""Abdi Abdulle"", ""votes"": 10, ""votes_pct"": 1.70, ""party"": ""DFL""}, {""name"": ""Matthew D. Klein"", ""votes"": 148, ""votes_pct"": 25.17, ""party"": ""DFL""}, {""name"": ""Hugh McTavish"", ""votes"": 15, ""votes_pct"": 2.55, ""party"": ""DFL""}, {""name"": ""Matt Little"", ""votes"": 337, ""votes_pct"": 57.31, ""party"": ""DFL""}, {""name"": ""Kaela Berg"", ""votes"": 78, ""votes_pct"": 13.27, ""party"": ""DFL""}, {""name"": ""Christopher Mosel"", ""votes"": 0, ""votes_pct"": 0.00, ""party"": ""DFL""}]",4.31822757961709,136.16697803874
"270374260",Rosemount P-6,"4260",Rosemount,"145","55726",Dakota,"19","037","2","58",58B,41753.4713422886,47249035.0157023,"27194260",357,Matt Little,31.93,"[{""name"": ""Abdi Abdulle"", ""votes"": 14, ""votes_pct"": 3.92, ""party"": ""DFL""}, {""name"": ""Matthew D. Klein"", ""votes"": 85, ""votes_pct"": 23.81, ""party"": ""DFL""}, {""name"": ""Hugh McTavish"", ""votes"": 11, ""votes_pct"": 3.08, ""party"": ""DFL""}, {""name"": ""Matt Little"", ""votes"": 199, ""votes_pct"": 55.74, ""party"": ""DFL""}, {""name"": ""Kaela Berg"", ""votes"": 45, ""votes_pct"": 12.61, ""party"": ""DFL""}, {""name"": ""Christopher Mosel"", ""votes"": 3, ""votes_pct"": 0.84, ""party"": ""DFL""}]",18.2428524195626,19.5693081207614
"270374250",Rosemount P-5,"4250",Rosemount,"145","55726",Dakota,"19","037","2","56",56B,6448.71565873739,2002995.68495631,"27194250",423,Matt Little,32.86,"[{""name"": ""Abdi Abdulle"", ""votes"": 8, ""votes_pct"": 1.89, ""party"": ""DFL""}, {""name"": ""Matthew D. Klein"", ""votes"": 105, ""votes_pct"": 24.82, ""party"": ""DFL""}, {""name"": ""Hugh McTavish"", ""votes"": 10, ""votes_pct"": 2.36, ""party"": ""DFL""}, {""name"": ""Matt Little"", ""votes"": 244, ""votes_pct"": 57.68, ""party"": ""DFL""}, {""name"": ""Kaela Berg"", ""votes"": 53, ""votes_pct"": 12.53, ""party"": ""DFL""}, {""name"": ""Christopher Mosel"", ""votes"": 3, ""votes_pct"": 0.71, ""party"": ""DFL""}]",0.773356633961629,546.966278459554
"270374240",Rosemount P-4,"4240",Rosemount,"145","55726",Dakota,"19","037","2","56",56B,7676.51447654709,2258277.29536984,"27194240",474,Matt Little,21.94,"[{""name"": ""Abdi Abdulle"", ""votes"": 12, ""votes_pct"": 2.53, ""party"": ""DFL""}, {""name"": ""Matthew D. Klein"", ""votes"": 130, ""votes_pct"": 27.43, ""party"": ""DFL""}, {""name"": ""Hugh McTavish"", ""votes"": 10, ""votes_pct"": 2.11, ""party"": ""DFL""}, {""name"": ""Matt Little"", ""votes"": 234, ""votes_pct"": 49.37, ""party"": ""DFL""}, {""name"": ""Kaela Berg"", ""votes"": 85, ""votes_pct"": 17.93, ""party"": ""DFL""}, {""name"": ""Christopher Mosel"", ""votes"": 3, ""votes_pct"": 0.63, ""party"": ""DFL""}]",0.871920863742294,543.627317237928
"270374230",Rosemount P-3,"4230",Rosemount,"145","55726",Dakota,"19","037","2","56",56B,9387.85440791662,2945287.11566953,"27194230",492,Matt Little,26.83,"[{""name"": ""Abdi Abdulle"", ""votes"": 7, ""votes_pct"": 1.42, ""party"": ""DFL""}, {""name"": ""Matthew D. Klein"", ""votes"": 147, ""votes_pct"": 29.88, ""party"": ""DFL""}, {""name"": ""Hugh McTavish"", ""votes"": 7, ""votes_pct"": 1.42, ""party"": ""DFL""}, {""name"": ""Matt Little"", ""votes"": 279, ""votes_pct"": 56.71, ""party"": ""DFL""}, {""name"": ""Kaela Berg"", ""votes"": 51, ""votes_pct"": 10.37, ""party"": ""DFL""}, {""name"": ""Christopher Mosel"", ""votes"": 1, ""votes_pct"": 0.20, ""party"": ""DFL""}]",1.13717535536,432.650951923104
"270371130",Apple Valley P-13,"1130",Apple Valley,"002","01900",Dakota,"19","037","2","56",56B,6353.46871182913,1593796.82154244,"27191130",410,Matt Little,34.39,"[{""name"": ""Abdi Abdulle"", ""votes"": 12, ""votes_pct"": 2.93, ""party"": ""DFL""}, {""name"": ""Matthew D. Klein"", ""votes"": 101, ""votes_pct"": 24.63, ""party"": ""DFL""}, {""name"": ""Hugh McTavish"", ""votes"": 8, ""votes_pct"": 1.95, ""party"": ""DFL""}, {""name"": ""Matt Little"", ""votes"": 242, ""votes_pct"": 59.02, ""party"": ""DFL""}, {""name"": ""Kaela Berg"", ""votes"": 47, ""votes_pct"": 11.46, ""party"": ""DFL""}, {""name"": ""Christopher Mosel"", ""votes"": 0, ""votes_pct"": 0.00, ""party"": ""DFL""}]",0.615364952797537,666.271288502995
"270371150",Apple Valley P-15,"1150",Apple Valley,"002","01900",Dakota,"19","037","2","56",56A,10160.9462350197,3493203.43299617,"27191150",457,Matt Little,28.01,"[{""name"": ""Abdi Abdulle"", ""votes"": 9, ""votes_pct"": 1.97, ""party"": ""DFL""}, {""name"": ""Matthew D. Klein"", ""votes"": 117, ""votes_pct"": 25.60, ""party"": ""DFL""}, {""name"": ""Hugh McTavish"", ""votes"": 7, ""votes_pct"": 1.53, ""party"": ""DFL""}, {""name"": ""Matt Little"", ""votes"": 245, ""votes_pct"": 53.61, ""party"": ""DFL""}, {""name"": ""Kaela Berg"", ""votes"": 75, ""votes_pct"": 16.41, ""party"": ""DFL""}, {""name"": ""Christopher Mosel"", ""votes"": 4, ""votes_pct"": 0.88, ""party"": ""DFL""}]",1.34872584547982,338.838320279551
"270371140",Apple Valley P-14,"1140",Apple Valley,"002","01900",Dakota,"19","037","2","56",56A,4683.85552307396,1054912.08084117,"27191140",530,Matt Little,40.94,"[{""name"": ""Abdi Abdulle"", ""votes"": 25, ""votes_pct"": 4.72, ""party"": ""DFL""}, {""name"": ""Matthew D. Klein"", ""votes"": 95, ""votes_pct"": 17.92, ""party"": ""DFL""}, {""name"": ""Hugh McTavish"", ""votes"": 14, ""votes_pct"": 2.64, ""party"": ""DFL""}, {""name"": ""Matt Little"", ""votes"": 312, ""votes_pct"": 58.87, ""party"": ""DFL""}, {""name"": ""Kaela Berg"", ""votes"": 83, ""votes_pct"": 15.66, ""party"": ""DFL""}, {""name"": ""Christopher Mosel"", ""votes"": 1, ""votes_pct"": 0.19, ""party"": ""DFL""}]",0.407301554412774,1301.24718223609
"270371120",Apple Valley P-12,"1120",Apple Valley,"002","01900",Dakota,"19","037","2","56",56A,9149.73079705557,4314346.82034976,"27191120",473,Matt Little,20.08,"[{""name"": ""Abdi Abdulle"", ""votes"": 25, ""votes_pct"": 5.29, ""party"": ""DFL""}, {""name"": ""Matthew D. Klein"", ""votes"": 135, ""votes_pct"": 28.54, ""party"": ""DFL""}, {""name"": ""Hugh McTavish"", ""votes"": 13, ""votes_pct"": 2.75, ""party"": ""DFL""}, {""name"": ""Matt Little"", ""votes"": 230, ""votes_pct"": 48.63, ""party"": ""DFL""}, {""name"": ""Kaela Berg"", ""votes"": 70, ""votes_pct"": 14.80, ""party"": ""DFL""}, {""name"": ""Christopher Mosel"", ""votes"": 0, ""votes_pct"": 0.00, ""party"": ""DFL""}]",1.66576930733704,283.952884662135
"270371080",Apple Valley P-8,"1080",Apple Valley,"002","01900",Dakota,"19","037","2","56",56A,7404.0620041669,2399110.87276768,"27191080",577,Matt Little,11.44,"[{""name"": ""Abdi Abdulle"", ""votes"": 9, ""votes_pct"": 1.56, ""party"": ""DFL""}, {""name"": ""Matthew D. Klein"", ""votes"": 196, ""votes_pct"": 33.97, ""party"": ""DFL""}, {""name"": ""Hugh McTavish"", ""votes"": 18, ""votes_pct"": 3.12, ""party"": ""DFL""}, {""name"": ""Matt Little"", ""votes"": 262, ""votes_pct"": 45.41, ""party"": ""DFL""}, {""name"": ""Kaela Berg"", ""votes"": 92, ""votes_pct"": 15.94, ""party"": ""DFL""}, {""name"": ""Christopher Mosel"", ""votes"": 0, ""votes_pct"": 0.00, ""party"": ""DFL""}]",0.926296707975602,622.910558821934
"270371060",Apple Valley P-6,"1060",Apple Valley,"002","01900",Dakota,"19","037","2","56",56A,8064.88810494872,2600536.89704994,"27191060",496,Matt Little,25.4,"[{""name"": ""Abdi Abdulle"", ""votes"": 4, ""votes_pct"": 0.81, ""party"": ""DFL""}, {""name"": ""Matthew D. Klein"", ""votes"": 119, ""votes_pct"": 23.99, ""party"": ""DFL""}, {""name"": ""Hugh McTavish"", ""votes"": 11, ""votes_pct"": 2.22, ""party"": ""DFL""}, {""name"": ""Matt Little"", ""votes"": 245, ""votes_pct"": 49.40, ""party"": ""DFL""}, {""name"": ""Kaela Berg"", ""votes"": 110, ""votes_pct"": 22.18, ""party"": ""DFL""}, {""name"": ""Christopher Mosel"", ""votes"": 7, ""votes_pct"": 1.41, ""party"": ""DFL""}]",1.00406729595098,493.990793246804
"270371010",Apple Valley P-1,"1010",Apple Valley,"002","01900",Dakota,"19","037","2","56",56A,7015.68275988288,2118808.3880178,"27191010",411,Matt Little,33.82,"[{""name"": ""Abdi Abdulle"", ""votes"": 8, ""votes_pct"": 1.95, ""party"": ""DFL""}, {""name"": ""Matthew D. Klein"", ""votes"": 95, ""votes_pct"": 23.11, ""party"": ""DFL""}, {""name"": ""Hugh McTavish"", ""votes"": 9, ""votes_pct"": 2.19, ""party"": ""DFL""}, {""name"": ""Matt Little"", ""votes"": 234, ""votes_pct"": 56.93, ""party"": ""DFL""}, {""name"": ""Kaela Berg"", ""votes"": 61, ""votes_pct"": 14.84, ""party"": ""DFL""}, {""name"": ""Christopher Mosel"", ""votes"": 4, ""votes_pct"": 0.97, ""party"": ""DFL""}]",0.818071918613672,502.400816662296
"270371040",Apple Valley P-4,"1040",Apple Valley,"002","01900",Dakota,"19","037","2","56",56A,6716.04541989798,2215694.13770895,"27191040",446,Matt Little,24.22,"[{""name"": ""Abdi Abdulle"", ""votes"": 15, ""votes_pct"": 3.36, ""party"": ""DFL""}, {""name"": ""Matthew D. Klein"", ""votes"": 113, ""votes_pct"": 25.34, ""party"": ""DFL""}, {""name"": ""Hugh McTavish"", ""votes"": 14, ""votes_pct"": 3.14, ""party"": ""DFL""}, {""name"": ""Matt Little"", ""votes"": 221, ""votes_pct"": 49.55, ""party"": ""DFL""}, {""name"": ""Kaela Berg"", ""votes"": 81, ""votes_pct"": 18.16, ""party"": ""DFL""}, {""name"": ""Christopher Mosel"", ""votes"": 2, ""votes_pct"": 0.45, ""party"": ""DFL""}]",0.855479506569428,521.34504283862
"270371030",Apple Valley P-3,"1030",Apple Valley,"002","01900",Dakota,"19","037","2","56",56A,6923.1041738176,2143447.23970227,"27191030",324,Matt Little,30.86,"[{""name"": ""Abdi Abdulle"", ""votes"": 12, ""votes_pct"": 3.70, ""party"": ""DFL""}, {""name"": ""Matthew D. Klein"", ""votes"": 70, ""votes_pct"": 21.60, ""party"": ""DFL""}, {""name"": ""Hugh McTavish"", ""votes"": 13, ""votes_pct"": 4.01, ""party"": ""DFL""}, {""name"": ""Matt Little"", ""votes"": 170, ""votes_pct"": 52.47, ""party"": ""DFL""}, {""name"": ""Kaela Berg"", ""votes"": 58, ""votes_pct"": 17.90, ""party"": ""DFL""}, {""name"": ""Christopher Mosel"", ""votes"": 1, ""votes_pct"": 0.31, ""party"": ""DFL""}]",0.827584979249048,391.500580754859
"270371050",Apple Valley P-5,"1050",Apple Valley,"002","01900",Dakota,"19","037","2","56",56A,10561.4657497539,3914735.98910089,"27191050",617,Matt Little,32.25,"[{""name"": ""Abdi Abdulle"", ""votes"": 8, ""votes_pct"": 1.30, ""party"": ""DFL""}, {""name"": ""Matthew D. Klein"", ""votes"": 151, ""votes_pct"": 24.47, ""party"": ""DFL""}, {""name"": ""Hugh McTavish"", ""votes"": 7, ""votes_pct"": 1.13, ""party"": ""DFL""}, {""name"": ""Matt Little"", ""votes"": 350, ""votes_pct"": 56.73, ""party"": ""DFL""}, {""name"": ""Kaela Berg"", ""votes"": 99, ""votes_pct"": 16.05, ""party"": ""DFL""}, {""name"": ""Christopher Mosel"", ""votes"": 2, ""votes_pct"": 0.32, ""party"": ""DFL""}]",1.51147956539185,408.209289842461
"270371070",Apple Valley P-7,"1070",Apple Valley,"002","01900",Dakota,"19","037","2","56",56A,9058.39399301129,4745235.09381802,"27191070",572,Matt Little,18.18,"[{""name"": ""Abdi Abdulle"", ""votes"": 22, ""votes_pct"": 3.85, ""party"": ""DFL""}, {""name"": ""Matthew D. Klein"", ""votes"": 170, ""votes_pct"": 29.72, ""party"": ""DFL""}, {""name"": ""Hugh McTavish"", ""votes"": 11, ""votes_pct"": 1.92, ""party"": ""DFL""}, {""name"": ""Matt Little"", ""votes"": 274, ""votes_pct"": 47.90, ""party"": ""DFL""}, {""name"": ""Kaela Berg"", ""votes"": 95, ""votes_pct"": 16.61, ""party"": ""DFL""}, {""name"": ""Christopher Mosel"", ""votes"": 0, ""votes_pct"": 0.00, ""party"": ""DFL""}]",1.83213526972314,312.204021969643
"270371090",Apple Valley P-9,"1090",Apple Valley,"002","01900",Dakota,"19","037","2","56",56B,9487.54993355247,3902346.59322816,"27191090",673,Matt Little,19.32,"[{""name"": ""Abdi Abdulle"", ""votes"": 10, ""votes_pct"": 1.49, ""party"": ""DFL""}, {""name"": ""Matthew D. Klein"", ""votes"": 205, ""votes_pct"": 30.46, ""party"": ""DFL""}, {""name"": ""Hugh McTavish"", ""votes"": 26, ""votes_pct"": 3.86, ""party"": ""DFL""}, {""name"": ""Matt Little"", ""votes"": 335, ""votes_pct"": 49.78, ""party"": ""DFL""}, {""name"": ""Kaela Berg"", ""votes"": 97, ""votes_pct"": 14.41, ""party"": ""DFL""}, {""name"": ""Christopher Mosel"", ""votes"": 0, ""votes_pct"": 0.00, ""party"": ""DFL""}]",1.50669601964539,446.672713822124
"270371020",Apple Valley P-2,"1020",Apple Valley,"002","01900",Dakota,"19","037","2","56",56A,7021.7546933593,1822778.94399406,"27191020",375,Matt Little,31.2,"[{""name"": ""Abdi Abdulle"", ""votes"": 15, ""votes_pct"": 4.00, ""party"": ""DFL""}, {""name"": ""Matthew D. Klein"", ""votes"": 85, ""votes_pct"": 22.67, ""party"": ""DFL""}, {""name"": ""Hugh McTavish"", ""votes"": 8, ""votes_pct"": 2.13, ""party"": ""DFL""}, {""name"": ""Matt Little"", ""votes"": 202, ""votes_pct"": 53.87, ""party"": ""DFL""}, {""name"": ""Kaela Berg"", ""votes"": 59, ""votes_pct"": 15.73, ""party"": ""DFL""}, {""name"": ""Christopher Mosel"", ""votes"": 6, ""votes_pct"": 1.60, ""party"": ""DFL""}]",0.703774950276107,532.840789307546
"270372230",Farmington P-3,"2230",Farmington,"040","20618",Dakota,"19","037","2","58",58B,9638.86122024692,5157628.34665024,"27192230",283,Matt Little,38.16,"[{""name"": ""Abdi Abdulle"", ""votes"": 4, ""votes_pct"": 1.41, ""party"": ""DFL""}, {""name"": ""Matthew D. Klein"", ""votes"": 65, ""votes_pct"": 22.97, ""party"": ""DFL""}, {""name"": ""Hugh McTavish"", ""votes"": 5, ""votes_pct"": 1.77, ""party"": ""DFL""}, {""name"": ""Matt Little"", ""votes"": 173, ""votes_pct"": 61.13, ""party"": ""DFL""}, {""name"": ""Kaela Berg"", ""votes"": 36, ""votes_pct"": 12.72, ""party"": ""DFL""}, {""name"": ""Christopher Mosel"", ""votes"": 0, ""votes_pct"": 0.00, ""party"": ""DFL""}]",1.99136030464166,142.113910446219
"270372250",Farmington P-5,"2250",Farmington,"040","20618",Dakota,"19","037","2","58",58B,11555.7365621339,6680131.66418293,"27192250",373,Matt Little,47.45,"[{""name"": ""Abdi Abdulle"", ""votes"": 4, ""votes_pct"": 1.07, ""party"": ""DFL""}, {""name"": ""Matthew D. Klein"", ""votes"": 67, ""votes_pct"": 17.96, ""party"": ""DFL""}, {""name"": ""Hugh McTavish"", ""votes"": 11, ""votes_pct"": 2.95, ""party"": ""DFL""}, {""name"": ""Matt Little"", ""votes"": 244, ""votes_pct"": 65.42, ""party"": ""DFL""}, {""name"": ""Kaela Berg"", ""votes"": 45, ""votes_pct"": 12.06, ""party"": ""DFL""}, {""name"": ""Christopher Mosel"", ""votes"": 2, ""votes_pct"": 0.54, ""party"": ""DFL""}]",2.57919883554103,144.618551644839
"270372240",Farmington P-4,"2240",Farmington,"040","20618",Dakota,"19","037","2","58",58B,11714.5871465025,5703715.45912561,"27192240",388,Matt Little,40.46,"[{""name"": ""Abdi Abdulle"", ""votes"": 5, ""votes_pct"": 1.29, ""party"": ""DFL""}, {""name"": ""Matthew D. Klein"", ""votes"": 94, ""votes_pct"": 24.23, ""party"": ""DFL""}, {""name"": ""Hugh McTavish"", ""votes"": 5, ""votes_pct"": 1.29, ""party"": ""DFL""}, {""name"": ""Matt Little"", ""votes"": 251, ""votes_pct"": 64.69, ""party"": ""DFL""}, {""name"": ""Kaela Berg"", ""votes"": 32, ""votes_pct"": 8.25, ""party"": ""DFL""}, {""name"": ""Christopher Mosel"", ""votes"": 1, ""votes_pct"": 0.26, ""party"": ""DFL""}]",2.2022045387684,176.187085790402
"270372220",Farmington P-2,"2220",Farmington,"040","20618",Dakota,"19","037","2","58",58B,20914.9340128236,6629863.97251797,"27192220",346,Matt Little,49.71,"[{""name"": ""Abdi Abdulle"", ""votes"": 12, ""votes_pct"": 3.47, ""party"": ""DFL""}, {""name"": ""Matthew D. Klein"", ""votes"": 59, ""votes_pct"": 17.05, ""party"": ""DFL""}, {""name"": ""Hugh McTavish"", ""votes"": 8, ""votes_pct"": 2.31, ""party"": ""DFL""}, {""name"": ""Matt Little"", ""votes"": 231, ""votes_pct"": 66.76, ""party"": ""DFL""}, {""name"": ""Kaela Berg"", ""votes"": 34, ""votes_pct"": 9.83, ""party"": ""DFL""}, {""name"": ""Christopher Mosel"", ""votes"": 2, ""votes_pct"": 0.58, ""party"": ""DFL""}]",2.55979047978919,135.167312610872
"270372210",Farmington P-1,"2210",Farmington,"040","20618",Dakota,"19","037","2","58",58B,9976.24236703268,2745532.34267597,"27192210",155,Matt Little,53.55,"[{""name"": ""Abdi Abdulle"", ""votes"": 2, ""votes_pct"": 1.29, ""party"": ""DFL""}, {""name"": ""Matthew D. Klein"", ""votes"": 24, ""votes_pct"": 15.48, ""party"": ""DFL""}, {""name"": ""Hugh McTavish"", ""votes"": 3, ""votes_pct"": 1.94, ""party"": ""DFL""}, {""name"": ""Matt Little"", ""votes"": 107, ""votes_pct"": 69.03, ""party"": ""DFL""}, {""name"": ""Kaela Berg"", ""votes"": 18, ""votes_pct"": 11.61, ""party"": ""DFL""}, {""name"": ""Christopher Mosel"", ""votes"": 1, ""votes_pct"": 0.65, ""party"": ""DFL""}]",1.06005003750719,146.219512773658
"270372910",Lakeville P-1,"2910",Lakeville,"080","35180",Dakota,"19","037","2","57",57A,16107.2910374001,10955548.1662965,"27192910",504,Matt Little,59.72,"[{""name"": ""Abdi Abdulle"", ""votes"": 11, ""votes_pct"": 2.18, ""party"": ""DFL""}, {""name"": ""Matthew D. Klein"", ""votes"": 63, ""votes_pct"": 12.50, ""party"": ""DFL""}, {""name"": ""Hugh McTavish"", ""votes"": 19, ""votes_pct"": 3.77, ""party"": ""DFL""}, {""name"": ""Matt Little"", ""votes"": 364, ""votes_pct"": 72.22, ""party"": ""DFL""}, {""name"": ""Kaela Berg"", ""votes"": 46, ""votes_pct"": 9.13, ""party"": ""DFL""}, {""name"": ""Christopher Mosel"", ""votes"": 1, ""votes_pct"": 0.20, ""party"": ""DFL""}]",4.22993714700708,119.150706614307
"270372930",Lakeville P-3,"2930",Lakeville,"080","35180",Dakota,"19","037","2","57",57A,11078.0658380415,3845458.88730657,"27192930",364,Matt Little,66.76,"[{""name"": ""Abdi Abdulle"", ""votes"": 5, ""votes_pct"": 1.37, ""party"": ""DFL""}, {""name"": ""Matthew D. Klein"", ""votes"": 36, ""votes_pct"": 9.89, ""party"": ""DFL""}, {""name"": ""Hugh McTavish"", ""votes"": 5, ""votes_pct"": 1.37, ""party"": ""DFL""}, {""name"": ""Matt Little"", ""votes"": 280, ""votes_pct"": 76.92, ""party"": ""DFL""}, {""name"": ""Kaela Berg"", ""votes"": 37, ""votes_pct"": 10.16, ""party"": ""DFL""}, {""name"": ""Christopher Mosel"", ""votes"": 1, ""votes_pct"": 0.27, ""party"": ""DFL""}]",1.48473167638907,245.162143293975
"270372940",Lakeville P-4,"2940",Lakeville,"080","35180",Dakota,"19","037","2","57",57A,16134.0490782972,11882949.4741528,"27192940",391,Matt Little,58.06,"[{""name"": ""Abdi Abdulle"", ""votes"": 2, ""votes_pct"": 0.51, ""party"": ""DFL""}, {""name"": ""Matthew D. Klein"", ""votes"": 67, ""votes_pct"": 17.14, ""party"": ""DFL""}, {""name"": ""Hugh McTavish"", ""votes"": 4, ""votes_pct"": 1.02, ""party"": ""DFL""}, {""name"": ""Matt Little"", ""votes"": 294, ""votes_pct"": 75.19, ""party"": ""DFL""}, {""name"": ""Kaela Berg"", ""votes"": 23, ""votes_pct"": 5.88, ""party"": ""DFL""}, {""name"": ""Christopher Mosel"", ""votes"": 1, ""votes_pct"": 0.26, ""party"": ""DFL""}]",4.58800679197042,85.2221929322988
"270373070",Lakeville P-17,"3070",Lakeville,"080","35180",Dakota,"19","037","2","57",57B,9654.81801660113,5161445.04524586,"27193070",639,Matt Little,43.19,"[{""name"": ""Abdi Abdulle"", ""votes"": 25, ""votes_pct"": 3.91, ""party"": ""DFL""}, {""name"": ""Matthew D. Klein"", ""votes"": 128, ""votes_pct"": 20.03, ""party"": ""DFL""}, {""name"": ""Hugh McTavish"", ""votes"": 10, ""votes_pct"": 1.56, ""party"": ""DFL""}, {""name"": ""Matt Little"", ""votes"": 404, ""votes_pct"": 63.22, ""party"": ""DFL""}, {""name"": ""Kaela Berg"", ""votes"": 71, ""votes_pct"": 11.11, ""party"": ""DFL""}, {""name"": ""Christopher Mosel"", ""votes"": 1, ""votes_pct"": 0.16, ""party"": ""DFL""}]",1.99283393196943,320.648895900977
"270373060",Lakeville P-16,"3060",Lakeville,"080","35180",Dakota,"19","037","2","57",57B,6464.84353790757,2608941.32129026,"27193060",441,Matt Little,57.82,"[{""name"": ""Abdi Abdulle"", ""votes"": 16, ""votes_pct"": 3.63, ""party"": ""DFL""}, {""name"": ""Matthew D. Klein"", ""votes"": 64, ""votes_pct"": 14.51, ""party"": ""DFL""}, {""name"": ""Hugh McTavish"", ""votes"": 6, ""votes_pct"": 1.36, ""party"": ""DFL""}, {""name"": ""Matt Little"", ""votes"": 319, ""votes_pct"": 72.34, ""party"": ""DFL""}, {""name"": ""Kaela Berg"", ""votes"": 36, ""votes_pct"": 8.16, ""party"": ""DFL""}, {""name"": ""Christopher Mosel"", ""votes"": 0, ""votes_pct"": 0.00, ""party"": ""DFL""}]",1.00731224415017,437.798708951517
"270373050",Lakeville P-15,"3050",Lakeville,"080","35180",Dakota,"19","037","2","57",57B,7671.83284838436,3007667.73060697,"27193050",400,Matt Little,60.25,"[{""name"": ""Abdi Abdulle"", ""votes"": 8, ""votes_pct"": 2.00, ""party"": ""DFL""}, {""name"": ""Matthew D. Klein"", ""votes"": 51, ""votes_pct"": 12.75, ""party"": ""DFL""}, {""name"": ""Hugh McTavish"", ""votes"": 11, ""votes_pct"": 2.75, ""party"": ""DFL""}, {""name"": ""Matt Little"", ""votes"": 292, ""votes_pct"": 73.00, ""party"": ""DFL""}, {""name"": ""Kaela Berg"", ""votes"": 37, ""votes_pct"": 9.25, ""party"": ""DFL""}, {""name"": ""Christopher Mosel"", ""votes"": 1, ""votes_pct"": 0.25, ""party"": ""DFL""}]",1.16126051078735,344.453286996554
"270373040",Lakeville P-14,"3040",Lakeville,"080","35180",Dakota,"19","037","2","57",57B,9002.33415412447,3384249.06830502,"27193040",421,Matt Little,50.12,"[{""name"": ""Abdi Abdulle"", ""votes"": 16, ""votes_pct"": 3.80, ""party"": ""DFL""}, {""name"": ""Matthew D. Klein"", ""votes"": 77, ""votes_pct"": 18.29, ""party"": ""DFL""}, {""name"": ""Hugh McTavish"", ""votes"": 6, ""votes_pct"": 1.43, ""party"": ""DFL""}, {""name"": ""Matt Little"", ""votes"": 288, ""votes_pct"": 68.41, ""party"": ""DFL""}, {""name"": ""Kaela Berg"", ""votes"": 34, ""votes_pct"": 8.08, ""party"": ""DFL""}, {""name"": ""Christopher Mosel"", ""votes"": 0, ""votes_pct"": 0.00, ""party"": ""DFL""}]",1.30665856527257,322.19587518043
"270373030",Lakeville P-13,"3030",Lakeville,"080","35180",Dakota,"19","037","2","57",57B,9635.88060511789,5134481.71137296,"27193030",738,Matt Little,51.36,"[{""name"": ""Abdi Abdulle"", ""votes"": 11, ""votes_pct"": 1.49, ""party"": ""DFL""}, {""name"": ""Matthew D. Klein"", ""votes"": 138, ""votes_pct"": 18.70, ""party"": ""DFL""}, {""name"": ""Hugh McTavish"", ""votes"": 13, ""votes_pct"": 1.76, ""party"": ""DFL""}, {""name"": ""Matt Little"", ""votes"": 517, ""votes_pct"": 70.05, ""party"": ""DFL""}, {""name"": ""Kaela Berg"", ""votes"": 58, ""votes_pct"": 7.86, ""party"": ""DFL""}, {""name"": ""Christopher Mosel"", ""votes"": 1, ""votes_pct"": 0.14, ""party"": ""DFL""}]",1.9824233887611,372.271636918695
"270373000",Lakeville P-10,"3000",Lakeville,"080","35180",Dakota,"19","037","2","57",57B,11207.4485975791,4980840.0643169,"27193000",489,Matt Little,61.15,"[{""name"": ""Abdi Abdulle"", ""votes"": 7, ""votes_pct"": 1.43, ""party"": ""DFL""}, {""name"": ""Matthew D. Klein"", ""votes"": 71, ""votes_pct"": 14.52, ""party"": ""DFL""}, {""name"": ""Hugh McTavish"", ""votes"": 5, ""votes_pct"": 1.02, ""party"": ""DFL""}, {""name"": ""Matt Little"", ""votes"": 370, ""votes_pct"": 75.66, ""party"": ""DFL""}, {""name"": ""Kaela Berg"", ""votes"": 35, ""votes_pct"": 7.16, ""party"": ""DFL""}, {""name"": ""Christopher Mosel"", ""votes"": 1, ""votes_pct"": 0.20, ""party"": ""DFL""}]",1.92310234883275,254.276638108629
"270372920",Lakeville P-2,"2920",Lakeville,"080","35180",Dakota,"19","037","2","57",57A,11963.0313448321,6752373.64450923,"27192920",463,Matt Little,59.4,"[{""name"": ""Abdi Abdulle"", ""votes"": 5, ""votes_pct"": 1.08, ""party"": ""DFL""}, {""name"": ""Matthew D. Klein"", ""votes"": 77, ""votes_pct"": 16.63, ""party"": ""DFL""}, {""name"": ""Hugh McTavish"", ""votes"": 1, ""votes_pct"": 0.22, ""party"": ""DFL""}, {""name"": ""Matt Little"", ""votes"": 352, ""votes_pct"": 76.03, ""party"": ""DFL""}, {""name"": ""Kaela Berg"", ""votes"": 26, ""votes_pct"": 5.62, ""party"": ""DFL""}, {""name"": ""Christopher Mosel"", ""votes"": 2, ""votes_pct"": 0.43, ""party"": ""DFL""}]",2.60709146414501,177.592541868047
"270373020",Lakeville P-12,"3020",Lakeville,"080","35180",Dakota,"19","037","2","57",57B,7566.58047565255,2792102.3633884,"27193020",408,Matt Little,56.37,"[{""name"": ""Abdi Abdulle"", ""votes"": 7, ""votes_pct"": 1.72, ""party"": ""DFL""}, {""name"": ""Matthew D. Klein"", ""votes"": 63, ""votes_pct"": 15.44, ""party"": ""DFL""}, {""name"": ""Hugh McTavish"", ""votes"": 8, ""votes_pct"": 1.96, ""party"": ""DFL""}, {""name"": ""Matt Little"", ""votes"": 293, ""votes_pct"": 71.81, ""party"": ""DFL""}, {""name"": ""Kaela Berg"", ""votes"": 37, ""votes_pct"": 9.07, ""party"": ""DFL""}, {""name"": ""Christopher Mosel"", ""votes"": 0, ""votes_pct"": 0.00, ""party"": ""DFL""}]",1.07803072250426,378.467878032472
"270373010",Lakeville P-11,"3010",Lakeville,"080","35180",Dakota,"19","037","2","57",57B,7648.12316865365,3719307.99693509,"27193010",513,Matt Little,60.04,"[{""name"": ""Abdi Abdulle"", ""votes"": 6, ""votes_pct"": 1.17, ""party"": ""DFL""}, {""name"": ""Matthew D. Klein"", ""votes"": 80, ""votes_pct"": 15.59, ""party"": ""DFL""}, {""name"": ""Hugh McTavish"", ""votes"": 5, ""votes_pct"": 0.97, ""party"": ""DFL""}, {""name"": ""Matt Little"", ""votes"": 388, ""votes_pct"": 75.63, ""party"": ""DFL""}, {""name"": ""Kaela Berg"", ""votes"": 34, ""votes_pct"": 6.63, ""party"": ""DFL""}, {""name"": ""Christopher Mosel"", ""votes"": 0, ""votes_pct"": 0.00, ""party"": ""DFL""}]",1.43602481761664,357.236165912106
"270372990",Lakeville P-9,"2990",Lakeville,"080","35180",Dakota,"19","037","2","57",57B,8324.9526076838,2870253.65805773,"27192990",408,Matt Little,56.13,"[{""name"": ""Abdi Abdulle"", ""votes"": 4, ""votes_pct"": 0.98, ""party"": ""DFL""}, {""name"": ""Matthew D. Klein"", ""votes"": 66, ""votes_pct"": 16.18, ""party"": ""DFL""}, {""name"": ""Hugh McTavish"", ""votes"": 4, ""votes_pct"": 0.98, ""party"": ""DFL""}, {""name"": ""Matt Little"", ""votes"": 295, ""votes_pct"": 72.30, ""party"": ""DFL""}, {""name"": ""Kaela Berg"", ""votes"": 38, ""votes_pct"": 9.31, ""party"": ""DFL""}, {""name"": ""Christopher Mosel"", ""votes"": 1, ""votes_pct"": 0.25, ""party"": ""DFL""}]",1.10820493737609,368.162950948429
"270372980",Lakeville P-8,"2980",Lakeville,"080","35180",Dakota,"19","037","2","57",57B,10944.8461139771,3618969.81220355,"27192980",596,Matt Little,41.28,"[{""name"": ""Abdi Abdulle"", ""votes"": 13, ""votes_pct"": 2.18, ""party"": ""DFL""}, {""name"": ""Matthew D. Klein"", ""votes"": 140, ""votes_pct"": 23.49, ""party"": ""DFL""}, {""name"": ""Hugh McTavish"", ""votes"": 10, ""votes_pct"": 1.68, ""party"": ""DFL""}, {""name"": ""Matt Little"", ""votes"": 386, ""votes_pct"": 64.77, ""party"": ""DFL""}, {""name"": ""Kaela Berg"", ""votes"": 47, ""votes_pct"": 7.89, ""party"": ""DFL""}, {""name"": ""Christopher Mosel"", ""votes"": 0, ""votes_pct"": 0.00, ""party"": ""DFL""}]",1.39728424449179,426.54170212645
"270372970",Lakeville P-7,"2970",Lakeville,"080","35180",Dakota,"19","037","2","57",57A,12944.8210712501,9580045.19693995,"27192970",613,Matt Little,42.9,"[{""name"": ""Abdi Abdulle"", ""votes"": 8, ""votes_pct"": 1.31, ""party"": ""DFL""}, {""name"": ""Matthew D. Klein"", ""votes"": 130, ""votes_pct"": 21.21, ""party"": ""DFL""}, {""name"": ""Hugh McTavish"", ""votes"": 17, ""votes_pct"": 2.77, ""party"": ""DFL""}, {""name"": ""Matt Little"", ""votes"": 393, ""votes_pct"": 64.11, ""party"": ""DFL""}, {""name"": ""Kaela Berg"", ""votes"": 59, ""votes_pct"": 9.62, ""party"": ""DFL""}, {""name"": ""Christopher Mosel"", ""votes"": 6, ""votes_pct"": 0.98, ""party"": ""DFL""}]",3.69885545053852,165.726941265237
"270371310",Burnsville P-11,"1310",Burnsville,"006","08794",Dakota,"19","037","2","55",55B,13919.9431816381,5972793.43352989,"27191310",455,Matt Little,10.77,"[{""name"": ""Abdi Abdulle"", ""votes"": 25, ""votes_pct"": 5.49, ""party"": ""DFL""}, {""name"": ""Matthew D. Klein"", ""votes"": 95, ""votes_pct"": 20.88, ""party"": ""DFL""}, {""name"": ""Hugh McTavish"", ""votes"": 9, ""votes_pct"": 1.98, ""party"": ""DFL""}, {""name"": ""Matt Little"", ""votes"": 186, ""votes_pct"": 40.88, ""party"": ""DFL""}, {""name"": ""Kaela Berg"", ""votes"": 137, ""votes_pct"": 30.11, ""party"": ""DFL""}, {""name"": ""Christopher Mosel"", ""votes"": 3, ""votes_pct"": 0.66, ""party"": ""DFL""}]",2.30609554468589,197.303186786207
"270371360",Burnsville P-16,"1360",Burnsville,"006","08794",Dakota,"19","037","2","55",55B,11555.2726394087,4420875.70244115,"27191360",479,Matt Little,24.01,"[{""name"": ""Abdi Abdulle"", ""votes"": 16, ""votes_pct"": 3.34, ""party"": ""DFL""}, {""name"": ""Matthew D. Klein"", ""votes"": 90, ""votes_pct"": 18.79, ""party"": ""DFL""}, {""name"": ""Hugh McTavish"", ""votes"": 22, ""votes_pct"": 4.59, ""party"": ""DFL""}, {""name"": ""Matt Little"", ""votes"": 232, ""votes_pct"": 48.43, ""party"": ""DFL""}, {""name"": ""Kaela Berg"", ""votes"": 117, ""votes_pct"": 24.43, ""party"": ""DFL""}, {""name"": ""Christopher Mosel"", ""votes"": 2, ""votes_pct"": 0.42, ""party"": ""DFL""}]",1.70690010871253,280.625677832605
"270371330",Burnsville P-13,"1330",Burnsville,"006","08794",Dakota,"19","037","2","55",55B,7596.99386447855,2147964.69062002,"27191330",454,Matt Little,14.1,"[{""name"": ""Abdi Abdulle"", ""votes"": 11, ""votes_pct"": 2.42, ""party"": ""DFL""}, {""name"": ""Matthew D. Klein"", ""votes"": 100, ""votes_pct"": 22.03, ""party"": ""DFL""}, {""name"": ""Hugh McTavish"", ""votes"": 13, ""votes_pct"": 2.86, ""party"": ""DFL""}, {""name"": ""Matt Little"", ""votes"": 195, ""votes_pct"": 42.95, ""party"": ""DFL""}, {""name"": ""Kaela Berg"", ""votes"": 131, ""votes_pct"": 28.85, ""party"": ""DFL""}, {""name"": ""Christopher Mosel"", ""votes"": 4, ""votes_pct"": 0.88, ""party"": ""DFL""}]",0.82932916704839,547.430402834861
"270371340",Burnsville P-14,"1340",Burnsville,"006","08794",Dakota,"19","037","2","55",55B,10171.7792345773,3099454.82974845,"27191340",495,Matt Little,7.07,"[{""name"": ""Abdi Abdulle"", ""votes"": 26, ""votes_pct"": 5.25, ""party"": ""DFL""}, {""name"": ""Matthew D. Klein"", ""votes"": 96, ""votes_pct"": 19.39, ""party"": ""DFL""}, {""name"": ""Hugh McTavish"", ""votes"": 6, ""votes_pct"": 1.21, ""party"": ""DFL""}, {""name"": ""Matt Little"", ""votes"": 199, ""votes_pct"": 40.20, ""party"": ""DFL""}, {""name"": ""Kaela Berg"", ""votes"": 164, ""votes_pct"": 33.13, ""party"": ""DFL""}, {""name"": ""Christopher Mosel"", ""votes"": 4, ""votes_pct"": 0.81, ""party"": ""DFL""}]",1.19669950976587,413.637672582354
"270371370",Burnsville P-17,"1370",Burnsville,"006","08794",Dakota,"19","037","2","55",55B,7242.5423850206,2762614.99812689,"27191370",379,Matt Little,22.96,"[{""name"": ""Abdi Abdulle"", ""votes"": 20, ""votes_pct"": 5.28, ""party"": ""DFL""}, {""name"": ""Matthew D. Klein"", ""votes"": 87, ""votes_pct"": 22.96, ""party"": ""DFL""}, {""name"": ""Hugh McTavish"", ""votes"": 9, ""votes_pct"": 2.37, ""party"": ""DFL""}, {""name"": ""Matt Little"", ""votes"": 174, ""votes_pct"": 45.91, ""party"": ""DFL""}, {""name"": ""Kaela Berg"", ""votes"": 87, ""votes_pct"": 22.96, ""party"": ""DFL""}, {""name"": ""Christopher Mosel"", ""votes"": 2, ""votes_pct"": 0.53, ""party"": ""DFL""}]",1.06664565077679,355.319500645777
"270371270",Burnsville P-7,"1270",Burnsville,"006","08794",Dakota,"19","037","2","55",55A,8565.60924028633,2554502.78949841,"27191270",382,Matt Little,14.66,"[{""name"": ""Abdi Abdulle"", ""votes"": 14, ""votes_pct"": 3.66, ""party"": ""DFL""}, {""name"": ""Matthew D. Klein"", ""votes"": 100, ""votes_pct"": 26.18, ""party"": ""DFL""}, {""name"": ""Hugh McTavish"", ""votes"": 12, ""votes_pct"": 3.14, ""party"": ""DFL""}, {""name"": ""Matt Little"", ""votes"": 156, ""votes_pct"": 40.84, ""party"": ""DFL""}, {""name"": ""Kaela Berg"", ""votes"": 99, ""votes_pct"": 25.92, ""party"": ""DFL""}, {""name"": ""Christopher Mosel"", ""votes"": 1, ""votes_pct"": 0.26, ""party"": ""DFL""}]",0.986293527025338,387.308635343185
"270371220",Burnsville P-2,"1220",Burnsville,"006","08794",Dakota,"19","037","2","55",55A,7200.80999953377,2791156.09813037,"27191220",362,Matt Little,31.22,"[{""name"": ""Abdi Abdulle"", ""votes"": 24, ""votes_pct"": 6.63, ""party"": ""DFL""}, {""name"": ""Matthew D. Klein"", ""votes"": 73, ""votes_pct"": 20.17, ""party"": ""DFL""}, {""name"": ""Hugh McTavish"", ""votes"": 7, ""votes_pct"": 1.93, ""party"": ""DFL""}, {""name"": ""Matt Little"", ""votes"": 186, ""votes_pct"": 51.38, ""party"": ""DFL""}, {""name"": ""Kaela Berg"", ""votes"": 72, ""votes_pct"": 19.89, ""party"": ""DFL""}, {""name"": ""Christopher Mosel"", ""votes"": 0, ""votes_pct"": 0.00, ""party"": ""DFL""}]",1.07766536948813,335.911322985113
"270371230",Burnsville P-3,"1230",Burnsville,"006","08794",Dakota,"19","037","2","55",55A,14530.6086630224,9349294.79449675,"27191230",330,Matt Little,23.33,"[{""name"": ""Abdi Abdulle"", ""votes"": 21, ""votes_pct"": 6.36, ""party"": ""DFL""}, {""name"": ""Matthew D. Klein"", ""votes"": 77, ""votes_pct"": 23.33, ""party"": ""DFL""}, {""name"": ""Hugh McTavish"", ""votes"": 8, ""votes_pct"": 2.42, ""party"": ""DFL""}, {""name"": ""Matt Little"", ""votes"": 154, ""votes_pct"": 46.67, ""party"": ""DFL""}, {""name"": ""Kaela Berg"", ""votes"": 70, ""votes_pct"": 21.21, ""party"": ""DFL""}, {""name"": ""Christopher Mosel"", ""votes"": 0, ""votes_pct"": 0.00, ""party"": ""DFL""}]",3.60976272015519,91.4187511986418
"270371240",Burnsville P-4,"1240",Burnsville,"006","08794",Dakota,"19","037","2","55",55B,6776.54743634582,2218075.68086838,"27191240",430,Matt Little,8.6,"[{""name"": ""Abdi Abdulle"", ""votes"": 14, ""votes_pct"": 3.26, ""party"": ""DFL""}, {""name"": ""Matthew D. Klein"", ""votes"": 104, ""votes_pct"": 24.19, ""party"": ""DFL""}, {""name"": ""Hugh McTavish"", ""votes"": 8, ""votes_pct"": 1.86, ""party"": ""DFL""}, {""name"": ""Matt Little"", ""votes"": 169, ""votes_pct"": 39.30, ""party"": ""DFL""}, {""name"": ""Kaela Berg"", ""votes"": 132, ""votes_pct"": 30.70, ""party"": ""DFL""}, {""name"": ""Christopher Mosel"", ""votes"": 3, ""votes_pct"": 0.70, ""party"": ""DFL""}]",0.856399020383283,502.10239592235
"270371280",Burnsville P-8,"1280",Burnsville,"006","08794",Dakota,"19","037","2","55",55B,8330.65727388277,2869419.01179712,"27191280",626,Kaela Berg,2.72,"[{""name"": ""Abdi Abdulle"", ""votes"": 12, ""votes_pct"": 1.92, ""party"": ""DFL""}, {""name"": ""Matthew D. Klein"", ""votes"": 154, ""votes_pct"": 24.60, ""party"": ""DFL""}, {""name"": ""Hugh McTavish"", ""votes"": 16, ""votes_pct"": 2.56, ""party"": ""DFL""}, {""name"": ""Matt Little"", ""votes"": 213, ""votes_pct"": 34.03, ""party"": ""DFL""}, {""name"": ""Kaela Berg"", ""votes"": 230, ""votes_pct"": 36.74, ""party"": ""DFL""}, {""name"": ""Christopher Mosel"", ""votes"": 1, ""votes_pct"": 0.16, ""party"": ""DFL""}]",1.10788268045487,565.041778379441
"270371260",Burnsville P-6,"1260",Burnsville,"006","08794",Dakota,"19","037","2","52",52A,10127.981395842,2555364.01238648,"27191260",540,Matt Little,19.26,"[{""name"": ""Abdi Abdulle"", ""votes"": 23, ""votes_pct"": 4.26, ""party"": ""DFL""}, {""name"": ""Matthew D. Klein"", ""votes"": 126, ""votes_pct"": 23.33, ""party"": ""DFL""}, {""name"": ""Hugh McTavish"", ""votes"": 16, ""votes_pct"": 2.96, ""party"": ""DFL""}, {""name"": ""Matt Little"", ""votes"": 239, ""votes_pct"": 44.26, ""party"": ""DFL""}, {""name"": ""Kaela Berg"", ""votes"": 135, ""votes_pct"": 25.00, ""party"": ""DFL""}, {""name"": ""Christopher Mosel"", ""votes"": 1, ""votes_pct"": 0.19, ""party"": ""DFL""}]",0.986626045182422,547.319830686364
"270371300",Burnsville P-10,"1300",Burnsville,"006","08794",Dakota,"19","037","2","52",52A,13281.0431583355,3520428.62264197,"27191300",558,Matt Little,7.71,"[{""name"": ""Abdi Abdulle"", ""votes"": 13, ""votes_pct"": 2.33, ""party"": ""DFL""}, {""name"": ""Matthew D. Klein"", ""votes"": 192, ""votes_pct"": 34.41, ""party"": ""DFL""}, {""name"": ""Hugh McTavish"", ""votes"": 21, ""votes_pct"": 3.76, ""party"": ""DFL""}, {""name"": ""Matt Little"", ""votes"": 235, ""votes_pct"": 42.11, ""party"": ""DFL""}, {""name"": ""Kaela Berg"", ""votes"": 97, ""votes_pct"": 17.38, ""party"": ""DFL""}, {""name"": ""Christopher Mosel"", ""votes"": 0, ""votes_pct"": 0.00, ""party"": ""DFL""}]",1.35923749120206,410.524285573173
"270371810",Eagan P-11,"1810",Eagan,"025","17288",Dakota,"19","037","2","52",52A,9633.60599811113,3413025.77681748,"27191810",494,Matt Little,28.34,"[{""name"": ""Abdi Abdulle"", ""votes"": 16, ""votes_pct"": 3.24, ""party"": ""DFL""}, {""name"": ""Matthew D. Klein"", ""votes"": 121, ""votes_pct"": 24.49, ""party"": ""DFL""}, {""name"": ""Hugh McTavish"", ""votes"": 6, ""votes_pct"": 1.21, ""party"": ""DFL""}, {""name"": ""Matt Little"", ""votes"": 261, ""votes_pct"": 52.83, ""party"": ""DFL""}, {""name"": ""Kaela Berg"", ""votes"": 90, ""votes_pct"": 18.22, ""party"": ""DFL""}, {""name"": ""Christopher Mosel"", ""votes"": 0, ""votes_pct"": 0.00, ""party"": ""DFL""}]",1.31776925242923,374.87594970769
"270371820",Eagan P-12,"1820",Eagan,"025","17288",Dakota,"19","037","2","52",52A,6874.5380156935,2761576.02276154,"27191820",539,Matt Little,13.91,"[{""name"": ""Abdi Abdulle"", ""votes"": 6, ""votes_pct"": 1.11, ""party"": ""DFL""}, {""name"": ""Matthew D. Klein"", ""votes"": 140, ""votes_pct"": 25.97, ""party"": ""DFL""}, {""name"": ""Hugh McTavish"", ""votes"": 7, ""votes_pct"": 1.30, ""party"": ""DFL""}, {""name"": ""Matt Little"", ""votes"": 227, ""votes_pct"": 42.12, ""party"": ""DFL""}, {""name"": ""Kaela Berg"", ""votes"": 152, ""votes_pct"": 28.20, ""party"": ""DFL""}, {""name"": ""Christopher Mosel"", ""votes"": 7, ""votes_pct"": 1.30, ""party"": ""DFL""}]",1.06624450238823,505.51257126552
"270371870",Eagan P-17,"1870",Eagan,"025","17288",Dakota,"19","037","2","52",52A,10194.6303747558,3764291.49898692,"27191870",591,Matt Little,21.66,"[{""name"": ""Abdi Abdulle"", ""votes"": 12, ""votes_pct"": 2.03, ""party"": ""DFL""}, {""name"": ""Matthew D. Klein"", ""votes"": 163, ""votes_pct"": 27.58, ""party"": ""DFL""}, {""name"": ""Hugh McTavish"", ""votes"": 13, ""votes_pct"": 2.20, ""party"": ""DFL""}, {""name"": ""Matt Little"", ""votes"": 291, ""votes_pct"": 49.24, ""party"": ""DFL""}, {""name"": ""Kaela Berg"", ""votes"": 111, ""votes_pct"": 18.78, ""party"": ""DFL""}, {""name"": ""Christopher Mosel"", ""votes"": 1, ""votes_pct"": 0.17, ""party"": ""DFL""}]",1.45339294775885,406.634696357465
"270371840",Eagan P-14,"1840",Eagan,"025","17288",Dakota,"19","037","2","52",52B,8130.21045012553,4236572.60860041,"27191840",635,Matt Little,18.9,"[{""name"": ""Abdi Abdulle"", ""votes"": 9, ""votes_pct"": 1.42, ""party"": ""DFL""}, {""name"": ""Matthew D. Klein"", ""votes"": 198, ""votes_pct"": 31.18, ""party"": ""DFL""}, {""name"": ""Hugh McTavish"", ""votes"": 16, ""votes_pct"": 2.52, ""party"": ""DFL""}, {""name"": ""Matt Little"", ""votes"": 318, ""votes_pct"": 50.08, ""party"": ""DFL""}, {""name"": ""Kaela Berg"", ""votes"": 89, ""votes_pct"": 14.02, ""party"": ""DFL""}, {""name"": ""Christopher Mosel"", ""votes"": 5, ""votes_pct"": 0.79, ""party"": ""DFL""}]",1.63574068418062,388.20334185066
"270371850",Eagan P-15,"1850",Eagan,"025","17288",Dakota,"19","037","2","52",52B,7694.22194896537,3148445.61383907,"27191850",683,Matt Little,12.45,"[{""name"": ""Abdi Abdulle"", ""votes"": 6, ""votes_pct"": 0.88, ""party"": ""DFL""}, {""name"": ""Matthew D. Klein"", ""votes"": 242, ""votes_pct"": 35.43, ""party"": ""DFL""}, {""name"": ""Hugh McTavish"", ""votes"": 21, ""votes_pct"": 3.07, ""party"": ""DFL""}, {""name"": ""Matt Little"", ""votes"": 327, ""votes_pct"": 47.88, ""party"": ""DFL""}, {""name"": ""Kaela Berg"", ""votes"": 84, ""votes_pct"": 12.30, ""party"": ""DFL""}, {""name"": ""Christopher Mosel"", ""votes"": 3, ""votes_pct"": 0.44, ""party"": ""DFL""}]",1.21561485150326,561.855590325655
"270371880",Eagan P-18,"1880",Eagan,"025","17288",Dakota,"19","037","2","56",56B,16002.5332751043,9464978.19225952,"27191880",829,Matt Little,17.73,"[{""name"": ""Abdi Abdulle"", ""votes"": 10, ""votes_pct"": 1.21, ""party"": ""DFL""}, {""name"": ""Matthew D. Klein"", ""votes"": 262, ""votes_pct"": 31.60, ""party"": ""DFL""}, {""name"": ""Hugh McTavish"", ""votes"": 23, ""votes_pct"": 2.77, ""party"": ""DFL""}, {""name"": ""Matt Little"", ""votes"": 409, ""votes_pct"": 49.34, ""party"": ""DFL""}, {""name"": ""Kaela Berg"", ""votes"": 120, ""votes_pct"": 14.48, ""party"": ""DFL""}, {""name"": ""Christopher Mosel"", ""votes"": 5, ""votes_pct"": 0.60, ""party"": ""DFL""}]",3.6544280800314,226.848081791468
"270371860",Eagan P-16,"1860",Eagan,"025","17288",Dakota,"19","037","2","52",52B,8076.80472177666,2676921.82368721,"27191860",522,Matt Little,15.71,"[{""name"": ""Abdi Abdulle"", ""votes"": 1, ""votes_pct"": 0.19, ""party"": ""DFL""}, {""name"": ""Matthew D. Klein"", ""votes"": 178, ""votes_pct"": 34.10, ""party"": ""DFL""}, {""name"": ""Hugh McTavish"", ""votes"": 13, ""votes_pct"": 2.49, ""party"": ""DFL""}, {""name"": ""Matt Little"", ""votes"": 260, ""votes_pct"": 49.81, ""party"": ""DFL""}, {""name"": ""Kaela Berg"", ""votes"": 69, ""votes_pct"": 13.22, ""party"": ""DFL""}, {""name"": ""Christopher Mosel"", ""votes"": 1, ""votes_pct"": 0.19, ""party"": ""DFL""}]",1.03355951612563,505.050741496487
"270371800",Eagan P-10,"1800",Eagan,"025","17288",Dakota,"19","037","2","52",52B,8717.63682573886,3397148.46298017,"27191800",661,Matt Little,10.74,"[{""name"": ""Abdi Abdulle"", ""votes"": 16, ""votes_pct"": 2.42, ""party"": ""DFL""}, {""name"": ""Matthew D. Klein"", ""votes"": 240, ""votes_pct"": 36.31, ""party"": ""DFL""}, {""name"": ""Hugh McTavish"", ""votes"": 7, ""votes_pct"": 1.06, ""party"": ""DFL""}, {""name"": ""Matt Little"", ""votes"": 311, ""votes_pct"": 47.05, ""party"": ""DFL""}, {""name"": ""Kaela Berg"", ""votes"": 87, ""votes_pct"": 13.16, ""party"": ""DFL""}, {""name"": ""Christopher Mosel"", ""votes"": 0, ""votes_pct"": 0.00, ""party"": ""DFL""}]",1.31163902155664,503.9496302996
"270371770",Eagan P-7,"1770",Eagan,"025","17288",Dakota,"19","037","2","52",52B,10927.9143868914,4114030.46015402,"27191770",864,Matt Little,1.39,"[{""name"": ""Abdi Abdulle"", ""votes"": 9, ""votes_pct"": 1.04, ""party"": ""DFL""}, {""name"": ""Matthew D. Klein"", ""votes"": 340, ""votes_pct"": 39.35, ""party"": ""DFL""}, {""name"": ""Hugh McTavish"", ""votes"": 17, ""votes_pct"": 1.97, ""party"": ""DFL""}, {""name"": ""Matt Little"", ""votes"": 352, ""votes_pct"": 40.74, ""party"": ""DFL""}, {""name"": ""Kaela Berg"", ""votes"": 140, ""votes_pct"": 16.20, ""party"": ""DFL""}, {""name"": ""Christopher Mosel"", ""votes"": 6, ""votes_pct"": 0.69, ""party"": ""DFL""}]",1.58842716066547,543.934290092364
"270371720",Eagan P-2,"1720",Eagan,"025","17288",Dakota,"19","037","2","52",52A,10825.9569139931,6603454.51526715,"27191720",744,Matt Little,5.78,"[{""name"": ""Abdi Abdulle"", ""votes"": 17, ""votes_pct"": 2.28, ""party"": ""DFL""}, {""name"": ""Matthew D. Klein"", ""votes"": 246, ""votes_pct"": 33.06, ""party"": ""DFL""}, {""name"": ""Hugh McTavish"", ""votes"": 16, ""votes_pct"": 2.15, ""party"": ""DFL""}, {""name"": ""Matt Little"", ""votes"": 289, ""votes_pct"": 38.84, ""party"": ""DFL""}, {""name"": ""Kaela Berg"", ""votes"": 166, ""votes_pct"": 22.31, ""party"": ""DFL""}, {""name"": ""Christopher Mosel"", ""votes"": 10, ""votes_pct"": 1.34, ""party"": ""DFL""}]",2.54959378834465,291.811191022336
"270371710",Eagan P-1,"1710",Eagan,"025","17288",Dakota,"19","037","2","52",52B,16277.1218902424,14035778.5674211,"27191710",743,Matt Little,7.94,"[{""name"": ""Abdi Abdulle"", ""votes"": 15, ""votes_pct"": 2.02, ""party"": ""DFL""}, {""name"": ""Matthew D. Klein"", ""votes"": 264, ""votes_pct"": 35.53, ""party"": ""DFL""}, {""name"": ""Hugh McTavish"", ""votes"": 13, ""votes_pct"": 1.75, ""party"": ""DFL""}, {""name"": ""Matt Little"", ""votes"": 323, ""votes_pct"": 43.47, ""party"": ""DFL""}, {""name"": ""Kaela Berg"", ""votes"": 125, ""votes_pct"": 16.82, ""party"": ""DFL""}, {""name"": ""Christopher Mosel"", ""votes"": 3, ""votes_pct"": 0.40, ""party"": ""DFL""}]",5.41921410488129,137.104750914114
"270372720",Inver Grove Heights P-2,"2720",Inver Grove Heights,"071","31076",Dakota,"19","037","2","53",53A,18632.1645498913,17348610.6734647,"27192720",340,Matthew D. Klein,5,"[{""name"": ""Abdi Abdulle"", ""votes"": 4, ""votes_pct"": 1.18, ""party"": ""DFL""}, {""name"": ""Matthew D. Klein"", ""votes"": 150, ""votes_pct"": 44.12, ""party"": ""DFL""}, {""name"": ""Hugh McTavish"", ""votes"": 4, ""votes_pct"": 1.18, ""party"": ""DFL""}, {""name"": ""Matt Little"", ""votes"": 133, ""votes_pct"": 39.12, ""party"": ""DFL""}, {""name"": ""Kaela Berg"", ""votes"": 46, ""votes_pct"": 13.53, ""party"": ""DFL""}, {""name"": ""Christopher Mosel"", ""votes"": 3, ""votes_pct"": 0.88, ""party"": ""DFL""}]",6.69829858102471,50.7591585963591
"270372730",Inver Grove Heights P-3,"2730",Inver Grove Heights,"071","31076",Dakota,"19","037","2","53",53A,20052.4352765924,13600913.5074495,"27192730",340,Matthew D. Klein,21.47,"[{""name"": ""Abdi Abdulle"", ""votes"": 4, ""votes_pct"": 1.18, ""party"": ""DFL""}, {""name"": ""Matthew D. Klein"", ""votes"": 168, ""votes_pct"": 49.41, ""party"": ""DFL""}, {""name"": ""Hugh McTavish"", ""votes"": 6, ""votes_pct"": 1.76, ""party"": ""DFL""}, {""name"": ""Matt Little"", ""votes"": 95, ""votes_pct"": 27.94, ""party"": ""DFL""}, {""name"": ""Kaela Berg"", ""votes"": 65, ""votes_pct"": 19.12, ""party"": ""DFL""}, {""name"": ""Christopher Mosel"", ""votes"": 2, ""votes_pct"": 0.59, ""party"": ""DFL""}]",5.25131270522624,64.7457158019982
"270372740",Inver Grove Heights P-4,"2740",Inver Grove Heights,"071","31076",Dakota,"19","037","2","53",53A,8309.01044184792,2943004.92488692,"27192740",626,Matthew D. Klein,7.35,"[{""name"": ""Abdi Abdulle"", ""votes"": 9, ""votes_pct"": 1.44, ""party"": ""DFL""}, {""name"": ""Matthew D. Klein"", ""votes"": 276, ""votes_pct"": 44.09, ""party"": ""DFL""}, {""name"": ""Hugh McTavish"", ""votes"": 20, ""votes_pct"": 3.19, ""party"": ""DFL""}, {""name"": ""Matt Little"", ""votes"": 230, ""votes_pct"": 36.74, ""party"": ""DFL""}, {""name"": ""Kaela Berg"", ""votes"": 90, ""votes_pct"": 14.38, ""party"": ""DFL""}, {""name"": ""Christopher Mosel"", ""votes"": 1, ""votes_pct"": 0.16, ""party"": ""DFL""}]",1.13629420149884,550.913662301777
"270372760",Inver Grove Heights P-6,"2760",Inver Grove Heights,"071","31076",Dakota,"19","037","2","53",53A,9783.44537300892,2773083.81345747,"27192760",567,Matt Little,2.65,"[{""name"": ""Abdi Abdulle"", ""votes"": 17, ""votes_pct"": 3.00, ""party"": ""DFL""}, {""name"": ""Matthew D. Klein"", ""votes"": 211, ""votes_pct"": 37.21, ""party"": ""DFL""}, {""name"": ""Hugh McTavish"", ""votes"": 19, ""votes_pct"": 3.35, ""party"": ""DFL""}, {""name"": ""Matt Little"", ""votes"": 226, ""votes_pct"": 39.86, ""party"": ""DFL""}, {""name"": ""Kaela Berg"", ""votes"": 87, ""votes_pct"": 15.34, ""party"": ""DFL""}, {""name"": ""Christopher Mosel"", ""votes"": 7, ""votes_pct"": 1.23, ""party"": ""DFL""}]",1.07068766037593,529.566204023422
"270372770",Inver Grove Heights P-7,"2770",Inver Grove Heights,"071","31076",Dakota,"19","037","2","53",53B,15497.697250896,5129747.53548611,"27192770",416,Matthew D. Klein,8.41,"[{""name"": ""Abdi Abdulle"", ""votes"": 12, ""votes_pct"": 2.88, ""party"": ""DFL""}, {""name"": ""Matthew D. Klein"", ""votes"": 174, ""votes_pct"": 41.83, ""party"": ""DFL""}, {""name"": ""Hugh McTavish"", ""votes"": 13, ""votes_pct"": 3.13, ""party"": ""DFL""}, {""name"": ""Matt Little"", ""votes"": 139, ""votes_pct"": 33.41, ""party"": ""DFL""}, {""name"": ""Kaela Berg"", ""votes"": 75, ""votes_pct"": 18.03, ""party"": ""DFL""}, {""name"": ""Christopher Mosel"", ""votes"": 3, ""votes_pct"": 0.72, ""party"": ""DFL""}]",1.98059552345119,210.037837142598
"270372780",Inver Grove Heights P-8,"2780",Inver Grove Heights,"071","31076",Dakota,"19","037","2","53",53A,10848.9222083031,3898164.01309575,"27192780",546,Matthew D. Klein,21.06,"[{""name"": ""Abdi Abdulle"", ""votes"": 15, ""votes_pct"": 2.75, ""party"": ""DFL""}, {""name"": ""Matthew D. Klein"", ""votes"": 276, ""votes_pct"": 50.55, ""party"": ""DFL""}, {""name"": ""Hugh McTavish"", ""votes"": 17, ""votes_pct"": 3.11, ""party"": ""DFL""}, {""name"": ""Matt Little"", ""votes"": 161, ""votes_pct"": 29.49, ""party"": ""DFL""}, {""name"": ""Kaela Berg"", ""votes"": 75, ""votes_pct"": 13.74, ""party"": ""DFL""}, {""name"": ""Christopher Mosel"", ""votes"": 2, ""votes_pct"": 0.37, ""party"": ""DFL""}]",1.50508112545627,362.771142874095
"270372750",Inver Grove Heights P-5,"2750",Inver Grove Heights,"071","31076",Dakota,"19","037","2","53",53A,8519.1942443857,4499497.96772193,"27192750",533,Matthew D. Klein,10.13,"[{""name"": ""Abdi Abdulle"", ""votes"": 8, ""votes_pct"": 1.50, ""party"": ""DFL""}, {""name"": ""Matthew D. Klein"", ""votes"": 252, ""votes_pct"": 47.28, ""party"": ""DFL""}, {""name"": ""Hugh McTavish"", ""votes"": 17, ""votes_pct"": 3.19, ""party"": ""DFL""}, {""name"": ""Matt Little"", ""votes"": 198, ""votes_pct"": 37.15, ""party"": ""DFL""}, {""name"": ""Kaela Berg"", ""votes"": 58, ""votes_pct"": 10.88, ""party"": ""DFL""}, {""name"": ""Christopher Mosel"", ""votes"": 0, ""votes_pct"": 0.00, ""party"": ""DFL""}]",1.73725616533744,306.805645957499
"270374410",South Saint Paul P-1,"4410",South St. Paul,"155","61492",Dakota,"19","037","2","53",53B,8630.46718152736,3991170.92531686,"27194410",629,Matthew D. Klein,2.86,"[{""name"": ""Abdi Abdulle"", ""votes"": 14, ""votes_pct"": 2.23, ""party"": ""DFL""}, {""name"": ""Matthew D. Klein"", ""votes"": 245, ""votes_pct"": 38.95, ""party"": ""DFL""}, {""name"": ""Hugh McTavish"", ""votes"": 15, ""votes_pct"": 2.38, ""party"": ""DFL""}, {""name"": ""Matt Little"", ""votes"": 227, ""votes_pct"": 36.09, ""party"": ""DFL""}, {""name"": ""Kaela Berg"", ""votes"": 120, ""votes_pct"": 19.08, ""party"": ""DFL""}, {""name"": ""Christopher Mosel"", ""votes"": 8, ""votes_pct"": 1.27, ""party"": ""DFL""}]",1.54099109426484,408.178867704669
"270374420",South Saint Paul P-2,"4420",South St. Paul,"155","61492",Dakota,"19","037","2","53",53B,5431.7839392101,1415468.78497047,"27194420",430,Matthew D. Klein,4.88,"[{""name"": ""Abdi Abdulle"", ""votes"": 10, ""votes_pct"": 2.33, ""party"": ""DFL""}, {""name"": ""Matthew D. Klein"", ""votes"": 172, ""votes_pct"": 40.00, ""party"": ""DFL""}, {""name"": ""Hugh McTavish"", ""votes"": 11, ""votes_pct"": 2.56, ""party"": ""DFL""}, {""name"": ""Matt Little"", ""votes"": 151, ""votes_pct"": 35.12, ""party"": ""DFL""}, {""name"": ""Kaela Berg"", ""votes"": 81, ""votes_pct"": 18.84, ""party"": ""DFL""}, {""name"": ""Christopher Mosel"", ""votes"": 5, ""votes_pct"": 1.16, ""party"": ""DFL""}]",0.546512497877098,786.807258151121
"270374430",South Saint Paul P-3,"4430",South St. Paul,"155","61492",Dakota,"19","037","2","53",53B,6264.01884004739,1586030.13261834,"27194430",493,Matt Little,8.32,"[{""name"": ""Abdi Abdulle"", ""votes"": 12, ""votes_pct"": 2.43, ""party"": ""DFL""}, {""name"": ""Matthew D. Klein"", ""votes"": 166, ""votes_pct"": 33.67, ""party"": ""DFL""}, {""name"": ""Hugh McTavish"", ""votes"": 14, ""votes_pct"": 2.84, ""party"": ""DFL""}, {""name"": ""Matt Little"", ""votes"": 207, ""votes_pct"": 41.99, ""party"": ""DFL""}, {""name"": ""Kaela Berg"", ""votes"": 94, ""votes_pct"": 19.07, ""party"": ""DFL""}, {""name"": ""Christopher Mosel"", ""votes"": 0, ""votes_pct"": 0.00, ""party"": ""DFL""}]",0.612366234203943,805.073781771924
"270374440",South Saint Paul P-4,"4440",South St. Paul,"155","61492",Dakota,"19","037","2","53",53B,8814.71365849367,2757464.37545948,"27194440",351,Matt Little,4.56,"[{""name"": ""Abdi Abdulle"", ""votes"": 15, ""votes_pct"": 4.27, ""party"": ""DFL""}, {""name"": ""Matthew D. Klein"", ""votes"": 119, ""votes_pct"": 33.90, ""party"": ""DFL""}, {""name"": ""Hugh McTavish"", ""votes"": 9, ""votes_pct"": 2.56, ""party"": ""DFL""}, {""name"": ""Matt Little"", ""votes"": 135, ""votes_pct"": 38.46, ""party"": ""DFL""}, {""name"": ""Kaela Berg"", ""votes"": 70, ""votes_pct"": 19.94, ""party"": ""DFL""}, {""name"": ""Christopher Mosel"", ""votes"": 3, ""votes_pct"": 0.85, ""party"": ""DFL""}]",1.06465699536491,329.68364602695
"270374940",West Saint Paul W-2 P-1,"4940",West St. Paul,"180","69700",Dakota,"19","037","2","65",65B,6682.65507223291,1904042.87867105,"27194940",762,Matt Little,1.57,"[{""name"": ""Abdi Abdulle"", ""votes"": 20, ""votes_pct"": 2.62, ""party"": ""DFL""}, {""name"": ""Matthew D. Klein"", ""votes"": 289, ""votes_pct"": 37.93, ""party"": ""DFL""}, {""name"": ""Hugh McTavish"", ""votes"": 12, ""votes_pct"": 1.57, ""party"": ""DFL""}, {""name"": ""Matt Little"", ""votes"": 301, ""votes_pct"": 39.50, ""party"": ""DFL""}, {""name"": ""Kaela Berg"", ""votes"": 137, ""votes_pct"": 17.98, ""party"": ""DFL""}, {""name"": ""Christopher Mosel"", ""votes"": 3, ""votes_pct"": 0.39, ""party"": ""DFL""}]",0.735150955454894,1036.52181139926
"270374910",West Saint Paul W-1 P-1,"4910",West St. Paul,"180","69700",Dakota,"19","037","2","65",65B,5643.9865880869,1286329.83170869,"27194910",565,Matt Little,9.38,"[{""name"": ""Abdi Abdulle"", ""votes"": 24, ""votes_pct"": 4.25, ""party"": ""DFL""}, {""name"": ""Matthew D. Klein"", ""votes"": 163, ""votes_pct"": 28.85, ""party"": ""DFL""}, {""name"": ""Hugh McTavish"", ""votes"": 16, ""votes_pct"": 2.83, ""party"": ""DFL""}, {""name"": ""Matt Little"", ""votes"": 216, ""votes_pct"": 38.23, ""party"": ""DFL""}, {""name"": ""Kaela Berg"", ""votes"": 141, ""votes_pct"": 24.96, ""party"": ""DFL""}, {""name"": ""Christopher Mosel"", ""votes"": 5, ""votes_pct"": 0.89, ""party"": ""DFL""}]",0.496651948022723,1137.61760574862
"270374970",West Saint Paul W-3 P-1,"4970",West St. Paul,"180","69700",Dakota,"19","037","2","65",65B,5777.94131330146,1612987.7325678,"27194970",776,Matthew D. Klein,0.77,"[{""name"": ""Abdi Abdulle"", ""votes"": 16, ""votes_pct"": 2.06, ""party"": ""DFL""}, {""name"": ""Matthew D. Klein"", ""votes"": 300, ""votes_pct"": 38.66, ""party"": ""DFL""}, {""name"": ""Hugh McTavish"", ""votes"": 15, ""votes_pct"": 1.93, ""party"": ""DFL""}, {""name"": ""Matt Little"", ""votes"": 294, ""votes_pct"": 37.89, ""party"": ""DFL""}, {""name"": ""Kaela Berg"", ""votes"": 148, ""votes_pct"": 19.07, ""party"": ""DFL""}, {""name"": ""Christopher Mosel"", ""votes"": 3, ""votes_pct"": 0.39, ""party"": ""DFL""}]",0.622774563544427,1246.03676101271
"270374920",West Saint Paul W-1 P-2,"4920",West St. Paul,"180","69700",Dakota,"19","037","2","53",53A,8816.25789308826,2831897.94483862,"27194920",471,Matthew D. Klein,7.22,"[{""name"": ""Abdi Abdulle"", ""votes"": 16, ""votes_pct"": 3.40, ""party"": ""DFL""}, {""name"": ""Matthew D. Klein"", ""votes"": 178, ""votes_pct"": 37.79, ""party"": ""DFL""}, {""name"": ""Hugh McTavish"", ""votes"": 12, ""votes_pct"": 2.55, ""party"": ""DFL""}, {""name"": ""Matt Little"", ""votes"": 144, ""votes_pct"": 30.57, ""party"": ""DFL""}, {""name"": ""Kaela Berg"", ""votes"": 116, ""votes_pct"": 24.63, ""party"": ""DFL""}, {""name"": ""Christopher Mosel"", ""votes"": 5, ""votes_pct"": 1.06, ""party"": ""DFL""}]",1.09339579650219,430.768072738842
"270374950",West Saint Paul W-2 P-2,"4950",West St. Paul,"180","69700",Dakota,"19","037","2","53",53A,5839.23186451179,1409819.78830056,"27194950",346,Matthew D. Klein,1.45,"[{""name"": ""Abdi Abdulle"", ""votes"": 11, ""votes_pct"": 3.18, ""party"": ""DFL""}, {""name"": ""Matthew D. Klein"", ""votes"": 135, ""votes_pct"": 39.02, ""party"": ""DFL""}, {""name"": ""Hugh McTavish"", ""votes"": 7, ""votes_pct"": 2.02, ""party"": ""DFL""}, {""name"": ""Matt Little"", ""votes"": 130, ""votes_pct"": 37.57, ""party"": ""DFL""}, {""name"": ""Kaela Berg"", ""votes"": 61, ""votes_pct"": 17.63, ""party"": ""DFL""}, {""name"": ""Christopher Mosel"", ""votes"": 2, ""votes_pct"": 0.58, ""party"": ""DFL""}]",0.544331420262844,635.642160492821
"270373410",Mendota Heights P-1,"3410",Mendota Heights,"105","41696",Dakota,"19","037","2","53",53A,7904.99654773943,3041475.92210051,"27193410",702,Matthew D. Klein,30.91,"[{""name"": ""Abdi Abdulle"", ""votes"": 5, ""votes_pct"": 0.71, ""party"": ""DFL""}, {""name"": ""Matthew D. Klein"", ""votes"": 419, ""votes_pct"": 59.69, ""party"": ""DFL""}, {""name"": ""Hugh McTavish"", ""votes"": 4, ""votes_pct"": 0.57, ""party"": ""DFL""}, {""name"": ""Matt Little"", ""votes"": 202, ""votes_pct"": 28.77, ""party"": ""DFL""}, {""name"": ""Kaela Berg"", ""votes"": 72, ""votes_pct"": 10.26, ""party"": ""DFL""}, {""name"": ""Christopher Mosel"", ""votes"": 0, ""votes_pct"": 0.00, ""party"": ""DFL""}]",1.17431385352301,597.795894082286
"270373450",Mendota Heights P-5,"3450",Mendota Heights,"105","41696",Dakota,"19","037","2","52",52B,6861.55348763513,2470628.61140328,"27193450",494,Matthew D. Klein,24.29,"[{""name"": ""Abdi Abdulle"", ""votes"": 6, ""votes_pct"": 1.21, ""party"": ""DFL""}, {""name"": ""Matthew D. Klein"", ""votes"": 277, ""votes_pct"": 56.07, ""party"": ""DFL""}, {""name"": ""Hugh McTavish"", ""votes"": 8, ""votes_pct"": 1.62, ""party"": ""DFL""}, {""name"": ""Matt Little"", ""votes"": 157, ""votes_pct"": 31.78, ""party"": ""DFL""}, {""name"": ""Kaela Berg"", ""votes"": 43, ""votes_pct"": 8.70, ""party"": ""DFL""}, {""name"": ""Christopher Mosel"", ""votes"": 3, ""votes_pct"": 0.61, ""party"": ""DFL""}]",0.953909706862807,517.868721165082
"270373420",Mendota Heights P-2,"3420",Mendota Heights,"105","41696",Dakota,"19","037","2","52",52B,10486.7150093796,4047319.067867,"27193420",522,Matthew D. Klein,28.35,"[{""name"": ""Abdi Abdulle"", ""votes"": 5, ""votes_pct"": 0.96, ""party"": ""DFL""}, {""name"": ""Matthew D. Klein"", ""votes"": 304, ""votes_pct"": 58.24, ""party"": ""DFL""}, {""name"": ""Hugh McTavish"", ""votes"": 3, ""votes_pct"": 0.57, ""party"": ""DFL""}, {""name"": ""Matt Little"", ""votes"": 156, ""votes_pct"": 29.89, ""party"": ""DFL""}, {""name"": ""Kaela Berg"", ""votes"": 53, ""votes_pct"": 10.15, ""party"": ""DFL""}, {""name"": ""Christopher Mosel"", ""votes"": 1, ""votes_pct"": 0.19, ""party"": ""DFL""}]",1.56266989210345,334.043679114696
"270373430",Mendota Heights P-3,"3430",Mendota Heights,"105","41696",Dakota,"19","037","2","52",52B,9487.7617560114,2504870.61500815,"27193430",628,Matthew D. Klein,32.17,"[{""name"": ""Abdi Abdulle"", ""votes"": 5, ""votes_pct"": 0.80, ""party"": ""DFL""}, {""name"": ""Matthew D. Klein"", ""votes"": 380, ""votes_pct"": 60.51, ""party"": ""DFL""}, {""name"": ""Hugh McTavish"", ""votes"": 10, ""votes_pct"": 1.59, ""party"": ""DFL""}, {""name"": ""Matt Little"", ""votes"": 178, ""votes_pct"": 28.34, ""party"": ""DFL""}, {""name"": ""Kaela Berg"", ""votes"": 55, ""votes_pct"": 8.76, ""party"": ""DFL""}, {""name"": ""Christopher Mosel"", ""votes"": 0, ""votes_pct"": 0.00, ""party"": ""DFL""}]",0.967130544454648,649.343569594445
"271390055",Jordan P-2,"0055",Jordan,"055","32174",Scott,"70","139","2","54",54B,18808.8475341013,4779322.03289197,"27700055",148,Matthew D. Klein,4.73,"[{""name"": ""Abdi Abdulle"", ""votes"": 3, ""votes_pct"": 2.03, ""party"": ""DFL""}, {""name"": ""Matthew D. Klein"", ""votes"": 60, ""votes_pct"": 40.54, ""party"": ""DFL""}, {""name"": ""Hugh McTavish"", ""votes"": 4, ""votes_pct"": 2.70, ""party"": ""DFL""}, {""name"": ""Matt Little"", ""votes"": 53, ""votes_pct"": 35.81, ""party"": ""DFL""}, {""name"": ""Kaela Berg"", ""votes"": 27, ""votes_pct"": 18.24, ""party"": ""DFL""}, {""name"": ""Christopher Mosel"", ""votes"": 1, ""votes_pct"": 0.68, ""party"": ""DFL""}]",1.84529623689959,80.2039244650848
"271390093",Prior Lake P-6,"0093",Prior Lake,"072","52594",Scott,"70","139","2","54",54B,12356.0543213652,5002753.01050067,"27700093",278,Matt Little,14.39,"[{""name"": ""Abdi Abdulle"", ""votes"": 10, ""votes_pct"": 3.60, ""party"": ""DFL""}, {""name"": ""Matthew D. Klein"", ""votes"": 88, ""votes_pct"": 31.65, ""party"": ""DFL""}, {""name"": ""Hugh McTavish"", ""votes"": 5, ""votes_pct"": 1.80, ""party"": ""DFL""}, {""name"": ""Matt Little"", ""votes"": 128, ""votes_pct"": 46.04, ""party"": ""DFL""}, {""name"": ""Kaela Berg"", ""votes"": 44, ""votes_pct"": 15.83, ""party"": ""DFL""}, {""name"": ""Christopher Mosel"", ""votes"": 3, ""votes_pct"": 1.08, ""party"": ""DFL""}]",1.93156293735431,143.924898652684
"271390091",Prior Lake P-4,"0091",Prior Lake,"072","52594",Scott,"70","139","2","54",54B,8390.50008168249,3166394.07730678,"27700091",236,Matt Little,4.24,"[{""name"": ""Abdi Abdulle"", ""votes"": 6, ""votes_pct"": 2.54, ""party"": ""DFL""}, {""name"": ""Matthew D. Klein"", ""votes"": 91, ""votes_pct"": 38.56, ""party"": ""DFL""}, {""name"": ""Hugh McTavish"", ""votes"": 4, ""votes_pct"": 1.69, ""party"": ""DFL""}, {""name"": ""Matt Little"", ""votes"": 101, ""votes_pct"": 42.80, ""party"": ""DFL""}, {""name"": ""Kaela Berg"", ""votes"": 34, ""votes_pct"": 14.41, ""party"": ""DFL""}, {""name"": ""Christopher Mosel"", ""votes"": 0, ""votes_pct"": 0.00, ""party"": ""DFL""}]",1.22254475324815,193.039967962709
"271390090",Prior Lake P-3,"0090",Prior Lake,"072","52594",Scott,"70","139","2","54",54B,11206.4000481902,3247100.04235285,"27700090",391,Matt Little,13.04,"[{""name"": ""Abdi Abdulle"", ""votes"": 9, ""votes_pct"": 2.30, ""party"": ""DFL""}, {""name"": ""Matthew D. Klein"", ""votes"": 125, ""votes_pct"": 31.97, ""party"": ""DFL""}, {""name"": ""Hugh McTavish"", ""votes"": 12, ""votes_pct"": 3.07, ""party"": ""DFL""}, {""name"": ""Matt Little"", ""votes"": 176, ""votes_pct"": 45.01, ""party"": ""DFL""}, {""name"": ""Kaela Berg"", ""votes"": 65, ""votes_pct"": 16.62, ""party"": ""DFL""}, {""name"": ""Christopher Mosel"", ""votes"": 4, ""votes_pct"": 1.02, ""party"": ""DFL""}]",1.25370532635244,311.87551953503
"271390095",Prior Lake P-8,"0095",Prior Lake,"072","52594",Scott,"70","139","2","54",54B,10777.6157499505,4092880.72596951,"27700095",401,Matt Little,10.97,"[{""name"": ""Abdi Abdulle"", ""votes"": 6, ""votes_pct"": 1.50, ""party"": ""DFL""}, {""name"": ""Matthew D. Klein"", ""votes"": 137, ""votes_pct"": 34.16, ""party"": ""DFL""}, {""name"": ""Hugh McTavish"", ""votes"": 15, ""votes_pct"": 3.74, ""party"": ""DFL""}, {""name"": ""Matt Little"", ""votes"": 181, ""votes_pct"": 45.14, ""party"": ""DFL""}, {""name"": ""Kaela Berg"", ""votes"": 59, ""votes_pct"": 14.71, ""party"": ""DFL""}, {""name"": ""Christopher Mosel"", ""votes"": 3, ""votes_pct"": 0.75, ""party"": ""DFL""}]",1.58026124829683,253.755510636099
"271390080",Prior Lake P-1,"0080",Prior Lake,"072","52594",Scott,"70","139","2","54",54B,10349.6661670598,4863349.9867997,"27700080",339,Matt Little,16.22,"[{""name"": ""Abdi Abdulle"", ""votes"": 5, ""votes_pct"": 1.47, ""party"": ""DFL""}, {""name"": ""Matthew D. Klein"", ""votes"": 102, ""votes_pct"": 30.09, ""party"": ""DFL""}, {""name"": ""Hugh McTavish"", ""votes"": 14, ""votes_pct"": 4.13, ""party"": ""DFL""}, {""name"": ""Matt Little"", ""votes"": 157, ""votes_pct"": 46.31, ""party"": ""DFL""}, {""name"": ""Kaela Berg"", ""votes"": 60, ""votes_pct"": 17.70, ""party"": ""DFL""}, {""name"": ""Christopher Mosel"", ""votes"": 1, ""votes_pct"": 0.29, ""party"": ""DFL""}]",1.87773942990336,180.536231279676
"271390135",Shakopee P-5,"0135",Shakopee,"085","59350",Scott,"70","139","2","54",54A,7613.40064979461,2423908.99591391,"27700135",323,Matt Little,12.38,"[{""name"": ""Abdi Abdulle"", ""votes"": 8, ""votes_pct"": 2.48, ""party"": ""DFL""}, {""name"": ""Matthew D. Klein"", ""votes"": 108, ""votes_pct"": 33.44, ""party"": ""DFL""}, {""name"": ""Hugh McTavish"", ""votes"": 7, ""votes_pct"": 2.17, ""party"": ""DFL""}, {""name"": ""Matt Little"", ""votes"": 148, ""votes_pct"": 45.82, ""party"": ""DFL""}, {""name"": ""Kaela Berg"", ""votes"": 49, ""votes_pct"": 15.17, ""party"": ""DFL""}, {""name"": ""Christopher Mosel"", ""votes"": 3, ""votes_pct"": 0.93, ""party"": ""DFL""}]",0.935871263322359,345.132939388847
"271390119",Shakopee P-1,"0119",Shakopee,"085","59350",Scott,"70","139","2","54",54A,10563.5829249394,4043750.14401237,"27700119",362,Matt Little,7.46,"[{""name"": ""Abdi Abdulle"", ""votes"": 11, ""votes_pct"": 3.04, ""party"": ""DFL""}, {""name"": ""Matthew D. Klein"", ""votes"": 114, ""votes_pct"": 31.49, ""party"": ""DFL""}, {""name"": ""Hugh McTavish"", ""votes"": 18, ""votes_pct"": 4.97, ""party"": ""DFL""}, {""name"": ""Matt Little"", ""votes"": 141, ""votes_pct"": 38.95, ""party"": ""DFL""}, {""name"": ""Kaela Berg"", ""votes"": 75, ""votes_pct"": 20.72, ""party"": ""DFL""}, {""name"": ""Christopher Mosel"", ""votes"": 3, ""votes_pct"": 0.83, ""party"": ""DFL""}]",1.56129193060318,231.859265333004
"271390136",Shakopee P-6,"0136",Shakopee,"085","59350",Scott,"70","139","2","54",54A,10264.3673319911,3405186.16509122,"27700136",281,Matt Little,13.52,"[{""name"": ""Abdi Abdulle"", ""votes"": 8, ""votes_pct"": 2.85, ""party"": ""DFL""}, {""name"": ""Matthew D. Klein"", ""votes"": 82, ""votes_pct"": 29.18, ""party"": ""DFL""}, {""name"": ""Hugh McTavish"", ""votes"": 13, ""votes_pct"": 4.63, ""party"": ""DFL""}, {""name"": ""Matt Little"", ""votes"": 120, ""votes_pct"": 42.70, ""party"": ""DFL""}, {""name"": ""Kaela Berg"", ""votes"": 57, ""votes_pct"": 20.28, ""party"": ""DFL""}, {""name"": ""Christopher Mosel"", ""votes"": 1, ""votes_pct"": 0.36, ""party"": ""DFL""}]",1.31474237834172,213.730084790013
"271390120",Shakopee P-2,"0120",Shakopee,"085","59350",Scott,"70","139","2","54",54A,10892.8207678737,2908061.34538743,"27700120",277,Matt Little,30.32,"[{""name"": ""Abdi Abdulle"", ""votes"": 19, ""votes_pct"": 6.86, ""party"": ""DFL""}, {""name"": ""Matthew D. Klein"", ""votes"": 55, ""votes_pct"": 19.86, ""party"": ""DFL""}, {""name"": ""Hugh McTavish"", ""votes"": 12, ""votes_pct"": 4.33, ""party"": ""DFL""}, {""name"": ""Matt Little"", ""votes"": 139, ""votes_pct"": 50.18, ""party"": ""DFL""}, {""name"": ""Kaela Berg"", ""votes"": 49, ""votes_pct"": 17.69, ""party"": ""DFL""}, {""name"": ""Christopher Mosel"", ""votes"": 3, ""votes_pct"": 1.08, ""party"": ""DFL""}]",1.12280248545409,246.704120794651
"271390137",Shakopee P-7,"0137",Shakopee,"085","59350",Scott,"70","139","2","54",54A,5344.09098980075,1664606.19741937,"27700137",239,Matt Little,28.87,"[{""name"": ""Abdi Abdulle"", ""votes"": 8, ""votes_pct"": 3.35, ""party"": ""DFL""}, {""name"": ""Matthew D. Klein"", ""votes"": 54, ""votes_pct"": 22.59, ""party"": ""DFL""}, {""name"": ""Hugh McTavish"", ""votes"": 7, ""votes_pct"": 2.93, ""party"": ""DFL""}, {""name"": ""Matt Little"", ""votes"": 123, ""votes_pct"": 51.46, ""party"": ""DFL""}, {""name"": ""Kaela Berg"", ""votes"": 47, ""votes_pct"": 19.67, ""party"": ""DFL""}, {""name"": ""Christopher Mosel"", ""votes"": 0, ""votes_pct"": 0.00, ""party"": ""DFL""}]",0.642704452823619,371.866102607492
"271390145",Shakopee P-9A,"0145",Shakopee,"085","59350",Scott,"70","139","2","54",54A,18620.0812016619,11967511.7324507,"27700145",266,Matt Little,3.76,"[{""name"": ""Abdi Abdulle"", ""votes"": 12, ""votes_pct"": 4.51, ""party"": ""DFL""}, {""name"": ""Matthew D. Klein"", ""votes"": 95, ""votes_pct"": 35.71, ""party"": ""DFL""}, {""name"": ""Hugh McTavish"", ""votes"": 7, ""votes_pct"": 2.63, ""party"": ""DFL""}, {""name"": ""Matt Little"", ""votes"": 105, ""votes_pct"": 39.47, ""party"": ""DFL""}, {""name"": ""Kaela Berg"", ""votes"": 43, ""votes_pct"": 16.17, ""party"": ""DFL""}, {""name"": ""Christopher Mosel"", ""votes"": 4, ""votes_pct"": 1.50, ""party"": ""DFL""}]",4.62065627989922,57.5675799901312
"271390150",Shakopee P-10,"0150",Shakopee,"085","59350",Scott,"70","139","2","54",54A,8642.96844650618,2130491.26472713,"27700150",234,Matt Little,24.79,"[{""name"": ""Abdi Abdulle"", ""votes"": 17, ""votes_pct"": 7.26, ""party"": ""DFL""}, {""name"": ""Matthew D. Klein"", ""votes"": 57, ""votes_pct"": 24.36, ""party"": ""DFL""}, {""name"": ""Hugh McTavish"", ""votes"": 13, ""votes_pct"": 5.56, ""party"": ""DFL""}, {""name"": ""Matt Little"", ""votes"": 115, ""votes_pct"": 49.15, ""party"": ""DFL""}, {""name"": ""Kaela Berg"", ""votes"": 32, ""votes_pct"": 13.68, ""party"": ""DFL""}, {""name"": ""Christopher Mosel"", ""votes"": 0, ""votes_pct"": 0.00, ""party"": ""DFL""}]",0.822582677311145,284.469885464764
"271390138",Shakopee P-8,"0138",Shakopee,"085","59350",Scott,"70","139","2","54",54A,8094.80231415826,2278446.21050642,"27700138",270,Matt Little,5.19,"[{""name"": ""Abdi Abdulle"", ""votes"": 15, ""votes_pct"": 5.56, ""party"": ""DFL""}, {""name"": ""Matthew D. Klein"", ""votes"": 92, ""votes_pct"": 34.07, ""party"": ""DFL""}, {""name"": ""Hugh McTavish"", ""votes"": 11, ""votes_pct"": 4.07, ""party"": ""DFL""}, {""name"": ""Matt Little"", ""votes"": 106, ""votes_pct"": 39.26, ""party"": ""DFL""}, {""name"": ""Kaela Berg"", ""votes"": 44, ""votes_pct"": 16.30, ""party"": ""DFL""}, {""name"": ""Christopher Mosel"", ""votes"": 2, ""votes_pct"": 0.74, ""party"": ""DFL""}]",0.879708081876528,306.919994896553
"271390125",Shakopee P-3,"0125",Shakopee,"085","59350",Scott,"70","139","2","54",54A,8382.70168245255,4442891.51249564,"27700125",205,Matt Little,18.05,"[{""name"": ""Abdi Abdulle"", ""votes"": 11, ""votes_pct"": 5.37, ""party"": ""DFL""}, {""name"": ""Matthew D. Klein"", ""votes"": 52, ""votes_pct"": 25.37, ""party"": ""DFL""}, {""name"": ""Hugh McTavish"", ""votes"": 10, ""votes_pct"": 4.88, ""party"": ""DFL""}, {""name"": ""Matt Little"", ""votes"": 89, ""votes_pct"": 43.41, ""party"": ""DFL""}, {""name"": ""Kaela Berg"", ""votes"": 39, ""votes_pct"": 19.02, ""party"": ""DFL""}, {""name"": ""Christopher Mosel"", ""votes"": 4, ""votes_pct"": 1.95, ""party"": ""DFL""}]",1.71540041297457,119.505625887382
"271390157",Shakopee P-12B,"0157",Shakopee,"085","59350",Scott,"70","139","2","54",54B,14465.6648490325,7799920.51872243,"27700157",151,Matt Little,26.49,"[{""name"": ""Abdi Abdulle"", ""votes"": 7, ""votes_pct"": 4.64, ""party"": ""DFL""}, {""name"": ""Matthew D. Klein"", ""votes"": 37, ""votes_pct"": 24.50, ""party"": ""DFL""}, {""name"": ""Hugh McTavish"", ""votes"": 8, ""votes_pct"": 5.30, ""party"": ""DFL""}, {""name"": ""Matt Little"", ""votes"": 77, ""votes_pct"": 50.99, ""party"": ""DFL""}, {""name"": ""Kaela Berg"", ""votes"": 21, ""votes_pct"": 13.91, ""party"": ""DFL""}, {""name"": ""Christopher Mosel"", ""votes"": 1, ""votes_pct"": 0.66, ""party"": ""DFL""}]",3.01154931227873,50.1403046545978
"271390156",Shakopee P-12A,"0156",Shakopee,"085","59350",Scott,"70","139","2","54",54A,11827.6131944796,6050706.042252,"27700156",380,Matt Little,34.47,"[{""name"": ""Abdi Abdulle"", ""votes"": 22, ""votes_pct"": 5.79, ""party"": ""DFL""}, {""name"": ""Matthew D. Klein"", ""votes"": 74, ""votes_pct"": 19.47, ""party"": ""DFL""}, {""name"": ""Hugh McTavish"", ""votes"": 12, ""votes_pct"": 3.16, ""party"": ""DFL""}, {""name"": ""Matt Little"", ""votes"": 205, ""votes_pct"": 53.95, ""party"": ""DFL""}, {""name"": ""Kaela Berg"", ""votes"": 58, ""votes_pct"": 15.26, ""party"": ""DFL""}, {""name"": ""Christopher Mosel"", ""votes"": 9, ""votes_pct"": 2.37, ""party"": ""DFL""}]",2.3361776029135,162.658866143607
"271390105",Savage P-1,"0105",Savage,"082","58738",Scott,"70","139","2","55",55A,21605.7245955805,13433770.4284131,"27700105",348,Matt Little,29.02,"[{""name"": ""Abdi Abdulle"", ""votes"": 14, ""votes_pct"": 4.02, ""party"": ""DFL""}, {""name"": ""Matthew D. Klein"", ""votes"": 66, ""votes_pct"": 18.97, ""party"": ""DFL""}, {""name"": ""Hugh McTavish"", ""votes"": 11, ""votes_pct"": 3.16, ""party"": ""DFL""}, {""name"": ""Matt Little"", ""votes"": 177, ""votes_pct"": 50.86, ""party"": ""DFL""}, {""name"": ""Kaela Berg"", ""votes"": 76, ""votes_pct"": 21.84, ""party"": ""DFL""}, {""name"": ""Christopher Mosel"", ""votes"": 4, ""votes_pct"": 1.15, ""party"": ""DFL""}]",5.18677876241028,67.0936656334818
"271390110",Savage P-2,"0110",Savage,"082","58738",Scott,"70","139","2","55",55A,8329.60188396733,2257474.74957264,"27700110",394,Matt Little,23.86,"[{""name"": ""Abdi Abdulle"", ""votes"": 29, ""votes_pct"": 7.36, ""party"": ""DFL""}, {""name"": ""Matthew D. Klein"", ""votes"": 94, ""votes_pct"": 23.86, ""party"": ""DFL""}, {""name"": ""Hugh McTavish"", ""votes"": 12, ""votes_pct"": 3.05, ""party"": ""DFL""}, {""name"": ""Matt Little"", ""votes"": 188, ""votes_pct"": 47.72, ""party"": ""DFL""}, {""name"": ""Kaela Berg"", ""votes"": 70, ""votes_pct"": 17.77, ""party"": ""DFL""}, {""name"": ""Christopher Mosel"", ""votes"": 1, ""votes_pct"": 0.25, ""party"": ""DFL""}]",0.871611000809995,452.036515869869
"271390111",Savage P-3,"0111",Savage,"082","58738",Scott,"70","139","2","55",55A,9088.88973614958,3187782.8020763,"27700111",422,Matt Little,15.4,"[{""name"": ""Abdi Abdulle"", ""votes"": 22, ""votes_pct"": 5.21, ""party"": ""DFL""}, {""name"": ""Matthew D. Klein"", ""votes"": 107, ""votes_pct"": 25.36, ""party"": ""DFL""}, {""name"": ""Hugh McTavish"", ""votes"": 22, ""votes_pct"": 5.21, ""party"": ""DFL""}, {""name"": ""Matt Little"", ""votes"": 172, ""votes_pct"": 40.76, ""party"": ""DFL""}, {""name"": ""Kaela Berg"", ""votes"": 97, ""votes_pct"": 22.99, ""party"": ""DFL""}, {""name"": ""Christopher Mosel"", ""votes"": 2, ""votes_pct"": 0.47, ""party"": ""DFL""}]",1.23080293988166,342.865609372508
"271390118",Savage P-9,"0118",Savage,"082","58738",Scott,"70","139","2","55",55A,14877.9358590078,6916744.21993619,"27700118",510,Matt Little,25.1,"[{""name"": ""Abdi Abdulle"", ""votes"": 13, ""votes_pct"": 2.55, ""party"": ""DFL""}, {""name"": ""Matthew D. Klein"", ""votes"": 132, ""votes_pct"": 25.88, ""party"": ""DFL""}, {""name"": ""Hugh McTavish"", ""votes"": 16, ""votes_pct"": 3.14, ""party"": ""DFL""}, {""name"": ""Matt Little"", ""votes"": 260, ""votes_pct"": 50.98, ""party"": ""DFL""}, {""name"": ""Kaela Berg"", ""votes"": 87, ""votes_pct"": 17.06, ""party"": ""DFL""}, {""name"": ""Christopher Mosel"", ""votes"": 2, ""votes_pct"": 0.39, ""party"": ""DFL""}]",2.67055494331736,190.971543677165
"271390113",Savage P-5,"0113",Savage,"082","58738",Scott,"70","139","2","55",55A,13567.1965651535,3608989.65499907,"27700113",452,Matt Little,11.95,"[{""name"": ""Abdi Abdulle"", ""votes"": 14, ""votes_pct"": 3.10, ""party"": ""DFL""}, {""name"": ""Matthew D. Klein"", ""votes"": 151, ""votes_pct"": 33.41, ""party"": ""DFL""}, {""name"": ""Hugh McTavish"", ""votes"": 23, ""votes_pct"": 5.09, ""party"": ""DFL""}, {""name"": ""Matt Little"", ""votes"": 205, ""votes_pct"": 45.35, ""party"": ""DFL""}, {""name"": ""Kaela Berg"", ""votes"": 59, ""votes_pct"": 13.05, ""party"": ""DFL""}, {""name"": ""Christopher Mosel"", ""votes"": 0, ""votes_pct"": 0.00, ""party"": ""DFL""}]",1.39343090579514,324.379198222299
"271390117",Savage P-8,"0117",Savage,"082","58738",Scott,"70","139","2","55",55A,5682.18302238851,1497417.87103749,"27700117",293,Matthew D. Klein,11.95,"[{""name"": ""Abdi Abdulle"", ""votes"": 3, ""votes_pct"": 1.02, ""party"": ""DFL""}, {""name"": ""Matthew D. Klein"", ""votes"": 137, ""votes_pct"": 46.76, ""party"": ""DFL""}, {""name"": ""Hugh McTavish"", ""votes"": 6, ""votes_pct"": 2.05, ""party"": ""DFL""}, {""name"": ""Matt Little"", ""votes"": 102, ""votes_pct"": 34.81, ""party"": ""DFL""}, {""name"": ""Kaela Berg"", ""votes"": 44, ""votes_pct"": 15.02, ""party"": ""DFL""}, {""name"": ""Christopher Mosel"", ""votes"": 1, ""votes_pct"": 0.34, ""party"": ""DFL""}]",0.578153040007576,506.786230850158
"271390112",Savage P-4,"0112",Savage,"082","58738",Scott,"70","139","2","55",55A,9534.31701619568,2581624.99745583,"27700112",508,Matt Little,31.69,"[{""name"": ""Abdi Abdulle"", ""votes"": 15, ""votes_pct"": 2.95, ""party"": ""DFL""}, {""name"": ""Matthew D. Klein"", ""votes"": 108, ""votes_pct"": 21.26, ""party"": ""DFL""}, {""name"": ""Hugh McTavish"", ""votes"": 7, ""votes_pct"": 1.38, ""party"": ""DFL""}, {""name"": ""Matt Little"", ""votes"": 269, ""votes_pct"": 52.95, ""party"": ""DFL""}, {""name"": ""Kaela Berg"", ""votes"": 104, ""votes_pct"": 20.47, ""party"": ""DFL""}, {""name"": ""Christopher Mosel"", ""votes"": 5, ""votes_pct"": 0.98, ""party"": ""DFL""}]",0.996765411517698,509.648503178403
"271630040",Cottage Grove P-1,"0040",Cottage Grove,"030","13456",Washington,"82","163","2","41",41A,10385.5481946529,6480550.19323836,"27820040",819,Matthew D. Klein,0.85,"[{""name"": ""Abdi Abdulle"", ""votes"": 27, ""votes_pct"": 3.30, ""party"": ""DFL""}, {""name"": ""Matthew D. Klein"", ""votes"": 299, ""votes_pct"": 36.51, ""party"": ""DFL""}, {""name"": ""Hugh McTavish"", ""votes"": 36, ""votes_pct"": 4.40, ""party"": ""DFL""}, {""name"": ""Matt Little"", ""votes"": 292, ""votes_pct"": 35.65, ""party"": ""DFL""}, {""name"": ""Kaela Berg"", ""votes"": 164, ""votes_pct"": 20.02, ""party"": ""DFL""}, {""name"": ""Christopher Mosel"", ""votes"": 1, ""votes_pct"": 0.12, ""party"": ""DFL""}]",2.50214042960933,327.319758039269
"271630060",Cottage Grove P-5,"0060",Cottage Grove,"030","13456",Washington,"82","163","2","41",41B,21466.9390295975,22102536.7974058,"27820060",643,Matt Little,0.78,"[{""name"": ""Abdi Abdulle"", ""votes"": 26, ""votes_pct"": 4.04, ""party"": ""DFL""}, {""name"": ""Matthew D. Klein"", ""votes"": 231, ""votes_pct"": 35.93, ""party"": ""DFL""}, {""name"": ""Hugh McTavish"", ""votes"": 20, ""votes_pct"": 3.11, ""party"": ""DFL""}, {""name"": ""Matt Little"", ""votes"": 236, ""votes_pct"": 36.70, ""party"": ""DFL""}, {""name"": ""Kaela Berg"", ""votes"": 126, ""votes_pct"": 19.60, ""party"": ""DFL""}, {""name"": ""Christopher Mosel"", ""votes"": 4, ""votes_pct"": 0.62, ""party"": ""DFL""}]",8.53378945747838,75.3475350199227
"271630055",Cottage Grove P-4,"0055",Cottage Grove,"030","13456",Washington,"82","163","2","41",41B,8682.95084194325,3823425.67059379,"27820055",515,Matt Little,9.71,"[{""name"": ""Abdi Abdulle"", ""votes"": 26, ""votes_pct"": 5.05, ""party"": ""DFL""}, {""name"": ""Matthew D. Klein"", ""votes"": 162, ""votes_pct"": 31.46, ""party"": ""DFL""}, {""name"": ""Hugh McTavish"", ""votes"": 21, ""votes_pct"": 4.08, ""party"": ""DFL""}, {""name"": ""Matt Little"", ""votes"": 212, ""votes_pct"": 41.16, ""party"": ""DFL""}, {""name"": ""Kaela Berg"", ""votes"": 88, ""votes_pct"": 17.09, ""party"": ""DFL""}, {""name"": ""Christopher Mosel"", ""votes"": 6, ""votes_pct"": 1.17, ""party"": ""DFL""}]",1.47622465141626,348.862891231303
"271630300",Saint Paul Park P-3,"0300",St. Paul Park,"165","58018",Washington,"82","163","2","53",53B,6792.18375111982,1417458.74728408,"27820300",221,Matt Little,9.5,"[{""name"": ""Abdi Abdulle"", ""votes"": 4, ""votes_pct"": 1.81, ""party"": ""DFL""}, {""name"": ""Matthew D. Klein"", ""votes"": 79, ""votes_pct"": 35.75, ""party"": ""DFL""}, {""name"": ""Hugh McTavish"", ""votes"": 6, ""votes_pct"": 2.71, ""party"": ""DFL""}, {""name"": ""Matt Little"", ""votes"": 100, ""votes_pct"": 45.25, ""party"": ""DFL""}, {""name"": ""Kaela Berg"", ""votes"": 32, ""votes_pct"": 14.48, ""party"": ""DFL""}, {""name"": ""Christopher Mosel"", ""votes"": 0, ""votes_pct"": 0.00, ""party"": ""DFL""}]",0.547280822326382,403.814624931626
"271630295",Saint Paul Park P-2,"0295",St. Paul Park,"165","58018",Washington,"82","163","2","53",53B,5067.26459388088,1349871.84366638,"27820295",167,Matt Little,20.96,"[{""name"": ""Abdi Abdulle"", ""votes"": 6, ""votes_pct"": 3.59, ""party"": ""DFL""}, {""name"": ""Matthew D. Klein"", ""votes"": 44, ""votes_pct"": 26.35, ""party"": ""DFL""}, {""name"": ""Hugh McTavish"", ""votes"": 9, ""votes_pct"": 5.39, ""party"": ""DFL""}, {""name"": ""Matt Little"", ""votes"": 79, ""votes_pct"": 47.31, ""party"": ""DFL""}, {""name"": ""Kaela Berg"", ""votes"": 29, ""votes_pct"": 17.37, ""party"": ""DFL""}, {""name"": ""Christopher Mosel"", ""votes"": 0, ""votes_pct"": 0.00, ""party"": ""DFL""}]",0.52118551883959,320.423330970175
"271630375",Woodbury P-1,"0375",Woodbury,"191","71428",Washington,"82","163","4","47",47A,8354.41621717592,4447787.36108338,"27820375",,,,,1.71729070011429,
"271630385",Woodbury P-3,"0385",Woodbury,"191","71428",Washington,"82","163","4","47",47A,7400.61331915042,3028396.66423097,"27820385",,,,,1.16926395205958,
"271630395",Woodbury P-5,"0395",Woodbury,"191","71428",Washington,"82","163","4","47",47A,7948.13234760793,3663424.72595157,"27820395",,,,,1.4144482866899,
"271630400",Woodbury P-6,"0400",Woodbury,"191","71428",Washington,"82","163","4","47",47A,7588.57457561888,2424085.8745193,"27820400",,,,,0.935939556151901,
"271630390",Woodbury P-4,"0390",Woodbury,"191","71428",Washington,"82","163","4","47",47A,8202.93823951368,3451104.18589863,"27820390",,,,,1.33247132617546,
"271630420",Woodbury P-10,"0420",Woodbury,"191","71428",Washington,"82","163","4","47",47B,10923.3421283922,3246746.06336074,"27820420",,,,,1.25356865506358,
"271630405",Woodbury P-7,"0405",Woodbury,"191","71428",Washington,"82","163","4","47",47A,7140.11257032145,2304861.25230747,"27820405",,,,,0.889906929515915,
"271630380",Woodbury P-2,"0380",Woodbury,"191","71428",Washington,"82","163","4","47",47A,10847.9684919198,6608910.33578543,"27820380",,,,,2.55170028064675,
"271630410",Woodbury P-8,"0410",Woodbury,"191","71428",Washington,"82","163","4","47",47A,12527.1535533077,5329414.88944812,"27820410",,,,,2.05768708881592,
"271630435",Woodbury P-13,"0435",Woodbury,"191","71428",Washington,"82","163","4","47",47B,14478.3873889042,8717641.69401136,"27820435",,,,,3.36588145805778,
"271630430",Woodbury P-12,"0430",Woodbury,"191","71428",Washington,"82","163","4","47",47B,10109.7530217554,4357872.76018179,"27820430",,,,,1.68257467270619,
"271630425",Woodbury P-11,"0425",Woodbury,"191","71428",Washington,"82","163","4","47",47B,10352.0619602093,6453109.50779694,"27820425",,,,,2.4915455809604,
"271630440",Woodbury P-14,"0440",Woodbury,"191","71428",Washington,"82","163","2","47",47B,14361.1052223552,9783417.79977767,"27820440",436,Matt Little,3.21,"[{""name"": ""Abdi Abdulle"", ""votes"": 19, ""votes_pct"": 4.36, ""party"": ""DFL""}, {""name"": ""Matthew D. Klein"", ""votes"": 155, ""votes_pct"": 35.55, ""party"": ""DFL""}, {""name"": ""Hugh McTavish"", ""votes"": 5, ""votes_pct"": 1.15, ""party"": ""DFL""}, {""name"": ""Matt Little"", ""votes"": 169, ""votes_pct"": 38.76, ""party"": ""DFL""}, {""name"": ""Kaela Berg"", ""votes"": 83, ""votes_pct"": 19.04, ""party"": ""DFL""}, {""name"": ""Christopher Mosel"", ""votes"": 5, ""votes_pct"": 1.15, ""party"": ""DFL""}]",3.77737761249416,115.423991119626
"271630265",Oakdale P-8,"0265",Oakdale,"136","47680",Washington,"82","163","4","44",44B,7104.28381592586,3130416.39076942,"27820265",,,,,1.20865376847607,
"271630230",Oakdale P-1,"0230",Oakdale,"136","47680",Washington,"82","163","4","44",44B,9587.31447164847,3083374.16532534,"27820230",,,,,1.19049076523211,
"271630235",Oakdale P-2,"0235",Oakdale,"136","47680",Washington,"82","163","4","44",44B,5716.48375453208,1659154.22306595,"27820235",,,,,0.640599445525764,
"271630260",Oakdale P-7,"0260",Oakdale,"136","47680",Washington,"82","163","4","44",44B,8360.66797644706,3618304.01778382,"27820260",,,,,1.39702718126633,
"271630240",Oakdale P-3,"0240",Oakdale,"136","47680",Washington,"82","163","4","44",44B,8497.4475413573,4325023.25482374,"27820240",,,,,1.66989147868745,
"271630245",Oakdale P-4,"0245",Oakdale,"136","47680",Washington,"82","163","4","44",44B,7766.1758621451,3631780.98061899,"27820245",,,,,1.40223063661699,
"271630250",Oakdale P-5,"0250",Oakdale,"136","47680",Washington,"82","163","4","44",44B,10384.3131900065,4678697.67955928,"27820250",,,,,1.80644517407784,
"271630175",Lake Elmo P-2,"0175",Lake Elmo,"075","34244",Washington,"82","163","4","41",41A,24454.0772583503,28183655.3737295,"27820175",,,,,10.881709339797,
"271630225",Oak Park Heights,"0225",Oak Park Heights,"145","47914",Washington,"82","163","4","33",33B,23092.6733328275,8706868.96174288,"27820225",,,,,3.36172210612893,
"271630305",Stillwater W-1 P-1,"0305",Stillwater,"170","62824",Washington,"82","163","4","33",33B,15444.5512400896,5670802.13485725,"27820305",,,,,2.18949670426839,
"271630310",Stillwater W-2 P-2,"0310",Stillwater,"170","62824",Washington,"82","163","4","33",33B,13045.0566491247,5155038.28236896,"27820310",,,,,1.99036028082265,
"271630320",Stillwater W-4 P-4,"0320",Stillwater,"170","62824",Washington,"82","163","4","33",33B,11203.1055596168,5332159.36129357,"27820320",,,,,2.05874672939545,
"271630205",Mahtomedi P-2,"0205",Mahtomedi,"105","39428",Washington,"82","163","4","33",33A,15163.1400541283,5731634.37753833,"27820205",,,,,2.21298403316755,
"271630005",Afton W-1 P-1,"0005",Afton,"010","00316",Washington,"82","163","4","41",41A,22752.1433351584,14932672.0074271,"27820005",,,,,5.7655046620676,
"271630015",Afton W-3 P-3,"0015",Afton,"010","00316",Washington,"82","163","4","41",41A,18449.0992148941,12182301.3395616,"27820015",,,,,4.70358654720473,
"271630020",Afton W-4 P-4,"0020",Afton,"010","00316",Washington,"82","163","4","41",41A,20912.8249671284,16531216.4249316,"27820020",,,,,6.38270266166609,
"271630105",Forest Lake P-1,"0105",Forest Lake,"049","21770",Washington,"82","163","8","33",33B,8783.79134650309,4841571.93058635,"27820105",,,,,1.86933092239939,
"271630110",Forest Lake P-2,"0110",Forest Lake,"049","21770",Washington,"82","163","8","33",33A,14930.6838022949,6519303.95362441,"27820110",,,,,2.51710325649439,
"271630125",Forest Lake P-5,"0125",Forest Lake,"049","21770",Washington,"82","163","8","33",33A,18826.5765106312,18455784.5705664,"27820125",,,,,7.1257784226957,
"271630115",Forest Lake P-3,"0115",Forest Lake,"049","21770",Washington,"82","163","8","33",33B,25311.1468390216,24726554.832688,"27820115",,,,,9.54692282090082,
"271630150",Hugo W-2 P-3,"0150",Hugo,"070","30392",Washington,"82","163","8","33",33A,9670.25961744177,5449143.10168436,"27820150",,,,,2.10391415156033,
"271630145",Hugo W-1 P-1,"0145",Hugo,"070","30392",Washington,"82","163","8","33",33A,11869.2366899049,7168748.84385302,"27820145",,,,,2.76785392861165,
"271630165",Hugo W-3 P-6,"0165",Hugo,"070","30392",Washington,"82","163","8","33",33A,28371.4352288911,22793158.4647208,"27820165",,,,,8.80043848322868,
"271630155",Hugo W-2 P-4,"0155",Hugo,"070","30392",Washington,"82","163","8","33",33A,16881.5423406326,16542092.2947829,"27820155",,,,,6.38690183501568,
"270030805",Columbia Heights P-1,"0805",Columbia Heights,"040","12700",Anoka,"2","003","5","39",39B,5438.4264327012,1349031.640422,"27020805",,,,,0.520861116366933,
"270030810",Columbia Heights P-2,"0810",Columbia Heights,"040","12700",Anoka,"2","003","5","39",39B,5510.43691031031,1240532.73934775,"27020810",,,,,0.478969690662168,
"270030815",Columbia Heights P-3,"0815",Columbia Heights,"040","12700",Anoka,"2","003","5","39",39B,4380.60382876973,886600.102933627,"27020815",,,,,0.342316299742673,
"270030825",Columbia Heights P-5,"0825",Columbia Heights,"040","12700",Anoka,"2","003","5","39",39B,5465.93705597462,1267643.00214234,"27020825",,,,,0.489436963127157,
"270030835",Columbia Heights P-7,"0835",Columbia Heights,"040","12700",Anoka,"2","003","5","39",39A,5235.34994861347,1014773.44489045,"27020835",,,,,0.391804027072203,
"270030820",Columbia Heights P-4,"0820",Columbia Heights,"040","12700",Anoka,"2","003","5","39",39B,5299.42675699431,1101208.39934229,"27020820",,,,,0.425176562986058,
"270030840",Columbia Heights P-8,"0840",Columbia Heights,"040","12700",Anoka,"2","003","5","39",39A,5258.45992037453,780640.381764041,"27020840",,,,,0.301405251399096,
"270031615",Fridley W-1 P-3,"1615",Fridley,"055","22814",Anoka,"2","003","5","39",39A,5175.4727808725,1291183.22157039,"27021615",,,,,0.498525841848326,
"270031620",Fridley W-1 P-4,"1620",Fridley,"055","22814",Anoka,"2","003","5","39",39A,7797.80212564779,1921935.79411197,"27021620",,,,,0.742059410106631,
"270031805",Fridley W-3 P-1,"1805",Fridley,"055","22814",Anoka,"2","003","5","39",39A,9350.95458567751,3004762.14016173,"27021805",,,,,1.16013866231644,
"270031810",Fridley W-3 P-2,"1810",Fridley,"055","22814",Anoka,"2","003","5","39",39A,14063.865653314,4628309.05458741,"27021810",,,,,1.7869901259762,
"270031605",Fridley W-1 P-1,"1605",Fridley,"055","22814",Anoka,"2","003","5","39",39A,6312.31491924559,2250807.29660777,"27021605",,,,,0.869036697220261,
"270031610",Fridley W-1 P-2,"1610",Fridley,"055","22814",Anoka,"2","003","5","39",39A,6326.59440053997,1823837.0140212,"27021610",,,,,0.704183471113587,
"270031710",Fridley W-2 P-2,"1710",Fridley,"055","22814",Anoka,"2","003","5","39",39A,9237.41000495271,3860258.58733365,"27021710",,,,,1.49044584056952,
"270033105",Spring Lake Park P-1A,"3105",Spring Lake Park,"110","61996",Anoka,"2","003","5","39",39A,7460.25756732702,2309485.91048069,"27023105",,,,,0.891692510036593,
"270032225",Lino Lakes P-5,"2225",Lino Lakes,"080","37322",Anoka,"2","003","6","36",36A,10691.4477057324,4100923.50059942,"27022225",,,,,1.58336656358144,
"270032235",Lino Lakes P-7,"2235",Lino Lakes,"080","37322",Anoka,"2","003","6","36",36A,10760.2113430657,5806597.27932904,"27022235",,,,,2.24192720954894,
"270032215",Lino Lakes P-3,"2215",Lino Lakes,"080","37322",Anoka,"2","003","6","36",36A,9416.60320530229,3445755.66784319,"27022215",,,,,1.33040626335425,
"270032210",Lino Lakes P-2,"2210",Lino Lakes,"080","37322",Anoka,"2","003","6","36",36A,14188.2383261653,9093283.21755612,"27022210",,,,,3.51091665029842,
"270032230",Lino Lakes P-6,"2230",Lino Lakes,"080","37322",Anoka,"2","003","6","36",36A,19846.6961986312,15644926.5270954,"27022230",,,,,6.04050613211152,
"270032220",Lino Lakes P-4,"2220",Lino Lakes,"080","37322",Anoka,"2","003","6","36",36A,26496.3134937056,20990699.9410736,"27022220",,,,,8.10450924724852,
"270030705",Circle Pines P-1,"0705",Circle Pines,"035","11494",Anoka,"2","003","6","36",36A,5757.67246815492,1340996.50855565,"27020705",,,,,0.517758751953337,
"270030445",Blaine W-2 P-9,"0445",Blaine,"020","06382",Anoka,"2","003","6","32",32B,6785.91990351503,2612963.14454626,"27020445",,,,,1.00886507010931,
"270030345",Blaine W-1 P-9,"0345",Blaine,"020","06382",Anoka,"2","003","6","32",32B,14586.786629355,3671914.07625688,"27020345",,,,,1.41772602484278,
"270030335",Blaine W-1 P-7,"0335",Blaine,"020","06382",Anoka,"2","003","6","32",32B,8761.57581956589,2722407.53479856,"27020335",,,,,1.05112154918572,
"270030305",Blaine W-1 P-1,"0305",Blaine,"020","06382",Anoka,"2","003","6","32",32B,6843.42748703769,2294054.23313244,"27020305",,,,,0.885734339412435,
"270030330",Blaine W-1 P-6,"0330",Blaine,"020","06382",Anoka,"2","003","6","32",32B,6024.47157880421,1749504.87893748,"27020330",,,,,0.67548383375776,
"270030410",Blaine W-2 P-2,"0410",Blaine,"020","06382",Anoka,"2","003","6","32",32A,6622.02126248878,2666915.24713546,"27020410",,,,,1.029695976919,
"270030510",Blaine W-3 P-2,"0510",Blaine,"020","06382",Anoka,"2","003","6","32",32A,7026.37093626468,1520426.52411682,"27020510",,,,,0.587036680961505,
"270030515",Blaine W-3 P-3,"0515",Blaine,"020","06382",Anoka,"2","003","6","32",32A,8325.34743937364,3299723.39057549,"27020515",,,,,1.2740232011012,
"270030520",Blaine W-3 P-4,"0520",Blaine,"020","06382",Anoka,"2","003","6","32",32A,7431.19058180739,2084427.95417621,"27020520",,,,,0.804797633107436,
"270030535",Blaine W-3 P-7,"0535",Blaine,"020","06382",Anoka,"2","003","6","32",32A,9573.65810718732,4020913.47956939,"27020535",,,,,1.55247469446174,
"270030530",Blaine W-3 P-6,"0530",Blaine,"020","06382",Anoka,"2","003","6","32",32A,6078.22898297907,1907637.96710684,"27020530",,,,,0.736539019099949,
"270030415",Blaine W-2 P-3,"0415",Blaine,"020","06382",Anoka,"2","003","6","32",32B,6107.12690855281,1613905.23453264,"27020415",,,,,0.623128811053052,
"270030420",Blaine W-2 P-4,"0420",Blaine,"020","06382",Anoka,"2","003","6","32",32B,6363.96883148947,2528156.19890651,"27020420",,,,,0.976121108397803,
"270030340",Blaine W-1 P-8,"0340",Blaine,"020","06382",Anoka,"2","003","6","32",32B,16428.7413056238,13125201.176426,"27020340",,,,,5.06764017421807,
"270030425",Blaine W-2 P-5,"0425",Blaine,"020","06382",Anoka,"2","003","6","32",32B,13215.0646730825,8330118.34645519,"27020425",,,,,3.21625869356635,
"270030440",Blaine W-2 P-8,"0440",Blaine,"020","06382",Anoka,"2","003","6","32",32B,9480.87472222648,5099036.55156019,"27020440",,,,,1.96873801255739,
"270031425",Coon Rapids W-5 P-5,"1425",Coon Rapids,"050","13114",Anoka,"2","003","3","34",34B,6967.85294458828,2348947.18187561,"27021425",,,,,0.906928506922172,
"270031420",Coon Rapids W-5 P-4,"1420",Coon Rapids,"050","13114",Anoka,"2","003","3","34",34B,8023.44011700365,3536711.17387104,"27021420",,,,,1.36552418423161,
"270031220",Coon Rapids W-3 P-4,"1220",Coon Rapids,"050","13114",Anoka,"2","003","3","35",35B,7824.02664642924,2742819.50360708,"27021220",,,,,1.05900261034269,
"270031415",Coon Rapids W-5 P-3,"1415",Coon Rapids,"050","13114",Anoka,"2","003","3","35",35B,6679.65442717992,1597516.7285854,"27021415",,,,,0.616801208906821,
"270031405",Coon Rapids W-5 P-1,"1405",Coon Rapids,"050","13114",Anoka,"2","003","3","35",35B,6464.78410301797,2336847.24992372,"27021405",,,,,0.902256723195549,
"270031410",Coon Rapids W-5 P-2,"1410",Coon Rapids,"050","13114",Anoka,"2","003","3","35",35B,10117.6077325083,2870124.03775637,"27021410",,,,,1.10815489097773,
"270031120",Coon Rapids W-2 P-4,"1120",Coon Rapids,"050","13114",Anoka,"2","003","3","35",35B,5020.13784910254,1061751.5332741,"27021120",,,,,0.40994226699713,
"270031115",Coon Rapids W-2 P-3,"1115",Coon Rapids,"050","13114",Anoka,"2","003","3","35",35B,8017.02787713265,2009071.07171377,"27021115",,,,,0.775702340788685,
"270031110",Coon Rapids W-2 P-2,"1110",Coon Rapids,"050","13114",Anoka,"2","003","3","35",35B,9109.48927147487,4462129.28006253,"27021110",,,,,1.72282811503214,
"270031105",Coon Rapids W-2 P-1,"1105",Coon Rapids,"050","13114",Anoka,"2","003","3","35",35B,7199.75965967639,2422876.43003613,"27021105",,,,,0.93547258963695,
"270031010",Coon Rapids W-1 P-2,"1010",Coon Rapids,"050","13114",Anoka,"2","003","3","35",35B,8138.1340324327,2640912.97261622,"27021010",,,,,1.01965649872712,
"270031125",Coon Rapids W-2 P-5,"1125",Coon Rapids,"050","13114",Anoka,"2","003","3","35",35B,7475.94488930619,2745348.21661841,"27021125",,,,,1.05997894643637,
"270031210",Coon Rapids W-3 P-2,"1210",Coon Rapids,"050","13114",Anoka,"2","003","3","35",35B,6625.14205041932,2759287.40860126,"27021210",,,,,1.06536086846095,
"270031020",Coon Rapids W-1 P-4,"1020",Coon Rapids,"050","13114",Anoka,"2","003","3","35",35A,8840.66268780131,3066777.40569484,"27021020",,,,,1.18408275633878,
"270031205",Coon Rapids W-3 P-1,"1205",Coon Rapids,"050","13114",Anoka,"2","003","3","35",35A,6662.71766537596,1841923.46985303,"27021205",,,,,0.711166651710254,
"270031005",Coon Rapids W-1 P-1,"1005",Coon Rapids,"050","13114",Anoka,"2","003","3","35",35A,10588.6314700248,4364523.22430154,"27021005",,,,,1.68514241690283,
"270031015",Coon Rapids W-1 P-3,"1015",Coon Rapids,"050","13114",Anoka,"2","003","3","35",35A,10480.5163838949,3738729.9530486,"27021015",,,,,1.44352363487206,
"270031305",Coon Rapids W-4 P-1,"1305",Coon Rapids,"050","13114",Anoka,"2","003","3","35",35A,6040.42865602538,1555455.10896744,"27021305",,,,,0.60056121757233,
"270031310",Coon Rapids W-4 P-2,"1310",Coon Rapids,"050","13114",Anoka,"2","003","3","35",35A,7144.20692011119,1836996.44256174,"27021310",,,,,0.709264326473089,
"270031315",Coon Rapids W-4 P-3,"1315",Coon Rapids,"050","13114",Anoka,"2","003","3","35",35A,11679.2656131847,2949414.53911159,"27021315",,,,,1.13876895355099,
"270031215",Coon Rapids W-3 P-3,"1215",Coon Rapids,"050","13114",Anoka,"2","003","3","35",35B,11873.8713448741,3672096.23864353,"27021215",,,,,1.41779635774027,
"270030140",Anoka P-8,"0140",Anoka,"005","01720",Anoka,"2","003","3","35",35A,5662.11565430016,1334205.64225967,"27020140",,,,,0.515136798476457,
"270030135",Anoka P-7,"0135",Anoka,"005","01720",Anoka,"2","003","3","35",35A,5724.7840130879,1553734.22955371,"27020135",,,,,0.599896786030687,
"270030125",Anoka P-5,"0125",Anoka,"005","01720",Anoka,"2","003","3","35",35A,4031.00234837225,973810.10483898,"27020125",,,,,0.37598808147833,
"270030120",Anoka P-4,"0120",Anoka,"005","01720",Anoka,"2","003","3","35",35A,6050.6481374622,1491285.66086249,"27020120",,,,,0.575785393659009,
"270030130",Anoka P-6,"0130",Anoka,"005","01720",Anoka,"2","003","3","35",35A,16348.4843301179,5145967.20569885,"27020130",,,,,1.98685793812032,
"270030110",Anoka P-2,"0110",Anoka,"005","01720",Anoka,"2","003","3","35",35A,6854.2768793584,2052709.89851477,"27020110",,,,,0.792551291816551,
"270030105",Anoka P-1,"0105",Anoka,"005","01720",Anoka,"2","003","3","35",35A,6499.94345456327,1458560.44995803,"27020105",,,,,0.563150189728796,
"270032910",Ramsey W-4 P-2,"2910",Ramsey,"095","53026",Anoka,"2","003","6","31",31A,12164.8698664386,3728931.19322418,"27022910",,,,,1.43974033370386,
"270032905",Ramsey W-4 P-1,"2905",Ramsey,"095","53026",Anoka,"2","003","6","31",31A,9649.55068567737,3987188.16054058,"27022905",,,,,1.53945334878472,
"270032610",Ramsey W-1 P-2,"2610",Ramsey,"095","53026",Anoka,"2","003","6","31",31A,27109.6731576691,10916928.8714264,"27022610",,,,,4.21502623725773,
"270032810",Ramsey W-3 P-2,"2810",Ramsey,"095","53026",Anoka,"2","003","6","31",31A,12590.595949832,5691357.28926443,"27022810",,,,,2.197433049385,
"270032805",Ramsey W-3 P-1,"2805",Ramsey,"095","53026",Anoka,"2","003","6","31",31A,12437.914146206,6447196.41473739,"27022805",,,,,2.48926253573011,
"270032705",Ramsey W-2 P-1,"2705",Ramsey,"095","53026",Anoka,"2","003","6","31",31A,25324.5160692567,16879114.5735337,"27022705",,,,,6.51702613684136,
"270032605",Ramsey W-1 P-1,"2605",Ramsey,"095","53026",Anoka,"2","003","6","31",31A,17111.9432659143,9593966.67936708,"27022605",,,,,3.70423053490363,
"270030010",Andover P-2,"0010",Andover,"004","01486",Anoka,"2","003","6","31",31A,17240.1547132369,9464737.22496624,"27020010",,,,,3.65433504255947,
"270030015",Andover P-3,"0015",Andover,"004","01486",Anoka,"2","003","6","31",31A,7700.9099765695,3096308.37203202,"27020015",,,,,1.19548466244156,
"270030050",Andover P-10,"0050",Andover,"004","01486",Anoka,"2","003","6","35",35B,11631.0020237074,4470928.14485682,"27020050",,,,,1.72622535672922,
"270030045",Andover P-9,"0045",Andover,"004","01486",Anoka,"2","003","6","35",35B,9014.49535052164,5008260.42353732,"27020045",,,,,1.93368934952776,
"270030020",Andover P-4,"0020",Andover,"004","01486",Anoka,"2","003","6","31",31A,9152.61765230893,4759253.07609214,"27020020",,,,,1.83754761267917,
"270030040",Andover P-8,"0040",Andover,"004","01486",Anoka,"2","003","6","31",31B,12168.1211490825,7176250.60055416,"27020040",,,,,2.77075035687396,
"270030035",Andover P-7,"0035",Andover,"004","01486",Anoka,"2","003","6","31",31B,11445.4441758245,5058877.81145177,"27020035",,,,,1.95323272300153,
"270030025",Andover P-5,"0025",Andover,"004","01486",Anoka,"2","003","6","31",31A,14347.4731103877,8377938.63803927,"27020025",,,,,3.23472210814696,
"270030005",Andover P-1,"0005",Andover,"004","01486",Anoka,"2","003","6","31",31A,22641.7438713721,17528662.1482701,"27020005",,,,,6.7678164554471,
"270031910",Ham Lake P-2,"1910",Ham Lake,"065","26738",Anoka,"2","003","6","32",32A,14173.5384411286,10233336.9555462,"27021910",,,,,3.9510913985364,
"270031925",Ham Lake P-5,"1925",Ham Lake,"065","26738",Anoka,"2","003","6","32",32A,14656.9450726061,7054578.7224888,"27021925",,,,,2.72377284475293,
"270031930",Ham Lake P-6,"1930",Ham Lake,"065","26738",Anoka,"2","003","6","32",32A,20461.1900719367,14359070.0406773,"27021930",,,,,5.5440369427055,
"270031905",Ham Lake P-1,"1905",Ham Lake,"065","26738",Anoka,"2","003","6","31",31B,24090.5359637628,20399125.4955374,"27021905",,,,,7.87610235382699,
"270031915",Ham Lake P-3,"1915",Ham Lake,"065","26738",Anoka,"2","003","6","31",31B,22045.0784237279,20694906.8850776,"27021915",,,,,7.99030354832845,
"270031505",East Bethel P-1,"1505",East Bethel,"051","17486",Anoka,"2","003","6","31",31B,32594.2357008312,50692246.305739,"27021505",,,,,19.5722762986458,
"270031510",East Bethel P-2,"1510",East Bethel,"051","17486",Anoka,"2","003","6","31",31B,39106.3333419689,29176518.9999948,"27021510",,,,,11.265053985898,
"270032520",Oak Grove P-4,"2520",Oak Grove,"090","47690",Anoka,"2","003","6","31",31B,23864.4366326498,21693678.8810946,"27022520",,,,,8.37592941599061,
"270032510",Oak Grove P-2,"2510",Oak Grove,"090","47690",Anoka,"2","003","6","30",30B,29045.2589528576,23302616.5666141,"27022510",,,,,8.99714025636972,
"270032505",Oak Grove P-1,"2505",Oak Grove,"090","47690",Anoka,"2","003","6","31",31B,20861.5862549625,18102847.1434038,"27022505",,,,,6.9895092820682,
"270032410",Nowthen P-2,"2410",Nowthen,"086","47536",Anoka,"2","003","6","30",30B,24682.6408957662,34618477.8205782,"27022410",,,,,13.3661942865253,
"270033010",Saint Francis P-2,"3010",St. Francis,"106","56950",Anoka,"2","003","6","27",27B,28949.8533831024,21480164.8098707,"27023010",,,,,8.29349163309107,
"270590022",Cambridge P-2,"0022",Cambridge,"019","09370",Isanti,"30","059","8","28",28A,24877.7162219759,7759600.11512556,"27300022",,,,,2.99598160444998,
"270250067",North Branch P-A,"0067",North Branch,"060","46798",Chisago,"13","025","8","28",28A,25991.4104012097,31913755.4784735,"27130067",,,,,12.3219009902386,
"270250066",North Branch P-C,"0066",North Branch,"060","46798",Chisago,"13","025","8","28",28B,26669.6690497177,33995242.9390029,"27130066",,,,,13.125563298749,
"270250030",Chisago Lake Twp P-S,"0030",Chisago Lake Twp,"025","11368",Chisago,"13","025","8","28",28B,76507.8772682732,55117551.2939265,"27130030",,,,,21.280886554585,
"270250025",Chisago Lake Twp P-N,"0025",Chisago Lake Twp,"025","11368",Chisago,"13","025","8","28",28B,78084.3632985579,81050484.1170847,"27130025",,,,,31.2935919176064,
"270170045",Cloquet W-2,"0045",Cloquet,"040","12160",Carlton,"9","017","8","11",11A,10912.00117199,3615488.86361909,"27090045",,,,,1.39594025024333,
"270170050",Cloquet W-3,"0050",Cloquet,"040","12160",Carlton,"9","017","8","11",11A,4435.32400585628,1187984.03312201,"27090050",,,,,0.45868063518841,
"270170040",Cloquet W-1,"0040",Cloquet,"040","12160",Carlton,"9","017","8","11",11A,17508.0812529365,11402264.6175407,"27090040",,,,,4.40241436883245,
"270170055",Cloquet W-4,"0055",Cloquet,"040","12160",Carlton,"9","017","8","11",11A,23485.3807631291,20755208.498244,"27090055",,,,,8.013586001172,
"270170060",Cloquet W-5 P-1,"0060",Cloquet,"040","12160",Carlton,"9","017","8","11",11A,18319.1374454435,18855457.1586899,"27090060",,,,,7.28009200897019,
"270170125",Red Clover Unorg,"0125",Red Clover Unorg,"088","46820",Carlton,"9","017","8","11",11A,40525.9712270344,91731937.5158377,"27090125",,,,,35.4177010748649,
"270170118",Progress Unorg,"0118",Progress Unorg,"085","46820",Carlton,"9","017","8","11",11A,39205.2569495188,96193379.3393482,"27090118",,,,,37.1402637629224,
"270170130",Sawyer Unorg,"0130",Sawyer Unorg,"089","46820",Carlton,"9","017","8","11",11A,29045.9853884209,46945262.2859372,"27090130",,,,,18.1255657686004,
"271370140",Duluth P-1,"0140",Duluth,"125","17000",St. Louis,"69","137","8","8",8B,26197.9332889304,12864778.2617493,"27690140",,,,,4.96709088686141,
"271370155",Duluth P-4,"0155",Duluth,"125","17000",St. Louis,"69","137","8","8",8B,9694.02158459827,2853781.09302192,"27690155",,,,,1.10184488001576,
"271370145",Duluth P-2,"0145",Duluth,"125","17000",St. Louis,"69","137","8","8",8B,6252.54800783622,1216632.3043093,"27690145",,,,,0.46974173269382,
"271370150",Duluth P-3,"0150",Duluth,"125","17000",St. Louis,"69","137","8","8",8B,7250.47858201734,1885440.66186351,"27690150",,,,,0.7279686395455,
"271370160",Duluth P-5,"0160",Duluth,"125","17000",St. Louis,"69","137","8","8",8B,17970.6300068522,11364619.2612538,"27690160",,,,,4.3878794967701,
"271370175",Duluth P-8,"0175",Duluth,"125","17000",St. Louis,"69","137","8","8",8B,9411.44589373941,3608124.00453604,"27690175",,,,,1.39309667815137,
"271370205",Duluth P-13,"0205",Duluth,"125","17000",St. Louis,"69","137","8","8",8B,5548.23213594908,1284742.67787733,"27690205",,,,,0.496039147928437,
"271370200",Duluth P-12,"0200",Duluth,"125","17000",St. Louis,"69","137","8","8",8B,4660.48288222215,683429.136111991,"27690200",,,,,0.26387198945284,
"271370180",Duluth P-9,"0180",Duluth,"125","17000",St. Louis,"69","137","8","8",8B,5333.02974705624,1007137.90161262,"27690180",,,,,0.388855943812631,
"271370190",Duluth P-10,"0190",Duluth,"125","17000",St. Louis,"69","137","8","8",8B,4344.73851745886,1160327.51806213,"27690190",,,,,0.448002454723787,
"271370170",Duluth P-7,"0170",Duluth,"125","17000",St. Louis,"69","137","8","8",8B,10649.4742440824,3317883.0963522,"27690170",,,,,1.28103466350158,
"271370165",Duluth P-6,"0165",Duluth,"125","17000",St. Louis,"69","137","8","8",8B,13341.7103070602,7208488.32678266,"27690165",,,,,2.78319734297079,
"271370215",Duluth P-15,"0215",Duluth,"125","17000",St. Louis,"69","137","8","8",8B,5161.12281483811,1317302.8163946,"27690215",,,,,0.508610617409956,
"271370210",Duluth P-14,"0210",Duluth,"125","17000",St. Louis,"69","137","8","8",8B,4473.40273864043,950055.477186649,"27690210",,,,,0.366816419741765,
"271370230",Duluth P-17,"0230",Duluth,"125","17000",St. Louis,"69","137","8","8",8A,4719.76417368947,1017335.20576449,"27690230",,,,,0.392793122945671,
"271370195",Duluth P-11,"0195",Duluth,"125","17000",St. Louis,"69","137","8","8",8B,18602.9951726554,15093969.2725163,"27690195",,,,,5.82778153611854,
"271370220",Duluth P-16,"0220",Duluth,"125","17000",St. Louis,"69","137","8","8",8A,8226.90705745528,3079518.67434179,"27690220",,,,,1.18900216016337,
"271370265",Duluth P-23,"0265",Duluth,"125","17000",St. Louis,"69","137","8","8",8B,34412.1220786834,20021341.3304072,"27690265",,,,,7.73023988767021,
"271370260",Duluth P-22,"0260",Duluth,"125","17000",St. Louis,"69","137","8","8",8A,13457.3804674337,7219280.73191865,"27690260",,,,,2.78736429059379,
"271370270",Duluth P-24,"0270",Duluth,"125","17000",St. Louis,"69","137","8","8",8A,11098.2843656709,4443380.13145805,"27690270",,,,,1.71558906875595,
"271370275",Duluth P-25,"0275",Duluth,"125","17000",St. Louis,"69","137","8","8",8A,9237.19640346428,4649081.98565625,"27690275",,,,,1.79501055466188,
"271370240",Duluth P-18,"0240",Duluth,"125","17000",St. Louis,"69","137","8","8",8A,21869.2465318469,8868226.08114772,"27690240",,,,,3.42402208993113,
"271370285",Duluth P-27,"0285",Duluth,"125","17000",St. Louis,"69","137","8","8",8A,13016.5015667935,5614037.35117581,"27690285",,,,,2.16757982128898,
"271370280",Duluth P-26,"0280",Duluth,"125","17000",St. Louis,"69","137","8","8",8A,9925.49937462486,3002413.302062,"27690280",,,,,1.15923177592614,
"271370255",Duluth P-21,"0255",Duluth,"125","17000",St. Louis,"69","137","8","8",8A,16404.8818826339,5484467.95531672,"27690255",,,,,2.11755307754778,
"271370245",Duluth P-19,"0245",Duluth,"125","17000",St. Louis,"69","137","8","8",8A,13274.8987429346,5588757.3931787,"27690245",,,,,2.15781922950629,
"271370295",Duluth P-29,"0295",Duluth,"125","17000",St. Louis,"69","137","8","8",8A,4684.52827516195,1033392.40273663,"27690295",,,,,0.398992806696611,
"271370290",Duluth P-28,"0290",Duluth,"125","17000",St. Louis,"69","137","8","8",8A,11319.5845387145,5279272.72353455,"27690290",,,,,2.03832719855669,
"271370305",Duluth P-31,"0305",Duluth,"125","17000",St. Louis,"69","137","8","8",8A,13749.8746830278,7721064.07089142,"27690305",,,,,2.98110283777118,
"271370300",Duluth P-30,"0300",Duluth,"125","17000",St. Louis,"69","137","8","8",8A,14295.335408917,5302632.51926513,"27690300",,,,,2.04734641568827,
"271370325",Duluth P-34,"0325",Duluth,"125","17000",St. Louis,"69","137","8","3",3B,21840.2128068859,16144122.837174,"27690325",,,,,6.23324582743287,
"271370320",Duluth P-33,"0320",Duluth,"125","17000",St. Louis,"69","137","8","8",8A,26779.8179840496,18795168.2851255,"27690320",,,,,7.25681447488697,
"271370605",Hermantown P-3,"0605",Hermantown,"230","28682",St. Louis,"69","137","8","3",3B,19322.2864360836,23392672.3638334,"27690605",,,,,9.03191079967607,
"271370595",Hermantown P-1,"0595",Hermantown,"230","28682",St. Louis,"69","137","8","3",3B,22092.7801411968,18741493.9422727,"27690595",,,,,7.2360908111115,
"271371020",Unorg Prct 23,"1020",Whiteface Reservoir Unorg,"451","70069",St. Louis,"69","137","8","3",3B,38764.1485851367,93742104.6013839,"27691020",,,,,36.1938265865943,
"271370942",Unorg Prct 2,"0942",Whiteface Reservoir Unorg,"451","70069",St. Louis,"69","137","8","3",3B,96244.0397274118,370598644.199627,"27690942",,,,,143.088136525476,
"271371005",Unorg Prct 20,"1005",Birch Lake Unorg,"057","06042",St. Louis,"69","137","8","3",3A,76990.7512829418,184299544.402978,"27691005",,,,,71.1580540939899,
"271371135",White Twp P-2,"1135",White Twp,"450","69898",St. Louis,"69","137","8","7",7B,41305.5348001753,89372538.6943447,"27691135",,,,,34.5067371898865,
"271370991",Unorg Prct 14,"0991",Makinen Unorg,"281","39538",St. Louis,"69","137","8","7",7B,38746.0668974043,94009789.404097,"27690991",,,,,36.2971796889218,
"271370950",Unorg Prct 5,"0950",Makinen Unorg,"281","39538",St. Louis,"69","137","8","7",7B,38290.0976529405,91741330.8002631,"27690950",,,,,35.4213278219816,
"271370825",Mountain Iron P-2,"0825",Mountain Iron,"325","44548",St. Louis,"69","137","8","7",7B,56837.0185373184,71715069.8642471,"27690825",,,,,27.6891884745858,
"271370480",Eveleth P-2,"0480",Eveleth,"155","19934",St. Louis,"69","137","8","7",7B,12634.8433191987,5587186.14414473,"27690480",,,,,2.15721257025428,
"271371055",Virginia P-4,"1055",Virginia,"440","67288",St. Louis,"69","137","8","7",7B,4512.25538039325,719778.111225306,"27691055",,,,,0.277906328744091,
"271371045",Virginia P-2,"1045",Virginia,"440","67288",St. Louis,"69","137","8","7",7B,7016.5987584601,2793238.45257232,"27691045",,,,,1.07846936653817,
"271371050",Virginia P-3,"1050",Virginia,"440","67288",St. Louis,"69","137","8","7",7B,4599.41552233452,771346.666448054,"27691050",,,,,0.297816947915594,
"271371060",Virginia P-5,"1060",Virginia,"440","67288",St. Louis,"69","137","8","7",7B,23457.4041180613,16807852.0557186,"27691060",,,,,6.48951167871294,
"271370635",Hibbing W-3,"0635",Hibbing,"235","28790",St. Louis,"69","137","8","7",7A,52057.0368738336,126234213.74204,"27690635",,,,,48.7390299258017,
"271370615",Hibbing W-1,"0615",Hibbing,"235","28790",St. Louis,"69","137","8","7",7A,40586.4088393623,66925178.1479443,"27690615",,,,,25.8398112829213,
"271370645",Hibbing W-4,"0645",Hibbing,"235","28790",St. Louis,"69","137","8","7",7A,49522.9569764147,123949502.498688,"27690645",,,,,47.8569029147435,
"271370992",Unorg Prct 15,"0992",Sand Lake Unorg,"393","58369",St. Louis,"69","137","8","7",7B,38091.2140370458,89674231.0384052,"27690992",,,,,34.6232206039283,
"271370993",Unorg Prct 16,"0993",Sand Lake Unorg,"393","58369",St. Louis,"69","137","8","7",7B,32923.8833725462,66442776.3622225,"27690993",,,,,25.6535559534541,
"270750125",Unorg Terr No 2 Prec 3,"0125",Lake County Territory 2 Unorg,"036","34773",Lake,"38","075","8","3",3B,38476.0350610065,53994687.1535529,"27380125",,,,,20.8473487099868,
"270750115",Unorg Terr No 2 Prec 1,"0115",Lake County Territory 2 Unorg,"036","34773",Lake,"38","075","8","3",3B,16861.7470696319,9229962.08538436,"27380115",,,,,3.5636883611669,
"270750120",Unorg Terr No 2 Prec 2,"0120",Lake County Territory 2 Unorg,"036","34773",Lake,"38","075","8","3",3B,30870.1982062292,24943642.8399849,"27380120",,,,,9.63074050051818,
"270750070",Two Harbors W-1,"0070",Two Harbors,"035","65956",Lake,"38","075","8","3",3B,7660.17571894892,1226137.28336775,"27380070",,,,,0.473411605108287,
"270750080",Two Harbors W-2,"0080",Two Harbors,"035","65956",Lake,"38","075","8","3",3B,5949.4316862635,735439.54059901,"27380080",,,,,0.283953206625278,
"270750090",Two Harbors W-3,"0090",Two Harbors,"035","65956",Lake,"38","075","8","3",3B,8669.22760450874,2406752.86148319,"27380090",,,,,0.929247279818661,
"270750040",Silver Bay P-1,"0040",Silver Bay,"025","60250",Lake,"38","075","8","3",3A,17041.8435623906,10004209.7083937,"27380040",,,,,3.86262536841079,
"270750020",Beaver Bay Twp P-4,"0020",Beaver Bay Twp,"005","04474",Lake,"38","075","8","3",3A,50124.6848838472,60040535.4379011,"27380020",,,,,23.1816507325736,
"270310060",Pike Lake P-9,"0060",West Cook Unorg,"020","69307",Cook,"16","031","8","3",3A,71287.0481275317,171146535.81844,"27160060",,,,,66.0796774794995,
"270310030",Cascade P-7,"0030",West Cook Unorg,"020","69307",Cook,"16","031","8","3",3A,47601.2148179932,68180939.3575002,"27160030",,,,,26.3246606859308,
"270310065",Maple Hill P-8A,"0065",West Cook Unorg,"020","69307",Cook,"16","031","8","3",3A,45015.7055130568,78790771.2523713,"27160065",,,,,30.4211167805405,
"270310055",Croftville P-4,"0055",West Cook Unorg,"020","69307",Cook,"16","031","8","3",3A,25117.981063424,20966335.5265244,"27160055",,,,,8.09510214679107,
"270310025",Hovland P-2,"0025",East Cook Unorg,"003","17531",Cook,"16","031","8","3",3A,96515.8242791707,254395006.555124,"27160025",,,,,98.2219120309333,
"270310010",Grand Marais East P-5,"0010",Grand Marais,"005","24992",Cook,"16","031","8","3",3A,12291.0821975493,2492728.57528444,"27160010",,,,,0.962442502917322,
"271090145",Rochester W-1 P-10,"0145",Rochester,"095","54880",Olmsted,"55","109","1","24",24A,44966.2712882008,8492076.59562706,"27550145",,,,,3.27879077357161,
"271370975",Unorg Prct 10,"0975",Northeast St. Louis Unorg,"353","46898",St. Louis,"69","137","8","7",7B,38589.0698750738,93336845.6521968,"27690975",,,,,36.0373561063132,
"270550076",La Crescent P-3,"0076",La Crescent,"054","33866",Houston,"28","055","1","26",26B,9815.51257184667,1456912.85316819,"27280076",,,,,0.56251405260824,
"270130095",Madison Lake,"0095",Madison Lake,"095","39320",Blue Earth,"7","013","1","22",22B,25225.365656042,3665837.20191893,"27070095",,,,,1.4153797436609,
"270090095",Sartell P-2,"0095",Sartell,"072","58612",Benton,"5","009","6","13",13B,13315.3143125352,3072534.29175112,"27050095",,,,,1.18630549004511,
"270130165",Mankato W-4 P-15,"0165",Mankato,"100","39878",Blue Earth,"7","013","1","18",18B,4159.68596523769,818262.533517325,"27070165",,,,,0.315931164191039,
"270330050",Great Bend Twp,"0050",Great Bend Twp,"050","25514",Cottonwood,"17","033","7","21",21B,59963.8404336095,82293382.9223252,"27170050",,,,,31.7734751463098,
"270390007",Byron P-2,"0007",Byron,"007","09154",Dodge,"20","039","1","24",24A,539.400448923316,5714.98473879422,"27200007",,,,,0.00220655560764845,
"270330140",Windom W-2 P-1,"0140",Windom,"125","70798",Cottonwood,"17","033","7","21",21B,9793.78352864932,2696948.84935558,"27170140",,,,,1.04129195073619,
"270830150",Shelburne Twp,"0150",Shelburne Twp,"125","59440",Lyon,"42","083","7","15",15A,42618.089343513,93424177.3136452,"27420150",,,,,36.0710748607984,
"270590035",Isanti P-1,"0035",Isanti,"034","31328",Isanti,"30","059","8","28",28A,11982.5457795134,4414355.57633339,"27300035",,,,,1.70438268802232,
"270230100",Raymond,"0100",Raymond,"077","53296",Chippewa,"12","023","7","16",16A,1024.72906255336,60278.7759253932,"27120100",,,,,0.0232736353847943,
"271390114",Savage P-6,"0114",Savage,"082","58738",Scott,"70","139","2","55",55A,9941.15435697188,4774560.39243782,"27700114",337,Matt Little,23.74,"[{""name"": ""Abdi Abdulle"", ""votes"": 9, ""votes_pct"": 2.67, ""party"": ""DFL""}, {""name"": ""Matthew D. Klein"", ""votes"": 80, ""votes_pct"": 23.74, ""party"": ""DFL""}, {""name"": ""Hugh McTavish"", ""votes"": 10, ""votes_pct"": 2.97, ""party"": ""DFL""}, {""name"": ""Matt Little"", ""votes"": 160, ""votes_pct"": 47.48, ""party"": ""DFL""}, {""name"": ""Kaela Berg"", ""votes"": 76, ""votes_pct"": 22.55, ""party"": ""DFL""}, {""name"": ""Christopher Mosel"", ""votes"": 2, ""votes_pct"": 0.59, ""party"": ""DFL""}]",1.84345776752024,182.808635997841
"271390116",Savage P-7,"0116",Savage,"082","58738",Scott,"70","139","2","55",55A,11140.4156328038,4248756.88656203,"27700116",436,Matt Little,18.12,"[{""name"": ""Abdi Abdulle"", ""votes"": 9, ""votes_pct"": 2.06, ""party"": ""DFL""}, {""name"": ""Matthew D. Klein"", ""votes"": 127, ""votes_pct"": 29.13, ""party"": ""DFL""}, {""name"": ""Hugh McTavish"", ""votes"": 12, ""votes_pct"": 2.75, ""party"": ""DFL""}, {""name"": ""Matt Little"", ""votes"": 206, ""votes_pct"": 47.25, ""party"": ""DFL""}, {""name"": ""Kaela Berg"", ""votes"": 81, ""votes_pct"": 18.58, ""party"": ""DFL""}, {""name"": ""Christopher Mosel"", ""votes"": 1, ""votes_pct"": 0.23, ""party"": ""DFL""}]",1.6404450339016,265.781535491639
"270032305",Linwood Twp P-1,"2305",Linwood Twp,"085","37376",Anoka,"2","003","6","31",31B,34010.9345633037,42877184.1953228,"27022305",,,,,16.5548808178141,
"271390045",Jackson Twp P-1,"0045",Jackson Twp,"050","31580",Scott,"70","139","2","54",54A,22834.0079264408,8023570.42274529,"27700045",42,Matt Little,30.95,"[{""name"": ""Abdi Abdulle"", ""votes"": 6, ""votes_pct"": 14.29, ""party"": ""DFL""}, {""name"": ""Matthew D. Klein"", ""votes"": 5, ""votes_pct"": 11.90, ""party"": ""DFL""}, {""name"": ""Hugh McTavish"", ""votes"": 1, ""votes_pct"": 2.38, ""party"": ""DFL""}, {""name"": ""Matt Little"", ""votes"": 21, ""votes_pct"": 50.00, ""party"": ""DFL""}, {""name"": ""Kaela Berg"", ""votes"": 8, ""votes_pct"": 19.05, ""party"": ""DFL""}, {""name"": ""Christopher Mosel"", ""votes"": 1, ""votes_pct"": 2.38, ""party"": ""DFL""}]",3.09790054022196,13.5575688937356
"270110056",Johnson,"0056",Johnson,"051","32012",Big Stone,"6","011","7","12",12A,4795.66581133421,799077.692053177,"27060056",,,,,0.308523896901732,
"270190112",Shorewood P-4,"0112",Shorewood,"092","60016",Carver,"10","019","6","48",48B,565.878743939848,19217.905925029,"27100112",,,,,0.00742003347765369,
"270373080",Lakeville P-18,"3080",Lakeville,"080","35180",Dakota,"19","037","2","57",57B,6371.39698772238,2536160.72857203,"27193080",478,Matt Little,25.1,"[{""name"": ""Abdi Abdulle"", ""votes"": 7, ""votes_pct"": 1.46, ""party"": ""DFL""}, {""name"": ""Matthew D. Klein"", ""votes"": 146, ""votes_pct"": 30.54, ""party"": ""DFL""}, {""name"": ""Hugh McTavish"", ""votes"": 10, ""votes_pct"": 2.09, ""party"": ""DFL""}, {""name"": ""Matt Little"", ""votes"": 266, ""votes_pct"": 55.65, ""party"": ""DFL""}, {""name"": ""Kaela Berg"", ""votes"": 47, ""votes_pct"": 9.83, ""party"": ""DFL""}, {""name"": ""Christopher Mosel"", ""votes"": 2, ""votes_pct"": 0.42, ""party"": ""DFL""}]",0.979211657301662,488.147783408939
"271450390",Saint Joseph Twp P-1,"0390",St. Joseph Twp,"240","57148",Stearns,"73","145","6","13",13A,54554.8759098919,51524802.3562804,"27730390",,,,,19.8937261897598,
"270950015",Borgholm Twp,"0015",Borgholm Twp,"015","07012",Mille Lacs,"48","095","8","10",10B,48312.4725373109,90228043.4198149,"27480015",,,,,34.8370475643905,
"271710005",Albertville P-1,"0005",Albertville,"005","00730",Wright,"86","171","6","30",30A,8789.52453325908,4224491.53066437,"27860005",,,,,1.63107617998951,
"271710128",Monticello P-3,"0128",Monticello,"109","43774",Wright,"86","171","6","29",29B,22433.6320415627,10671208.2491085,"27860128",,,,,4.12015350498078,
"271410120",Big Lake Twp P-2,"0120",Big Lake Twp,"020","05770",Sherburne,"71","141","6","27",27A,71359.2834263757,40019049.5465133,"27710120",,,,,15.4513550299088,
"270490220",Zumbrota Twp,"0220",Zumbrota Twp,"161","72346",Goodhue,"25","049","1","20",20B,42889.9065386888,89740021.5393697,"27250220",,,,,34.6486223163506,
"270010240",Northeast Aitkin Unorg,"0240",Northeast Aitkin Unorg,"142","46890",Aitkin,"1","001","8","7",7A,58540.8514870237,193274202.515695,"27010240",,,,,74.6231695913098,
"270110080",Ortonville P-1,"0080",Ortonville,"080","48706",Big Stone,"6","011","7","12",12A,17429.6714183708,5889617.02196452,"27060080",,,,,2.2739811321805,
"270110082",Ortonville P-2,"0082",Ortonville,"080","48706",Big Stone,"6","011","7","12",12A,15705.9785319183,3005458.35792626,"27060082",,,,,1.16040747199533,
"270150127",Prairieville Twp P-7,"0127",Prairieville Twp,"090","52342",Brown,"8","015","7","15",15B,33468.3968958855,39413805.6732468,"27080127",,,,,15.2176703704406,
"270170036",Carlton P-2,"0036",Carlton,"035","10018",Carlton,"9","017","8","11",11A,1755.56774588547,119207.441380928,"27090036",,,,,0.0460259931171764,
"270270157",Moorhead City W-1 P-2,"0157",Moorhead,"145","43864",Clay,"14","027","7","4",4A,11393.1576017025,4230483.30539735,"27140157",,,,,1.63338960421392,
"270270200",Moorhead City W-4 P-11,"0200",Moorhead,"145","43864",Clay,"14","027","7","4",4A,6275.1359916411,1213926.77209769,"27140200",,,,,0.468697126706918,
"270410005",Alexandria W-1,"0005",Alexandria,"005","00928",Douglas,"21","041","7","12",12B,21724.394223645,9635907.3271177,"27210005",,,,,3.72042381900014,
"270250110",Wyoming P-B,"0110",Wyoming,"105","72022",Chisago,"13","025","8","28",28B,21757.2960503452,24860846.3199078,"27130110",,,,,9.59877276411639,
"270310070",Colvill P-8B,"0070",East Cook Unorg,"003","17531",Cook,"16","031","8","3",3A,70797.1180602091,162862618.741706,"27160070",,,,,62.8812570961728,
"270350045",Brainerd W-4 P-1,"0045",Brainerd,"015","07300",Crow Wing,"18","035","8","6",6B,14444.4260701733,4860257.56034464,"27180045",,,,,1.87654544404906,
"270350295",Precinct 1 Unorg. Terr.,"0295",West Crow Wing Unorg,"228","69316",Crow Wing,"18","035","8","6",6B,10538.8815104988,5941922.55828117,"27180295",,,,,2.29417629975236,
"270350310",Precinct 4 Unorg. Terr.,"0310",West Crow Wing Unorg,"228","69316",Crow Wing,"18","035","8","6",6B,16465.6695934856,12788212.2465898,"27180310",,,,,4.93752874840833,
"270570012",Akeley Twp P-2,"0012",Akeley Twp,"005","00514",Hubbard,"29","057","7","5",5A,33968.7897154911,31557321.3560864,"27290012",,,,,12.1842817755849,
"271030090",North Mankato P-5,"0090",North Mankato,"065","47068",Nicollet,"52","103","1","18",18A,7325.43730361291,1454230.15646465,"27520090",,,,,0.561478263411002,
"271070005",Ada P-1,"0005",Ada,"005","00172",Norman,"54","107","7","1",1B,5378.90364102843,920429.665921676,"27540005",,,,,0.355377894012359,
"271110190",Fergus Falls W-3 P-1,"0190",Fergus Falls,"165","20906",Otter Tail,"56","111","7","9",9A,6047.73705107644,1396628.34013467,"27560190",,,,,0.539238202125996,
"271110195",Fergus Falls W-3 P-2,"0195",Fergus Falls,"165","20906",Otter Tail,"56","111","7","9",9A,9839.33658729227,2898240.99459914,"27560195",,,,,1.11901084801473,
"271110180",Fergus Falls W-2 P-1,"0180",Fergus Falls,"165","20906",Otter Tail,"56","111","7","9",9A,14085.9552308354,3593169.66472378,"27560180",,,,,1.38732280754985,
"271110200",Fergus Falls W-4 P-1,"0200",Fergus Falls,"165","20906",Otter Tail,"56","111","7","9",9A,14590.4041496053,3337830.25954405,"27560200",,,,,1.28873626320996,
"271110205",Fergus Falls W-4 P-2,"0205",Fergus Falls,"165","20906",Otter Tail,"56","111","7","9",9A,40767.6796363345,12276971.5126828,"27560205",,,,,4.74013870104684,
"271490070",Morris P-1,"0070",Morris,"070","44242",Stevens,"75","149","7","12",12A,14989.0937250224,3781657.0052574,"27750070",,,,,1.46009776972988,
"271490085",Morris Twp P-1,"0085",Morris Twp,"075","44260",Stevens,"75","149","7","12",12A,44122.3765403876,86976070.0936675,"27750085",,,,,33.581460663165,
"270470061",Albert Lea Twp P-2,"0061",Albert Lea Twp,"010","00712",Freeborn,"24","047","1","23",23A,9530.28518283063,1304633.81054607,"27240061",,,,,0.503719114251839,
"270470063",Albert Lea Twp P-4,"0063",Albert Lea Twp,"010","00712",Freeborn,"24","047","1","23",23A,7043.73250130675,1460120.8985561,"27240063",,,,,0.56375267893251,
"270470075",Bancroft Twp P-1,"0075",Bancroft Twp,"025","03466",Freeborn,"24","047","1","23",23A,32932.3561373883,38567635.9206713,"27240075",,,,,14.8909642289712,
"271610120",Woodville Twp P-2,"0120",Woodville Twp,"080","71698",Waseca,"81","161","1","19",19B,2268.63777351078,201033.820684709,"27810120",,,,,0.0776191581663663,
"271310115",Northfield Twp P-1,"0115",Northfield Twp,"065","46942",Rice,"66","131","1","58",58B,27728.6180037302,23125807.5430776,"27660115",,,,,8.92887429238225,
"270190128",Waconia P-4,"0128",Waconia,"100","67432",Carver,"10","019","6","48",48A,11609.3121101251,3837212.65924818,"27100128",,,,,1.48154780773572,
"270190117",Victoria P-3,"0117",Victoria,"095","67036",Carver,"10","019","6","48",48A,8891.96825205337,3480064.67518201,"27100117",,,,,1.34365297108777,
"270190119",Victoria P-5,"0119",Victoria,"095","67036",Carver,"10","019","6","48",48A,9663.86361376482,1434691.2356616,"27100119",,,,,0.553934286088942,
"270190040",Chaska W-1 P-1,"0040",Chaska,"035","10972",Carver,"10","019","6","48",48B,2806.41524285515,461799.874508845,"27100040",,,,,0.178300931547865,
"270190047",Chaska W-2 P-2,"0047",Chaska,"035","10972",Carver,"10","019","6","48",48A,11911.4520086095,3667205.76699473,"27100047",,,,,1.41590814663667,
"270190037",Chanhassen P-6,"0037",Chanhassen,"030","10918",Carver,"10","019","6","48",48B,21915.8568540785,18188853.3765237,"27100037",,,,,7.02271628867581,
"270190035",Chanhassen P-5,"0035",Chanhassen,"030","10918",Carver,"10","019","6","48",48B,12641.3977312396,8026413.04054135,"27100035",,,,,3.09899807495302,
"271390025",Credit River P-1,"0025",Credit River,"025","13708",Scott,"70","139","2","57",57A,29940.4280549012,26622597.4874775,"27700025",200,Matt Little,20.5,"[{""name"": ""Abdi Abdulle"", ""votes"": 4, ""votes_pct"": 2.00, ""party"": ""DFL""}, {""name"": ""Matthew D. Klein"", ""votes"": 58, ""votes_pct"": 29.00, ""party"": ""DFL""}, {""name"": ""Hugh McTavish"", ""votes"": 2, ""votes_pct"": 1.00, ""party"": ""DFL""}, {""name"": ""Matt Little"", ""votes"": 99, ""votes_pct"": 49.50, ""party"": ""DFL""}, {""name"": ""Kaela Berg"", ""votes"": 34, ""votes_pct"": 17.00, ""party"": ""DFL""}, {""name"": ""Christopher Mosel"", ""votes"": 3, ""votes_pct"": 1.50, ""party"": ""DFL""}]",10.2789848899151,19.4571742386959
"271390084",Prior Lake P-2,"0084",Prior Lake,"072","52594",Scott,"70","139","2","54",54B,12105.00269985,3423879.57496764,"27700084",283,Matt Little,8.48,"[{""name"": ""Abdi Abdulle"", ""votes"": 10, ""votes_pct"": 3.53, ""party"": ""DFL""}, {""name"": ""Matthew D. Klein"", ""votes"": 94, ""votes_pct"": 33.22, ""party"": ""DFL""}, {""name"": ""Hugh McTavish"", ""votes"": 17, ""votes_pct"": 6.01, ""party"": ""DFL""}, {""name"": ""Matt Little"", ""votes"": 118, ""votes_pct"": 41.70, ""party"": ""DFL""}, {""name"": ""Kaela Berg"", ""votes"": 42, ""votes_pct"": 14.84, ""party"": ""DFL""}, {""name"": ""Christopher Mosel"", ""votes"": 2, ""votes_pct"": 0.71, ""party"": ""DFL""}]",1.32195990389501,214.076084430528
"271390094",Prior Lake P-7,"0094",Prior Lake,"072","52594",Scott,"70","139","2","54",54B,14210.8695927165,6561388.9280286,"27700094",402,Matt Little,10.7,"[{""name"": ""Abdi Abdulle"", ""votes"": 14, ""votes_pct"": 3.48, ""party"": ""DFL""}, {""name"": ""Matthew D. Klein"", ""votes"": 140, ""votes_pct"": 34.83, ""party"": ""DFL""}, {""name"": ""Hugh McTavish"", ""votes"": 15, ""votes_pct"": 3.73, ""party"": ""DFL""}, {""name"": ""Matt Little"", ""votes"": 183, ""votes_pct"": 45.52, ""party"": ""DFL""}, {""name"": ""Kaela Berg"", ""votes"": 48, ""votes_pct"": 11.94, ""party"": ""DFL""}, {""name"": ""Christopher Mosel"", ""votes"": 2, ""votes_pct"": 0.50, ""party"": ""DFL""}]",2.53335226511184,158.683024676891
"271390092",Prior Lake P-5,"0092",Prior Lake,"072","52594",Scott,"70","139","2","54",54B,12412.393057375,5074562.26863966,"27700092",329,Matt Little,11.25,"[{""name"": ""Abdi Abdulle"", ""votes"": 5, ""votes_pct"": 1.52, ""party"": ""DFL""}, {""name"": ""Matthew D. Klein"", ""votes"": 115, ""votes_pct"": 34.95, ""party"": ""DFL""}, {""name"": ""Hugh McTavish"", ""votes"": 12, ""votes_pct"": 3.65, ""party"": ""DFL""}, {""name"": ""Matt Little"", ""votes"": 152, ""votes_pct"": 46.20, ""party"": ""DFL""}, {""name"": ""Kaela Berg"", ""votes"": 43, ""votes_pct"": 13.07, ""party"": ""DFL""}, {""name"": ""Christopher Mosel"", ""votes"": 2, ""votes_pct"": 0.61, ""party"": ""DFL""}]",1.95928849192177,167.918099532805
"271390160",Spring Lake Twp P-1,"0160",Spring Lake Twp,"090","61978",Scott,"70","139","2","54",54B,50690.656785224,74094429.9760705,"27700160",283,Matt Little,4.95,"[{""name"": ""Abdi Abdulle"", ""votes"": 6, ""votes_pct"": 2.12, ""party"": ""DFL""}, {""name"": ""Matthew D. Klein"", ""votes"": 108, ""votes_pct"": 38.16, ""party"": ""DFL""}, {""name"": ""Hugh McTavish"", ""votes"": 8, ""votes_pct"": 2.83, ""party"": ""DFL""}, {""name"": ""Matt Little"", ""votes"": 122, ""votes_pct"": 43.11, ""party"": ""DFL""}, {""name"": ""Kaela Berg"", ""votes"": 38, ""votes_pct"": 13.43, ""party"": ""DFL""}, {""name"": ""Christopher Mosel"", ""votes"": 1, ""votes_pct"": 0.35, ""party"": ""DFL""}]",28.6078594137608,9.89238642105017
"271390158",Shakopee P-13,"0158",Shakopee,"085","59350",Scott,"70","139","2","54",54A,16434.9022422601,4162366.65677886,"27700158",269,Matt Little,7.06,"[{""name"": ""Abdi Abdulle"", ""votes"": 26, ""votes_pct"": 9.67, ""party"": ""DFL""}, {""name"": ""Matthew D. Klein"", ""votes"": 81, ""votes_pct"": 30.11, ""party"": ""DFL""}, {""name"": ""Hugh McTavish"", ""votes"": 18, ""votes_pct"": 6.69, ""party"": ""DFL""}, {""name"": ""Matt Little"", ""votes"": 100, ""votes_pct"": 37.17, ""party"": ""DFL""}, {""name"": ""Kaela Berg"", ""votes"": 41, ""votes_pct"": 15.24, ""party"": ""DFL""}, {""name"": ""Christopher Mosel"", ""votes"": 3, ""votes_pct"": 1.12, ""party"": ""DFL""}]",1.60708976618232,167.383307180791
"271390159",Shakopee P-14,"0159",Shakopee,"085","59350",Scott,"70","139","2","54",54A,8385.82403446372,2697866.93011334,"27700159",255,Matt Little,38.04,"[{""name"": ""Abdi Abdulle"", ""votes"": 13, ""votes_pct"": 5.10, ""party"": ""DFL""}, {""name"": ""Matthew D. Klein"", ""votes"": 50, ""votes_pct"": 19.61, ""party"": ""DFL""}, {""name"": ""Hugh McTavish"", ""votes"": 9, ""votes_pct"": 3.53, ""party"": ""DFL""}, {""name"": ""Matt Little"", ""votes"": 147, ""votes_pct"": 57.65, ""party"": ""DFL""}, {""name"": ""Kaela Berg"", ""votes"": 36, ""votes_pct"": 14.12, ""party"": ""DFL""}, {""name"": ""Christopher Mosel"", ""votes"": 0, ""votes_pct"": 0.00, ""party"": ""DFL""}]",1.04164642171676,244.804757817656
"271390153",Shakopee P-11,"0153",Shakopee,"085","59350",Scott,"70","139","2","54",54A,8627.26541105693,1957265.65124061,"27700153",195,Matt Little,33.85,"[{""name"": ""Abdi Abdulle"", ""votes"": 9, ""votes_pct"": 4.62, ""party"": ""DFL""}, {""name"": ""Matthew D. Klein"", ""votes"": 40, ""votes_pct"": 20.51, ""party"": ""DFL""}, {""name"": ""Hugh McTavish"", ""votes"": 7, ""votes_pct"": 3.59, ""party"": ""DFL""}, {""name"": ""Matt Little"", ""votes"": 106, ""votes_pct"": 54.36, ""party"": ""DFL""}, {""name"": ""Kaela Berg"", ""votes"": 33, ""votes_pct"": 16.92, ""party"": ""DFL""}, {""name"": ""Christopher Mosel"", ""votes"": 0, ""votes_pct"": 0.00, ""party"": ""DFL""}]",0.755700267944,258.038812835845
"271390147",Shakopee P-9B,"0147",Shakopee,"085","59350",Scott,"70","139","2","54",54B,10379.951933609,3106377.04884653,"27700147",19,Matt Little,42.11,"[{""name"": ""Abdi Abdulle"", ""votes"": 0, ""votes_pct"": 0.00, ""party"": ""DFL""}, {""name"": ""Matthew D. Klein"", ""votes"": 5, ""votes_pct"": 26.32, ""party"": ""DFL""}, {""name"": ""Hugh McTavish"", ""votes"": 0, ""votes_pct"": 0.00, ""party"": ""DFL""}, {""name"": ""Matt Little"", ""votes"": 13, ""votes_pct"": 68.42, ""party"": ""DFL""}, {""name"": ""Kaela Berg"", ""votes"": 1, ""votes_pct"": 5.26, ""party"": ""DFL""}, {""name"": ""Christopher Mosel"", ""votes"": 0, ""votes_pct"": 0.00, ""party"": ""DFL""}]",1.19937217855965,15.8416214246503
"271390047",Jackson Twp P-2,"0047",Jackson Twp,"050","31580",Scott,"70","139","2","54",54B,16064.6438789639,4855051.30973928,"27700047",38,Matthew D. Klein,10.53,"[{""name"": ""Abdi Abdulle"", ""votes"": 0, ""votes_pct"": 0.00, ""party"": ""DFL""}, {""name"": ""Matthew D. Klein"", ""votes"": 15, ""votes_pct"": 39.47, ""party"": ""DFL""}, {""name"": ""Hugh McTavish"", ""votes"": 1, ""votes_pct"": 2.63, ""party"": ""DFL""}, {""name"": ""Matt Little"", ""votes"": 11, ""votes_pct"": 28.95, ""party"": ""DFL""}, {""name"": ""Kaela Berg"", ""votes"": 11, ""votes_pct"": 28.95, ""party"": ""DFL""}, {""name"": ""Christopher Mosel"", ""votes"": 0, ""votes_pct"": 0.00, ""party"": ""DFL""}]",1.87453531069034,20.2716906869072
"270130062",Judson Twp P-2,"0062",Judson Twp,"060","32210",Blue Earth,"7","013","1","22",22A,29908.8217555943,10878375.4111613,"27070062",,,,,4.20014074624939,
"270130106",Mankato W-1 P-3,"0106",Mankato,"100","39878",Blue Earth,"7","013","1","18",18B,7674.18605071564,2261969.62605358,"27070106",,,,,0.873346472619287,
"270130160",Mankato W-4 P-14,"0160",Mankato,"100","39878",Blue Earth,"7","013","1","18",18B,4970.90224997837,1167028.93330436,"27070160",,,,,0.450589871148812,
"270130100",Mankato W-1 P-1,"0100",Mankato,"100","39878",Blue Earth,"7","013","1","18",18B,16958.190491207,3836783.41891435,"27070100",,,,,1.48138207804283,
"270130145",Mankato W-3 P-11,"0145",Mankato,"100","39878",Blue Earth,"7","013","1","18",18B,3326.64161171772,536579.382337832,"27070145",,,,,0.207173299520637,
"270130155",Mankato W-3 P-13,"0155",Mankato,"100","39878",Blue Earth,"7","013","1","18",18B,4111.86235634946,877552.613046255,"27070155",,,,,0.338823063897159,
"270130110",Mankato W-2 P-4,"0110",Mankato,"100","39878",Blue Earth,"7","013","1","18",18B,13105.1813454206,2589537.15998174,"27070110",,,,,0.999820297468951,
"270130125",Mankato W-2 P-7,"0125",Mankato,"100","39878",Blue Earth,"7","013","1","18",18A,23665.9008500592,7343273.4783972,"27070125",,,,,2.83523789000916,
"270130135",Mankato W-5 P-9,"0135",Mankato,"100","39878",Blue Earth,"7","013","1","18",18B,7251.89285071219,1092242.87289158,"27070135",,,,,0.421714973223437,
"270130185",Mankato Twp P-2,"0185",Mankato Twp,"105","39896",Blue Earth,"7","013","1","18",18B,40614.0002610609,11664497.2695762,"27070185",,,,,4.50366239578336,
"270130190",Mankato Twp P-3,"0190",Mankato Twp,"105","39896",Blue Earth,"7","013","1","18",18B,28061.4800390167,4956873.98884713,"27070190",,,,,1.91384904709388,
"271710040",Chatham Twp P-1,"0040",Chatham Twp,"030","11062",Wright,"86","171","6","29",29A,33503.0398227438,43234126.6375844,"27860040",,,,,16.6926962947713,
"271710041",Chatham Twp P-2,"0041",Chatham Twp,"030","11062",Wright,"86","171","6","29",29B,6583.96305269612,904311.821734669,"27860041",,,,,0.349154794371756,
"271710129",Monticello P-4,"0129",Monticello,"109","43774",Wright,"86","171","6","29",29B,14490.6706382101,3209097.47006146,"27860129",,,,,1.23903253319073,
"271710127",Monticello P-2,"0127",Monticello,"109","43774",Wright,"86","171","6","29",29B,8852.24640751209,2279278.35468155,"27860127",,,,,0.880029372742546,
"271710141",Otsego City P-2A,"0141",Otsego,"125","49138",Wright,"86","171","6","30",30A,13838.7858402786,5946106.03029481,"27860141",,,,,2.29579153829683,
"271710142",Otsego City P-3B,"0142",Otsego,"125","49138",Wright,"86","171","6","30",30B,25396.2997131464,15182061.7149376,"27860142",,,,,5.86179402813742,
"271710151",Rockford Twp P-2,"0151",Rockford Twp,"130","55024",Wright,"86","171","6","29",29A,15267.8888389395,954457.564610609,"27860151",,,,,0.368516065696156,
"271710155",Saint Michael City P-1,"0155",St. Michael,"137","57346",Wright,"86","171","6","30",30A,21503.526874088,17399301.3273954,"27860155",,,,,6.71787024250738,
"271710158",Saint Michael City P-4,"0158",St. Michael,"137","57346",Wright,"86","171","6","30",30A,24591.2131830962,7090590.99132224,"27860158",,,,,2.73767718174952,
"271410065",Haven Twp P-1,"0065",Haven Twp,"050","27674",Sherburne,"71","141","6","14",14B,25321.8121296722,13431054.7331998,"27710065",,,,,5.18573023248845,
"271450410",Saint Wendel Twp P-1,"0410",St. Wendel Twp,"260","58198",Stearns,"73","145","6","13",13B,34329.0068999482,25173698.3232978,"27730410",,,,,9.71956492262528,
"271450385",Saint Joseph P-2,"0385",St. Joseph,"239","57130",Stearns,"73","145","6","14",14A,11218.760989095,5408577.5494639,"27730385",,,,,2.08825179184801,
"271450395",Saint Joseph Twp P-2,"0395",St. Joseph Twp,"240","57148",Stearns,"73","145","6","14",14A,11697.2557049669,3067895.5289789,"27730395",,,,,1.18451446373875,
"271450350",Saint Cloud W-4 P-5,"0350",St. Cloud,"230","56896",Stearns,"73","145","6","14",14A,11835.6927990605,8223000.88991279,"27730350",,,,,3.17490064359533,
"271450345",Saint Cloud W-4 P-4,"0345",St. Cloud,"230","56896",Stearns,"73","145","6","14",14A,9186.1265526009,3632931.48335846,"27730345",,,,,1.4026748457247,
"271450330",Saint Cloud W-4 P-1,"0330",St. Cloud,"230","56896",Stearns,"73","145","6","14",14B,7182.79777367552,2067404.91495204,"27730330",,,,,0.798225037662983,
"271450270",Saint Cloud W-1 P-3,"0270",St. Cloud,"230","56896",Stearns,"73","145","6","14",14A,11073.2866024366,4342048.9636344,"27730270",,,,,1.67646510485924,
"271450265",Saint Cloud W-1 P-2,"0265",St. Cloud,"230","56896",Stearns,"73","145","6","14",14A,2498.22136871651,400261.724102836,"27730265",,,,,0.154541051676105,
"271450290",Saint Cloud W-1 P-7,"0290",St. Cloud,"230","56896",Stearns,"73","145","6","14",14B,6277.4271780711,1377278.11471564,"27730290",,,,,0.531767080091707,
"270031715",Fridley W-2 P-3,"1715",Fridley,"055","22814",Anoka,"2","003","5","39",39A,5347.91374648423,1299698.6354673,"27021715",,,,,0.501813643153924,
"270031815",Fridley W-3 P-3,"1815",Fridley,"055","22814",Anoka,"2","003","5","39",39A,15238.1089295597,5886715.13391173,"27021815",,,,,2.27286071320332,
"270030540",Blaine W-3 P-8,"0540",Blaine,"020","06382",Anoka,"2","003","6","32",32A,10758.75737882,6078807.37109552,"27020540",,,,,2.34702752597998,
"270030435",Blaine W-2 P-7,"0435",Blaine,"020","06382",Anoka,"2","003","6","32",32B,8291.47005139116,3416563.48990977,"27020435",,,,,1.31913516345416,
"270030525",Blaine W-3 P-5,"0525",Blaine,"020","06382",Anoka,"2","003","6","32",32A,7123.54043531799,2189000.83593322,"27020525",,,,,0.845173222753816,
"270030505",Blaine W-3 P-1,"0505",Blaine,"020","06382",Anoka,"2","003","6","32",32A,7017.02729426756,2431229.25162544,"27020505",,,,,0.938697614052581,
"270030325",Blaine W-1 P-5,"0325",Blaine,"020","06382",Anoka,"2","003","6","32",32B,5775.89750564602,1793356.32687863,"27020325",,,,,0.692414877807839,
"270030320",Blaine W-1 P-4,"0320",Blaine,"020","06382",Anoka,"2","003","6","32",32B,4368.34720737845,1111719.17546848,"27020320",,,,,0.429234773648378,
"270030405",Blaine W-2 P-1,"0405",Blaine,"020","06382",Anoka,"2","003","6","32",32A,4835.92315056217,1321592.28675298,"27020405",,,,,0.510266781915325,
"270030315",Blaine W-1 P-3,"0315",Blaine,"020","06382",Anoka,"2","003","6","32",32B,5419.39985299053,1684145.22474031,"27020315",,,,,0.650248471272232,
"270030310",Blaine W-1 P-2,"0310",Blaine,"020","06382",Anoka,"2","003","6","32",32B,5621.09153991801,1713085.13923944,"27020310",,,,,0.661422172260347,
"270032710",Ramsey W-2 P-2,"2710",Ramsey,"095","53026",Anoka,"2","003","6","31",31A,25781.6073620849,14453123.663844,"27022710",,,,,5.58035104661015,
"270032815",Ramsey W-3 P-3,"2815",Ramsey,"095","53026",Anoka,"2","003","3","31",31A,15754.1128932311,5558939.09658576,"27022815",,,,,2.14630638519176,
"271630147",Hugo W-1 P-2,"0147",Hugo,"070","30392",Washington,"82","163","8","33",33A,9272.11112892401,2989209.3682771,"27820147",,,,,1.15413373709179,
"271630132",Grant P-2,"0132",Grant,"060","25334",Washington,"82","163","4","33",33A,33582.597011507,23764997.8037765,"27820132",,,,,9.17566565203809,
"271630415",Woodbury P-9,"0415",Woodbury,"191","71428",Washington,"82","163","4","47",47B,9583.01173793971,5169288.99107896,"27820415",,,,,1.99586247945559,
"271630450",Woodbury P-16,"0450",Woodbury,"191","71428",Washington,"82","163","4","47",47B,7355.3325222332,2805507.8880893,"27820450",,,,,1.08320659559128,
"271630102",Denmark Twp P-2,"0102",Denmark Twp,"040","15688",Washington,"82","163","2","41",41A,20835.1098408134,19437164.3882975,"27820102",73,Matt Little,13.7,"[{""name"": ""Abdi Abdulle"", ""votes"": 4, ""votes_pct"": 5.48, ""party"": ""DFL""}, {""name"": ""Matthew D. Klein"", ""votes"": 23, ""votes_pct"": 31.51, ""party"": ""DFL""}, {""name"": ""Hugh McTavish"", ""votes"": 1, ""votes_pct"": 1.37, ""party"": ""DFL""}, {""name"": ""Matt Little"", ""votes"": 33, ""votes_pct"": 45.21, ""party"": ""DFL""}, {""name"": ""Kaela Berg"", ""votes"": 12, ""votes_pct"": 16.44, ""party"": ""DFL""}, {""name"": ""Christopher Mosel"", ""votes"": 0, ""votes_pct"": 0.00, ""party"": ""DFL""}]",7.50468917032165,9.72725163470977
"271630045",Cottage Grove P-2,"0045",Cottage Grove,"030","13456",Washington,"82","163","2","41",41A,16587.1505353207,14605021.7720377,"27820045",673,Matt Little,5.65,"[{""name"": ""Abdi Abdulle"", ""votes"": 24, ""votes_pct"": 3.57, ""party"": ""DFL""}, {""name"": ""Matthew D. Klein"", ""votes"": 230, ""votes_pct"": 34.18, ""party"": ""DFL""}, {""name"": ""Hugh McTavish"", ""votes"": 16, ""votes_pct"": 2.38, ""party"": ""DFL""}, {""name"": ""Matt Little"", ""votes"": 268, ""votes_pct"": 39.82, ""party"": ""DFL""}, {""name"": ""Kaela Berg"", ""votes"": 128, ""votes_pct"": 19.02, ""party"": ""DFL""}, {""name"": ""Christopher Mosel"", ""votes"": 7, ""votes_pct"": 1.04, ""party"": ""DFL""}]",5.63899890618377,119.347425171866
"271630050",Cottage Grove P-3,"0050",Cottage Grove,"030","13456",Washington,"82","163","2","41",41B,7931.43618463199,3243350.26475203,"27820050",386,Matthew D. Klein,4.15,"[{""name"": ""Abdi Abdulle"", ""votes"": 12, ""votes_pct"": 3.11, ""party"": ""DFL""}, {""name"": ""Matthew D. Klein"", ""votes"": 141, ""votes_pct"": 36.53, ""party"": ""DFL""}, {""name"": ""Hugh McTavish"", ""votes"": 21, ""votes_pct"": 5.44, ""party"": ""DFL""}, {""name"": ""Matt Little"", ""votes"": 125, ""votes_pct"": 32.38, ""party"": ""DFL""}, {""name"": ""Kaela Berg"", ""votes"": 85, ""votes_pct"": 22.02, ""party"": ""DFL""}, {""name"": ""Christopher Mosel"", ""votes"": 2, ""votes_pct"": 0.52, ""party"": ""DFL""}]",1.25225753722076,308.243303415592
"271630065",Cottage Grove P-6,"0065",Cottage Grove,"030","13456",Washington,"82","163","2","53",53B,16439.5914345279,8174602.26550224,"27820065",731,Matthew D. Klein,3.69,"[{""name"": ""Abdi Abdulle"", ""votes"": 37, ""votes_pct"": 5.06, ""party"": ""DFL""}, {""name"": ""Matthew D. Klein"", ""votes"": 284, ""votes_pct"": 38.85, ""party"": ""DFL""}, {""name"": ""Hugh McTavish"", ""votes"": 24, ""votes_pct"": 3.28, ""party"": ""DFL""}, {""name"": ""Matt Little"", ""votes"": 257, ""votes_pct"": 35.16, ""party"": ""DFL""}, {""name"": ""Kaela Berg"", ""votes"": 124, ""votes_pct"": 16.96, ""party"": ""DFL""}, {""name"": ""Christopher Mosel"", ""votes"": 5, ""votes_pct"": 0.68, ""party"": ""DFL""}]",3.15621393471042,231.606606878209
"270372960",Lakeville P-6,"2960",Lakeville,"080","35180",Dakota,"19","037","2","57",57A,8655.1452399439,3579893.77006898,"27192960",353,Matt Little,50.71,"[{""name"": ""Abdi Abdulle"", ""votes"": 2, ""votes_pct"": 0.57, ""party"": ""DFL""}, {""name"": ""Matthew D. Klein"", ""votes"": 74, ""votes_pct"": 20.96, ""party"": ""DFL""}, {""name"": ""Hugh McTavish"", ""votes"": 3, ""votes_pct"": 0.85, ""party"": ""DFL""}, {""name"": ""Matt Little"", ""votes"": 253, ""votes_pct"": 71.67, ""party"": ""DFL""}, {""name"": ""Kaela Berg"", ""votes"": 20, ""votes_pct"": 5.67, ""party"": ""DFL""}, {""name"": ""Christopher Mosel"", ""votes"": 1, ""votes_pct"": 0.28, ""party"": ""DFL""}]",1.38219698462363,255.390515192102
"270374220",Rosemount P-2,"4220",Rosemount,"145","55726",Dakota,"19","037","2","56",56B,19084.5415071342,13493010.5670772,"27194220",514,Matt Little,53.11,"[{""name"": ""Abdi Abdulle"", ""votes"": 26, ""votes_pct"": 5.06, ""party"": ""DFL""}, {""name"": ""Matthew D. Klein"", ""votes"": 76, ""votes_pct"": 14.79, ""party"": ""DFL""}, {""name"": ""Hugh McTavish"", ""votes"": 14, ""votes_pct"": 2.72, ""party"": ""DFL""}, {""name"": ""Matt Little"", ""votes"": 349, ""votes_pct"": 67.90, ""party"": ""DFL""}, {""name"": ""Kaela Berg"", ""votes"": 46, ""votes_pct"": 8.95, ""party"": ""DFL""}, {""name"": ""Christopher Mosel"", ""votes"": 3, ""votes_pct"": 0.58, ""party"": ""DFL""}]",5.20965137994852,98.6630318447679
"270374270",Rosemount P-7,"4270",Rosemount,"145","55726",Dakota,"19","037","2","56",56B,16386.8910751816,9052818.11876024,"27194270",431,Matt Little,14.85,"[{""name"": ""Abdi Abdulle"", ""votes"": 6, ""votes_pct"": 1.39, ""party"": ""DFL""}, {""name"": ""Matthew D. Klein"", ""votes"": 156, ""votes_pct"": 36.19, ""party"": ""DFL""}, {""name"": ""Hugh McTavish"", ""votes"": 5, ""votes_pct"": 1.16, ""party"": ""DFL""}, {""name"": ""Matt Little"", ""votes"": 220, ""votes_pct"": 51.04, ""party"": ""DFL""}, {""name"": ""Kaela Berg"", ""votes"": 42, ""votes_pct"": 9.74, ""party"": ""DFL""}, {""name"": ""Christopher Mosel"", ""votes"": 2, ""votes_pct"": 0.46, ""party"": ""DFL""}]",3.49529307565333,123.308687046061
"270374210",Rosemount P-1,"4210",Rosemount,"145","55726",Dakota,"19","037","2","56",56B,8825.5344178842,3021302.83180314,"27194210",503,Matt Little,26.84,"[{""name"": ""Abdi Abdulle"", ""votes"": 8, ""votes_pct"": 1.59, ""party"": ""DFL""}, {""name"": ""Matthew D. Klein"", ""votes"": 145, ""votes_pct"": 28.83, ""party"": ""DFL""}, {""name"": ""Hugh McTavish"", ""votes"": 13, ""votes_pct"": 2.58, ""party"": ""DFL""}, {""name"": ""Matt Little"", ""votes"": 280, ""votes_pct"": 55.67, ""party"": ""DFL""}, {""name"": ""Kaela Berg"", ""votes"": 53, ""votes_pct"": 10.54, ""party"": ""DFL""}, {""name"": ""Christopher Mosel"", ""votes"": 4, ""votes_pct"": 0.80, ""party"": ""DFL""}]",1.16652502335919,431.195207927501
"270372820",Inver Grove Heights P-12,"2820",Inver Grove Heights,"071","31076",Dakota,"19","037","2","53",53A,15737.2262649993,6881150.7891367,"27192820",268,Matt Little,7.84,"[{""name"": ""Abdi Abdulle"", ""votes"": 5, ""votes_pct"": 1.87, ""party"": ""DFL""}, {""name"": ""Matthew D. Klein"", ""votes"": 100, ""votes_pct"": 37.31, ""party"": ""DFL""}, {""name"": ""Hugh McTavish"", ""votes"": 7, ""votes_pct"": 2.61, ""party"": ""DFL""}, {""name"": ""Matt Little"", ""votes"": 121, ""votes_pct"": 45.15, ""party"": ""DFL""}, {""name"": ""Kaela Berg"", ""votes"": 34, ""votes_pct"": 12.69, ""party"": ""DFL""}, {""name"": ""Christopher Mosel"", ""votes"": 1, ""votes_pct"": 0.37, ""party"": ""DFL""}]",2.65681231968568,100.872763203577
"270372810",Inver Grove Heights P-11,"2810",Inver Grove Heights,"071","31076",Dakota,"19","037","2","53",53A,9703.31872524855,4471979.72575847,"27192810",269,Matt Little,26.39,"[{""name"": ""Abdi Abdulle"", ""votes"": 8, ""votes_pct"": 2.97, ""party"": ""DFL""}, {""name"": ""Matthew D. Klein"", ""votes"": 81, ""votes_pct"": 30.11, ""party"": ""DFL""}, {""name"": ""Hugh McTavish"", ""votes"": 3, ""votes_pct"": 1.12, ""party"": ""DFL""}, {""name"": ""Matt Little"", ""votes"": 152, ""votes_pct"": 56.51, ""party"": ""DFL""}, {""name"": ""Kaela Berg"", ""votes"": 25, ""votes_pct"": 9.29, ""party"": ""DFL""}, {""name"": ""Christopher Mosel"", ""votes"": 0, ""votes_pct"": 0.00, ""party"": ""DFL""}]",1.72663137211535,155.794690368935
"270372790",Inver Grove Heights P-9,"2790",Inver Grove Heights,"071","31076",Dakota,"19","037","2","53",53A,10919.0877245901,2630480.18254015,"27192790",266,Matt Little,15.79,"[{""name"": ""Abdi Abdulle"", ""votes"": 11, ""votes_pct"": 4.14, ""party"": ""DFL""}, {""name"": ""Matthew D. Klein"", ""votes"": 79, ""votes_pct"": 29.70, ""party"": ""DFL""}, {""name"": ""Hugh McTavish"", ""votes"": 7, ""votes_pct"": 2.63, ""party"": ""DFL""}, {""name"": ""Matt Little"", ""votes"": 121, ""votes_pct"": 45.49, ""party"": ""DFL""}, {""name"": ""Kaela Berg"", ""votes"": 47, ""votes_pct"": 17.67, ""party"": ""DFL""}, {""name"": ""Christopher Mosel"", ""votes"": 1, ""votes_pct"": 0.38, ""party"": ""DFL""}]",1.01562839847875,261.906815916555
"270372800",Inver Grove Heights P-10,"2800",Inver Grove Heights,"071","31076",Dakota,"19","037","2","53",53B,7205.10407902899,2363852.62223792,"27192800",365,Matthew D. Klein,2.47,"[{""name"": ""Abdi Abdulle"", ""votes"": 14, ""votes_pct"": 3.84, ""party"": ""DFL""}, {""name"": ""Matthew D. Klein"", ""votes"": 136, ""votes_pct"": 37.26, ""party"": ""DFL""}, {""name"": ""Hugh McTavish"", ""votes"": 12, ""votes_pct"": 3.29, ""party"": ""DFL""}, {""name"": ""Matt Little"", ""votes"": 127, ""votes_pct"": 34.79, ""party"": ""DFL""}, {""name"": ""Kaela Berg"", ""votes"": 75, ""votes_pct"": 20.55, ""party"": ""DFL""}, {""name"": ""Christopher Mosel"", ""votes"": 1, ""votes_pct"": 0.27, ""party"": ""DFL""}]",0.912683497446062,399.919578935491
"270371830",Eagan P-13,"1830",Eagan,"025","17288",Dakota,"19","037","2","52",52B,8045.08520632353,3703071.96522995,"27191830",708,Matt Little,20.34,"[{""name"": ""Abdi Abdulle"", ""votes"": 15, ""votes_pct"": 2.12, ""party"": ""DFL""}, {""name"": ""Matthew D. Klein"", ""votes"": 204, ""votes_pct"": 28.81, ""party"": ""DFL""}, {""name"": ""Hugh McTavish"", ""votes"": 19, ""votes_pct"": 2.68, ""party"": ""DFL""}, {""name"": ""Matt Little"", ""votes"": 348, ""votes_pct"": 49.15, ""party"": ""DFL""}, {""name"": ""Kaela Berg"", ""votes"": 119, ""votes_pct"": 16.81, ""party"": ""DFL""}, {""name"": ""Christopher Mosel"", ""votes"": 3, ""votes_pct"": 0.42, ""party"": ""DFL""}]",1.42975608577528,495.189359250804
"270371780",Eagan P-8,"1780",Eagan,"025","17288",Dakota,"19","037","2","52",52B,7337.35533296674,2296742.03957937,"27191780",593,Matt Little,14.33,"[{""name"": ""Abdi Abdulle"", ""votes"": 12, ""votes_pct"": 2.02, ""party"": ""DFL""}, {""name"": ""Matthew D. Klein"", ""votes"": 201, ""votes_pct"": 33.90, ""party"": ""DFL""}, {""name"": ""Hugh McTavish"", ""votes"": 14, ""votes_pct"": 2.36, ""party"": ""DFL""}, {""name"": ""Matt Little"", ""votes"": 286, ""votes_pct"": 48.23, ""party"": ""DFL""}, {""name"": ""Kaela Berg"", ""votes"": 80, ""votes_pct"": 13.49, ""party"": ""DFL""}, {""name"": ""Christopher Mosel"", ""votes"": 0, ""votes_pct"": 0.00, ""party"": ""DFL""}]",0.886772101481594,668.717474319763
"270371760",Eagan P-6,"1760",Eagan,"025","17288",Dakota,"19","037","2","52",52A,18357.051186101,11874607.6004335,"27191760",452,Matt Little,26.99,"[{""name"": ""Abdi Abdulle"", ""votes"": 8, ""votes_pct"": 1.77, ""party"": ""DFL""}, {""name"": ""Matthew D. Klein"", ""votes"": 109, ""votes_pct"": 24.11, ""party"": ""DFL""}, {""name"": ""Hugh McTavish"", ""votes"": 10, ""votes_pct"": 2.21, ""party"": ""DFL""}, {""name"": ""Matt Little"", ""votes"": 231, ""votes_pct"": 51.11, ""party"": ""DFL""}, {""name"": ""Kaela Berg"", ""votes"": 93, ""votes_pct"": 20.58, ""party"": ""DFL""}, {""name"": ""Christopher Mosel"", ""votes"": 1, ""votes_pct"": 0.22, ""party"": ""DFL""}]",4.58478599452736,98.5869352548911
"270371750",Eagan P-5,"1750",Eagan,"025","17288",Dakota,"19","037","2","52",52B,9037.61386916093,3386925.08113454,"27191750",531,Matt Little,19.77,"[{""name"": ""Abdi Abdulle"", ""votes"": 26, ""votes_pct"": 4.90, ""party"": ""DFL""}, {""name"": ""Matthew D. Klein"", ""votes"": 138, ""votes_pct"": 25.99, ""party"": ""DFL""}, {""name"": ""Hugh McTavish"", ""votes"": 18, ""votes_pct"": 3.39, ""party"": ""DFL""}, {""name"": ""Matt Little"", ""votes"": 243, ""votes_pct"": 45.76, ""party"": ""DFL""}, {""name"": ""Kaela Berg"", ""votes"": 104, ""votes_pct"": 19.59, ""party"": ""DFL""}, {""name"": ""Christopher Mosel"", ""votes"": 2, ""votes_pct"": 0.38, ""party"": ""DFL""}]",1.30769177382604,406.058989303267
"270371730",Eagan P-3,"1730",Eagan,"025","17288",Dakota,"19","037","2","52",52A,9670.37008967032,3352089.44027647,"27191730",654,Matt Little,16.67,"[{""name"": ""Abdi Abdulle"", ""votes"": 31, ""votes_pct"": 4.74, ""party"": ""DFL""}, {""name"": ""Matthew D. Klein"", ""votes"": 196, ""votes_pct"": 29.97, ""party"": ""DFL""}, {""name"": ""Hugh McTavish"", ""votes"": 17, ""votes_pct"": 2.60, ""party"": ""DFL""}, {""name"": ""Matt Little"", ""votes"": 305, ""votes_pct"": 46.64, ""party"": ""DFL""}, {""name"": ""Kaela Berg"", ""votes"": 101, ""votes_pct"": 15.44, ""party"": ""DFL""}, {""name"": ""Christopher Mosel"", ""votes"": 4, ""votes_pct"": 0.61, ""party"": ""DFL""}]",1.29424173289075,505.315184466554
"270371740",Eagan P-4,"1740",Eagan,"025","17288",Dakota,"19","037","2","52",52A,8022.5766224964,2713731.41305301,"27191740",607,Matt Little,21.75,"[{""name"": ""Abdi Abdulle"", ""votes"": 17, ""votes_pct"": 2.80, ""party"": ""DFL""}, {""name"": ""Matthew D. Klein"", ""votes"": 169, ""votes_pct"": 27.84, ""party"": ""DFL""}, {""name"": ""Hugh McTavish"", ""votes"": 11, ""votes_pct"": 1.81, ""party"": ""DFL""}, {""name"": ""Matt Little"", ""votes"": 301, ""votes_pct"": 49.59, ""party"": ""DFL""}, {""name"": ""Kaela Berg"", ""votes"": 104, ""votes_pct"": 17.13, ""party"": ""DFL""}, {""name"": ""Christopher Mosel"", ""votes"": 5, ""votes_pct"": 0.82, ""party"": ""DFL""}]",1.04777169857977,579.324676189265
"270371790",Eagan P-9,"1790",Eagan,"025","17288",Dakota,"19","037","2","52",52A,6059.16182194483,1738739.54673389,"27191790",463,Matt Little,30.02,"[{""name"": ""Abdi Abdulle"", ""votes"": 11, ""votes_pct"": 2.38, ""party"": ""DFL""}, {""name"": ""Matthew D. Klein"", ""votes"": 103, ""votes_pct"": 22.25, ""party"": ""DFL""}, {""name"": ""Hugh McTavish"", ""votes"": 8, ""votes_pct"": 1.73, ""party"": ""DFL""}, {""name"": ""Matt Little"", ""votes"": 242, ""votes_pct"": 52.27, ""party"": ""DFL""}, {""name"": ""Kaela Berg"", ""votes"": 98, ""votes_pct"": 21.17, ""party"": ""DFL""}, {""name"": ""Christopher Mosel"", ""votes"": 1, ""votes_pct"": 0.22, ""party"": ""DFL""}]",0.671327338993956,689.678452085456
"270371110",Apple Valley P-11,"1110",Apple Valley,"002","01900",Dakota,"19","037","2","56",56B,5255.14414079215,1430957.77513667,"27191110",403,Matt Little,23.08,"[{""name"": ""Abdi Abdulle"", ""votes"": 5, ""votes_pct"": 1.24, ""party"": ""DFL""}, {""name"": ""Matthew D. Klein"", ""votes"": 93, ""votes_pct"": 23.08, ""party"": ""DFL""}, {""name"": ""Hugh McTavish"", ""votes"": 12, ""votes_pct"": 2.98, ""party"": ""DFL""}, {""name"": ""Matt Little"", ""votes"": 192, ""votes_pct"": 47.64, ""party"": ""DFL""}, {""name"": ""Kaela Berg"", ""votes"": 99, ""votes_pct"": 24.57, ""party"": ""DFL""}, {""name"": ""Christopher Mosel"", ""votes"": 2, ""votes_pct"": 0.50, ""party"": ""DFL""}]",0.552492796980267,729.421274273
"270371160",Apple Valley P-16,"1160",Apple Valley,"002","01900",Dakota,"19","037","2","56",56A,8714.40430439347,2543941.45749086,"27191160",600,Matt Little,15.67,"[{""name"": ""Abdi Abdulle"", ""votes"": 4, ""votes_pct"": 0.67, ""party"": ""DFL""}, {""name"": ""Matthew D. Klein"", ""votes"": 199, ""votes_pct"": 33.17, ""party"": ""DFL""}, {""name"": ""Hugh McTavish"", ""votes"": 13, ""votes_pct"": 2.17, ""party"": ""DFL""}, {""name"": ""Matt Little"", ""votes"": 293, ""votes_pct"": 48.83, ""party"": ""DFL""}, {""name"": ""Kaela Berg"", ""votes"": 89, ""votes_pct"": 14.83, ""party"": ""DFL""}, {""name"": ""Christopher Mosel"", ""votes"": 2, ""votes_pct"": 0.33, ""party"": ""DFL""}]",0.982215796737221,610.863724644944
"270371320",Burnsville P-12,"1320",Burnsville,"006","08794",Dakota,"19","037","2","55",55B,12565.7430662614,4558065.49379606,"27191320",492,Matt Little,12.8,"[{""name"": ""Abdi Abdulle"", ""votes"": 10, ""votes_pct"": 2.03, ""party"": ""DFL""}, {""name"": ""Matthew D. Klein"", ""votes"": 112, ""votes_pct"": 22.76, ""party"": ""DFL""}, {""name"": ""Hugh McTavish"", ""votes"": 10, ""votes_pct"": 2.03, ""party"": ""DFL""}, {""name"": ""Matt Little"", ""votes"": 211, ""votes_pct"": 42.89, ""party"": ""DFL""}, {""name"": ""Kaela Berg"", ""votes"": 148, ""votes_pct"": 30.08, ""party"": ""DFL""}, {""name"": ""Christopher Mosel"", ""votes"": 1, ""votes_pct"": 0.20, ""party"": ""DFL""}]",1.75986908715466,279.56624932566
"270371350",Burnsville P-15,"1350",Burnsville,"006","08794",Dakota,"19","037","2","55",55B,11965.9137232311,3658877.58993151,"27191350",617,Matt Little,15.4,"[{""name"": ""Abdi Abdulle"", ""votes"": 14, ""votes_pct"": 2.27, ""party"": ""DFL""}, {""name"": ""Matthew D. Klein"", ""votes"": 140, ""votes_pct"": 22.69, ""party"": ""DFL""}, {""name"": ""Hugh McTavish"", ""votes"": 9, ""votes_pct"": 1.46, ""party"": ""DFL""}, {""name"": ""Matt Little"", ""votes"": 274, ""votes_pct"": 44.41, ""party"": ""DFL""}, {""name"": ""Kaela Berg"", ""votes"": 179, ""votes_pct"": 29.01, ""party"": ""DFL""}, {""name"": ""Christopher Mosel"", ""votes"": 1, ""votes_pct"": 0.16, ""party"": ""DFL""}]",1.41269263747255,436.754594477022
"270371250",Burnsville P-5,"1250",Burnsville,"006","08794",Dakota,"19","037","2","55",55B,8074.87017277293,3026148.45993546,"27191250",374,Matt Little,5.35,"[{""name"": ""Abdi Abdulle"", ""votes"": 23, ""votes_pct"": 6.15, ""party"": ""DFL""}, {""name"": ""Matthew D. Klein"", ""votes"": 66, ""votes_pct"": 17.65, ""party"": ""DFL""}, {""name"": ""Hugh McTavish"", ""votes"": 17, ""votes_pct"": 4.55, ""party"": ""DFL""}, {""name"": ""Matt Little"", ""votes"": 143, ""votes_pct"": 38.24, ""party"": ""DFL""}, {""name"": ""Kaela Berg"", ""votes"": 123, ""votes_pct"": 32.89, ""party"": ""DFL""}, {""name"": ""Christopher Mosel"", ""votes"": 2, ""votes_pct"": 0.53, ""party"": ""DFL""}]",1.16839592038108,320.09697524279
"270371290",Burnsville P-9,"1290",Burnsville,"006","08794",Dakota,"19","037","2","55",55B,7700.20695430311,2437413.28176219,"27191290",486,Matt Little,10.7,"[{""name"": ""Abdi Abdulle"", ""votes"": 16, ""votes_pct"": 3.29, ""party"": ""DFL""}, {""name"": ""Matthew D. Klein"", ""votes"": 115, ""votes_pct"": 23.66, ""party"": ""DFL""}, {""name"": ""Hugh McTavish"", ""votes"": 11, ""votes_pct"": 2.26, ""party"": ""DFL""}, {""name"": ""Matt Little"", ""votes"": 196, ""votes_pct"": 40.33, ""party"": ""DFL""}, {""name"": ""Kaela Berg"", ""votes"": 144, ""votes_pct"": 29.63, ""party"": ""DFL""}, {""name"": ""Christopher Mosel"", ""votes"": 4, ""votes_pct"": 0.82, ""party"": ""DFL""}]",0.94108526808838,516.425042958337
"270532765",Saint Anthony P-1,"2765",St. Anthony,"205","56680",Hennepin,"27","053","5","39",39B,7693.3885440171,2503195.97765566,"27272765",,,,,0.966483966972852,
"270532770",Saint Anthony P-2,"2770",St. Anthony,"205","56680",Hennepin,"27","053","5","39",39B,5443.29992135471,1867784.87240676,"27272770",,,,,0.721151739236251,
"270532910",Wayzata P-1,"2910",Wayzata,"235","68818",Hennepin,"27","053","3","45",45B,23210.1933949675,12129853.2290249,"27272910",,,,,4.68333633172652,
"270531335",Maple Plain P-1,"1335",Maple Plain,"120","40256",Hennepin,"27","053","3","37",37A,8944.2380462223,2768169.51346626,"27271335",,,,,1.06879024914932,
"270531050",Greenfield P-1,"1050",Greenfield,"075","25622",Hennepin,"27","053","3","37",37A,39844.8574580986,55604711.7657822,"27271050",,,,,21.4689792127685,
"270531150",Independence P-1,"1150",Independence,"100","30842",Hennepin,"27","053","3","37",37A,45422.7798644117,89549940.0585129,"27271150",,,,,34.5752318565918,
"270531160",Long Lake P-1,"1160",Long Lake,"105","38006",Hennepin,"27","053","3","45",45A,10796.8637206147,2441358.358955,"27271160",,,,,0.942608462392524,
"270532780",Saint Bonifacius P-1,"2780",St. Bonifacius,"210","56770",Hennepin,"27","053","3","45",45A,8969.76269523604,2691577.39318425,"27272780",,,,,1.03921803150844,
"270532245",Minnetrista P-2,"2245",Minnetrista,"151","43306",Hennepin,"27","053","3","45",45A,32377.6185661038,31317736.9748687,"27272245",,,,,12.0917782459968,
"270532240",Minnetrista P-1,"2240",Minnetrista,"151","43306",Hennepin,"27","053","3","45",45A,23514.6069661031,18673925.6467124,"27272240",,,,,7.21000269219566,
"270532255",Minnetrista P-4,"2255",Minnetrista,"151","43306",Hennepin,"27","053","3","45",45A,21959.3586429071,18291202.782151,"27272255",,,,,7.06223339418851,
"270532250",Minnetrista P-3,"2250",Minnetrista,"151","43306",Hennepin,"27","053","3","45",45A,30978.0479374545,11812085.9570438,"27272250",,,,,4.5606463880146,
"270531345",Medicine Lake P-1,"1345",Medicine Lake,"125","41462",Hennepin,"27","053","3","42",42B,4921.7436166738,958654.532313909,"27271345",,,,,0.3701365149264,
"270530675",Deephaven P-1,"0675",Deephaven,"050","15148",Hennepin,"27","053","3","45",45B,13050.4914397398,5080879.06059095,"27270675",,,,,1.96172740529416,
"270530680",Deephaven P-2,"0680",Deephaven,"050","15148",Hennepin,"27","053","3","45",45B,13020.0828214619,5027877.8263621,"27270680",,,,,1.94126362875841,
"270530450",Champlin W-1 P-1,"0450",Champlin,"025","10846",Hennepin,"27","053","3","34",34A,15284.5789758727,6070369.71311648,"27270450",,,,,2.34376974623427,
"270530455",Champlin W-2 P-1,"0455",Champlin,"025","10846",Hennepin,"27","053","3","34",34A,12448.0568361536,7390828.28474346,"27270455",,,,,2.85359880073945,
"270530460",Champlin W-3 P-1,"0460",Champlin,"025","10846",Hennepin,"27","053","3","34",34A,11975.6825350654,4649211.32698672,"27270460",,,,,1.79506049334957,
"270530465",Champlin W-4 P-1,"0465",Champlin,"025","10846",Hennepin,"27","053","3","34",34A,6399.36695282216,2116653.50165858,"27270465",,,,,0.817239916990377,
"270530470",Champlin W-4 P-2,"0470",Champlin,"025","10846",Hennepin,"27","053","3","34",34B,8707.28977455459,2378416.68464735,"27270470",,,,,0.918306681942343,
"270530500",Corcoran P-1,"0500",Corcoran,"030","13168",Hennepin,"27","053","3","37",37A,27922.771186343,41001734.2306764,"27270500",,,,,15.8307695864641,
"270530505",Corcoran P-2,"0505",Corcoran,"030","13168",Hennepin,"27","053","3","37",37A,21823.4772803931,21117413.767718,"27270505",,,,,8.15343345571592,
"270530510",Corcoran P-3,"0510",Corcoran,"030","13168",Hennepin,"27","053","3","37",37A,25552.4031048667,31213560.4012372,"27270510",,,,,12.0515556709177,
"270530560",Crystal W-2 P-1,"0560",Crystal,"035","14158",Hennepin,"27","053","5","43",43B,8196.35898299601,1600586.53988662,"27270560",,,,,0.617986463050222,
"270530565",Crystal W-2 P-2,"0565",Crystal,"035","14158",Hennepin,"27","053","5","43",43A,8437.16371380536,1948788.92374985,"27270565",,,,,0.752427403459817,
"270530550",Crystal W-1 P-1,"0550",Crystal,"035","14158",Hennepin,"27","053","5","43",43A,15124.9883492699,3183541.49454664,"27270550",,,,,1.22916537104446,
"270530570",Crystal W-3 P-1,"0570",Crystal,"035","14158",Hennepin,"27","053","5","43",43A,10160.3517453088,3714398.36022538,"27270570",,,,,1.43412920688302,
"270530585",Crystal W-4 P-1,"0585",Crystal,"035","14158",Hennepin,"27","053","5","43",43A,12653.5593393676,4777740.85080697,"27270585",,,,,1.84468574249657,
"270531110",Hopkins P-1,"1110",Hopkins,"095","30140",Hennepin,"27","053","3","46",46B,6644.81033868765,1463626.91895948,"27271110",,,,,0.565106353410255,
"270531115",Hopkins P-2,"1115",Hopkins,"095","30140",Hennepin,"27","053","3","46",46B,8331.42592387642,2241370.25820994,"27271115",,,,,0.865393056694858,
"270531120",Hopkins P-3,"1120",Hopkins,"095","30140",Hennepin,"27","053","3","46",46B,6572.13927244844,2344897.86625761,"27271120",,,,,0.905365066162062,
"270531125",Hopkins P-4,"1125",Hopkins,"095","30140",Hennepin,"27","053","3","46",46B,4330.51926358414,1105883.32699204,"27271125",,,,,0.426981552551625,
"270531130",Hopkins P-5,"1130",Hopkins,"095","30140",Hennepin,"27","053","3","46",46B,13768.4713411352,3441834.57657303,"27271130",,,,,1.32889233001485,
"270531245",Maple Grove P-12,"1245",Maple Grove,"115","40166",Hennepin,"27","053","3","42",42A,11309.7796175751,5829891.52522577,"27271245",,,,,2.25092111788967,
"270531240",Maple Grove P-11,"1240",Maple Grove,"115","40166",Hennepin,"27","053","3","37",37B,12934.6492844834,4838549.06637649,"27271240",,,,,1.86816379452796,
"270531230",Maple Grove P-9,"1230",Maple Grove,"115","40166",Hennepin,"27","053","3","37",37B,8976.32100563239,4545702.42292455,"27271230",,,,,1.75509570549117,
"270531225",Maple Grove P-8,"1225",Maple Grove,"115","40166",Hennepin,"27","053","3","37",37B,9698.65687376056,5481128.60881639,"27271225",,,,,2.11626375586401,
"270531255",Maple Grove P-14,"1255",Maple Grove,"115","40166",Hennepin,"27","053","3","37",37A,13898.36396814,5706855.4630978,"27271255",,,,,2.20341689430206,
"270531250",Maple Grove P-13,"1250",Maple Grove,"115","40166",Hennepin,"27","053","3","37",37A,9889.96334733783,4737522.5328331,"27271250",,,,,1.82915744992686,
"270531260",Maple Grove P-15,"1260",Maple Grove,"115","40166",Hennepin,"27","053","3","37",37A,11050.8437258225,4989711.34018371,"27271260",,,,,1.92652754844493,
"270531190",Maple Grove P-1,"1190",Maple Grove,"115","40166",Hennepin,"27","053","3","37",37A,12813.8381082109,8009364.81904507,"27271190",,,,,3.0924157566333,
"270531235",Maple Grove P-10,"1235",Maple Grove,"115","40166",Hennepin,"27","053","3","37",37B,15084.962090918,4939255.35140361,"27271235",,,,,1.90704649117693,
"270531200",Maple Grove P-3,"1200",Maple Grove,"115","40166",Hennepin,"27","053","3","37",37B,13284.7207552698,5257732.35413911,"27271200",,,,,2.03001046193311,
"270531195",Maple Grove P-2,"1195",Maple Grove,"115","40166",Hennepin,"27","053","3","37",37B,18977.9289919842,14905311.4377766,"27271195",,,,,5.75494074612556,
"270531215",Maple Grove P-6,"1215",Maple Grove,"115","40166",Hennepin,"27","053","3","37",37B,9262.46860972093,2908245.14994719,"27271215",,,,,1.12287345239461,
"270531220",Maple Grove P-7,"1220",Maple Grove,"115","40166",Hennepin,"27","053","3","37",37B,15707.7759880374,10120617.8945466,"27271220",,,,,3.90757056908443,
"270531210",Maple Grove P-5,"1210",Maple Grove,"115","40166",Hennepin,"27","053","3","37",37B,11875.5582694758,5316039.64854264,"27271210",,,,,2.05252290830231,
"270531205",Maple Grove P-4,"1205",Maple Grove,"115","40166",Hennepin,"27","053","3","37",37B,7904.66083313834,3148295.31736706,"27271205",,,,,1.21555682203542,
"270532270",Mound P-3,"2270",Mound,"160","44476",Hennepin,"27","053","3","45",45A,12592.1226371337,4270951.4570119,"27272270",,,,,1.64901435755229,
"270532265",Mound P-2,"2265",Mound,"160","44476",Hennepin,"27","053","3","45",45A,7179.92835729695,3085563.48314803,"27272265",,,,,1.19133606084346,
"270532275",Mound P-4,"2275",Mound,"160","44476",Hennepin,"27","053","3","45",45A,8066.69954822114,2843238.34830267,"27272275",,,,,1.09777432627966,
"270532260",Mound P-1,"2260",Mound,"160","44476",Hennepin,"27","053","3","45",45A,6975.12377452106,2943485.49890807,"27272260",,,,,1.13647975112841,
"270532290",New Hope P-1,"2290",New Hope,"165","45628",Hennepin,"27","053","5","43",43A,11024.0053413155,1428282.41293162,"27272290",,,,,0.5514598396329,
"270532295",New Hope P-2,"2295",New Hope,"165","45628",Hennepin,"27","053","5","43",43A,4881.63888687126,1277200.9394322,"27272295",,,,,0.493127282714771,
"270532300",New Hope P-3,"2300",New Hope,"165","45628",Hennepin,"27","053","5","43",43A,5685.73348860171,2002130.79333082,"27272300",,,,,0.77302269930503,
"270532310",New Hope P-4,"2310",New Hope,"165","45628",Hennepin,"27","053","5","43",43A,5607.19935863297,1892501.81131875,"27272310",,,,,0.730694949350169,
"270532315",New Hope P-5,"2315",New Hope,"165","45628",Hennepin,"27","053","5","43",43A,6422.06374321158,1512435.90938451,"27272315",,,,,0.583951504613361,
"270532320",New Hope P-6,"2320",New Hope,"165","45628",Hennepin,"27","053","5","43",43A,5094.1554727556,1396640.00086684,"27272320",,,,,0.539242704334688,
"270532330",New Hope P-7,"2330",New Hope,"165","45628",Hennepin,"27","053","5","43",43A,7105.02222862299,1821898.85316922,"27272330",,,,,0.703435147208636,
"270532335",New Hope P-8,"2335",New Hope,"165","45628",Hennepin,"27","053","5","43",43A,10138.1563387988,1904452.51909258,"27272335",,,,,0.735309117621647,
"270532355",Orono P-1,"2355",Orono,"170","48580",Hennepin,"27","053","3","45",45A,37626.4009531626,32021207.4446037,"27272355",,,,,12.3633881943615,
"270532365",Orono P-3,"2365",Orono,"170","48580",Hennepin,"27","053","3","45",45A,22644.3164897736,12817055.8676739,"27272365",,,,,4.94866527050888,
"270532360",Orono P-2,"2360",Orono,"170","48580",Hennepin,"27","053","3","45",45A,26738.6595581641,17251530.7922344,"27272360",,,,,6.66081603888169,
"270532710",Rogers P-1,"2710",Rogers,"200","55186",Hennepin,"27","053","3","34",34A,25169.8534830346,17611725.9544155,"27272710",,,,,6.79988739099981,
"270532715",Rogers P-2,"2715",Rogers,"200","55186",Hennepin,"27","053","3","34",34A,23067.2047448931,15402249.86353,"27272715",,,,,5.94680867230894,
"270532720",Rogers P-3,"2720",Rogers,"200","55186",Hennepin,"27","053","3","34",34A,30832.0164622671,34829661.7350488,"27272720",,,,,13.4477323959023,
"270532725",Shorewood P-1,"2725",Shorewood,"220","60016",Hennepin,"27","053","3","45",45A,12955.8041186658,9874075.04832518,"27272725",,,,,3.81238037615835,
"270532735",Shorewood P-3,"2735",Shorewood,"220","60016",Hennepin,"27","053","3","45",45B,9286.4491578575,2451982.58527656,"27272735",,,,,0.946710476175278,
"270530200",Brooklyn Center P-1,"0200",Brooklyn Center,"010","07948",Hennepin,"27","053","5","38",38B,7928.33511222208,2892011.75897498,"27270200",,,,,1.11660574014024,
"270530205",Brooklyn Center P-2,"0205",Brooklyn Center,"010","07948",Hennepin,"27","053","5","38",38B,11575.9866301882,4336234.952692,"27270205",,,,,1.67422031523438,
"270530210",Brooklyn Center P-3,"0210",Brooklyn Center,"010","07948",Hennepin,"27","053","5","38",38B,10216.0987129325,3465741.70907396,"27270210",,,,,1.33812287387346,
"270530215",Brooklyn Center P-4,"0215",Brooklyn Center,"010","07948",Hennepin,"27","053","5","38",38B,7549.06320898646,2698731.0723548,"27270215",,,,,1.04198006703619,
"270530225",Brooklyn Center P-6,"0225",Brooklyn Center,"010","07948",Hennepin,"27","053","5","38",38B,10159.2424841866,4997181.99371439,"27270225",,,,,1.92941196777313,
"270530985",Golden Valley P-1,"0985",Golden Valley,"070","24308",Hennepin,"27","053","5","43",43B,7218.71767188679,2724142.55476589,"27270985",,,,,1.05179144039511,
"270530990",Golden Valley P-2,"0990",Golden Valley,"070","24308",Hennepin,"27","053","5","43",43B,8851.47979532179,2814011.0356529,"27270990",,,,,1.08648966086558,
"270531000",Golden Valley P-3,"1000",Golden Valley,"070","24308",Hennepin,"27","053","5","43",43B,12923.7969004507,5564365.90187015,"27271000",,,,,2.14840167471206,
"270531005",Golden Valley P-4,"1005",Golden Valley,"070","24308",Hennepin,"27","053","5","43",43B,9738.4641448294,2943772.80894143,"27271005",,,,,1.13659068153229,
"270531010",Golden Valley P-5,"1010",Golden Valley,"070","24308",Hennepin,"27","053","5","43",43B,8631.37128579876,2146445.59273275,"27271010",,,,,0.828742643354113,
"270531015",Golden Valley P-6,"1015",Golden Valley,"070","24308",Hennepin,"27","053","5","43",43B,8082.65804457069,3054103.06932833,"27271015",,,,,1.17918919506767,
"270531020",Golden Valley P-7,"1020",Golden Valley,"070","24308",Hennepin,"27","053","5","43",43B,6995.10928799298,2351602.34220573,"27271020",,,,,0.907953664325632,
"270531025",Golden Valley P-8,"1025",Golden Valley,"070","24308",Hennepin,"27","053","5","43",43B,10693.2747981345,5679679.40374937,"27271025",,,,,2.19292421778763,
"270530005",Bloomington W-1 P-1,"0005",Bloomington,"005","06616",Hennepin,"27","053","3","51",51B,11055.8638776905,5094083.61488999,"27270005",,,,,1.96682568370903,
"270530010",Bloomington W-1 P-2,"0010",Bloomington,"005","06616",Hennepin,"27","053","3","51",51B,10189.9914441955,3785418.39033423,"27270010",,,,,1.46155004050805,
"270530015",Bloomington W-1 P-3,"0015",Bloomington,"005","06616",Hennepin,"27","053","3","51",51B,8684.38078533043,1834992.97573456,"27270015",,,,,0.708490787931112,
"270530035",Bloomington W-1 P-7,"0035",Bloomington,"005","06616",Hennepin,"27","053","3","50",50B,6667.37863326361,1847663.58495247,"27270035",,,,,0.713382910150149,
"270530030",Bloomington W-1 P-6,"0030",Bloomington,"005","06616",Hennepin,"27","053","3","50",50B,7681.8985010959,2280002.59851334,"27270030",,,,,0.880309003286001,
"270530025",Bloomington W-1 P-5,"0025",Bloomington,"005","06616",Hennepin,"27","053","3","51",51B,11674.3698834511,4185040.2889466,"27270025",,,,,1.61584405556228,
"270530040",Bloomington W-2 P-8,"0040",Bloomington,"005","06616",Hennepin,"27","053","3","50",50B,6802.27629031216,2674605.00592852,"27270040",,,,,1.032664992789,
"270530055",Bloomington W-2 P-11,"0055",Bloomington,"005","06616",Hennepin,"27","053","3","50",50B,7877.16628936816,2228719.84900254,"27270055",,,,,0.860508733699881,
"270530075",Bloomington W-2 P-15,"0075",Bloomington,"005","06616",Hennepin,"27","053","3","50",50B,7052.0286978403,1849188.3182505,"27270075",,,,,0.713971609676519,
"270530060",Bloomington W-2 P-12,"0060",Bloomington,"005","06616",Hennepin,"27","053","3","50",50B,13227.8606112314,5774808.40208459,"27270060",,,,,2.22965352404486,
"270530070",Bloomington W-2 P-14,"0070",Bloomington,"005","06616",Hennepin,"27","053","3","50",50B,7827.15557266132,2221417.2600187,"27270070",,,,,0.857689204093219,
"270530050",Bloomington W-2 P-10,"0050",Bloomington,"005","06616",Hennepin,"27","053","3","50",50B,17163.6942542036,6582701.67792496,"27270050",,,,,2.54158111784683,
"270530045",Bloomington W-2 P-9,"0045",Bloomington,"005","06616",Hennepin,"27","053","3","50",50B,6202.85618795426,2190462.56276381,"27270045",,,,,0.845737595483106,
"270530065",Bloomington W-2 P-13,"0065",Bloomington,"005","06616",Hennepin,"27","053","3","50",50B,8953.02975278018,2371932.1664572,"27270065",,,,,0.915803009469126,
"270530110",Bloomington W-3 P-22,"0110",Bloomington,"005","06616",Hennepin,"27","053","3","50",50A,5642.91582936299,1839119.45923883,"27270110",,,,,0.710084023212111,
"270530115",Bloomington W-3 P-23,"0115",Bloomington,"005","06616",Hennepin,"27","053","3","51",51B,10255.2324954525,3740795.88929232,"27270115",,,,,1.44432129285576,
"270530085",Bloomington W-3 P-17,"0085",Bloomington,"005","06616",Hennepin,"27","053","3","50",50B,9388.37160217704,2566100.81817173,"27270085",,,,,0.990771525896106,
"270530095",Bloomington W-3 P-19,"0095",Bloomington,"005","06616",Hennepin,"27","053","3","50",50B,10663.2617432915,4508873.97615947,"27270095",,,,,1.74087624219517,
"270530090",Bloomington W-3 P-18,"0090",Bloomington,"005","06616",Hennepin,"27","053","3","50",50A,7590.75869250727,2927038.93340426,"27270090",,,,,1.13012973218738,
"270530105",Bloomington W-3 P-21,"0105",Bloomington,"005","06616",Hennepin,"27","053","3","50",50B,6594.56557302885,2199763.10828849,"27270105",,,,,0.849328536110185,
"270530100",Bloomington W-3 P-20,"0100",Bloomington,"005","06616",Hennepin,"27","053","3","50",50B,10884.0515509073,4778138.29546453,"27270100",,,,,1.84483919587885,
"270530080",Bloomington W-3 P-16,"0080",Bloomington,"005","06616",Hennepin,"27","053","3","50",50B,9851.54538795152,4220478.94103779,"27270080",,,,,1.62952691913469,
"270530120",Bloomington W-3 P-24,"0120",Bloomington,"005","06616",Hennepin,"27","053","3","51",51B,6265.22132983385,1785114.04535523,"27270120",,,,,0.689232532911653,
"270530145",Bloomington W-4 P-29,"0145",Bloomington,"005","06616",Hennepin,"27","053","3","51",51B,6387.01202643982,2392209.29389553,"27270145",,,,,0.923632008373063,
"270530150",Bloomington W-4 P-30,"0150",Bloomington,"005","06616",Hennepin,"27","053","3","51",51B,18714.7230739525,11903546.0825799,"27270150",,,,,4.59595914248409,
"270530140",Bloomington W-4 P-28,"0140",Bloomington,"005","06616",Hennepin,"27","053","3","51",51B,6304.59045082105,2475766.71825552,"27270140",,,,,0.955893529918457,
"270530130",Bloomington W-4 P-26,"0130",Bloomington,"005","06616",Hennepin,"27","053","3","51",51B,5839.47229389879,1865186.46067039,"27270130",,,,,0.720148492464838,
"270530135",Bloomington W-4 P-27,"0135",Bloomington,"005","06616",Hennepin,"27","053","3","51",51B,6829.49697240634,2325402.3305279,"27270135",,,,,0.897837839816821,
"270530125",Bloomington W-4 P-25,"0125",Bloomington,"005","06616",Hennepin,"27","053","3","51",51B,5931.49891939922,2098710.47683067,"27270125",,,,,0.81031211510432,
"270530020",Bloomington W-1 P-4,"0020",Bloomington,"005","06616",Hennepin,"27","053","3","51",51B,9107.38526074042,2671919.30213374,"27270020",,,,,1.03162804255384,
"270530865",Edina P-4,"0865",Edina,"060","18188",Hennepin,"27","053","3","46",46B,6551.26352086912,2158419.38668719,"27270865",,,,,0.833365725199923,
"270530850",Edina P-1,"0850",Edina,"060","18188",Hennepin,"27","053","3","46",46B,8050.5971441407,2910610.34245968,"27270850",,,,,1.12378665322368,
"270530905",Edina P-12,"0905",Edina,"060","18188",Hennepin,"27","053","3","50",50A,13164.0628084188,5274016.05190165,"27270905",,,,,2.03629759763923,
"270530895",Edina P-10,"0895",Edina,"060","18188",Hennepin,"27","053","3","50",50A,9798.53385659316,4021485.52428889,"27270895",,,,,1.55269556092794,
"270530900",Edina P-11,"0900",Edina,"060","18188",Hennepin,"27","053","3","50",50A,6311.95628359072,2359333.13825554,"27270900",,,,,0.910938524680464,
"270530910",Edina P-13,"0910",Edina,"060","18188",Hennepin,"27","053","3","50",50A,6514.61950575923,2301915.0162279,"27270910",,,,,0.888769387765594,
"270530915",Edina P-14,"0915",Edina,"060","18188",Hennepin,"27","053","3","50",50A,4450.28801378489,1074797.5611769,"27270915",,,,,0.414979338370401,
"270530925",Edina P-16,"0925",Edina,"060","18188",Hennepin,"27","053","3","50",50A,6902.4030121739,2498484.64277904,"27270925",,,,,0.964664920576989,
"270530920",Edina P-15,"0920",Edina,"060","18188",Hennepin,"27","053","3","50",50A,5479.29634450815,1391590.55654546,"27270920",,,,,0.537293113882203,
"270530860",Edina P-3,"0860",Edina,"060","18188",Hennepin,"27","053","3","46",46B,11989.0363731961,3966246.13398059,"27270860",,,,,1.5313676323299,
"270530870",Edina P-5,"0870",Edina,"060","18188",Hennepin,"27","053","3","46",46B,9092.68582357422,2774089.38668918,"27270870",,,,,1.07107591220069,
"270530855",Edina P-2,"0855",Edina,"060","18188",Hennepin,"27","053","3","46",46B,7737.04994234206,2232173.6757547,"27270855",,,,,0.861842256208891,
"270530885",Edina P-8,"0885",Edina,"060","18188",Hennepin,"27","053","3","50",50A,6717.91049258261,2209548.64142579,"27270885",,,,,0.853106730454497,
"270530880",Edina P-7,"0880",Edina,"060","18188",Hennepin,"27","053","5","50",50A,8440.98995833412,2828065.74467483,"27270880",,,,,1.09191618401895,
"270530890",Edina P-9,"0890",Edina,"060","18188",Hennepin,"27","053","5","50",50A,5270.79128932127,1335633.59276137,"27270890",,,,,0.515688130165165,
"270530875",Edina P-6,"0875",Edina,"060","18188",Hennepin,"27","053","5","50",50A,7321.22114922277,1971689.93259943,"27270875",,,,,0.761269482976639,
"270532190",Minnetonka W-4 P-B,"2190",Minnetonka,"140","43252",Hennepin,"27","053","3","49",49A,8203.8151025247,2766414.21898501,"27272190",,,,,1.06811252995011,
"270532185",Minnetonka W-4 P-A,"2185",Minnetonka,"140","43252",Hennepin,"27","053","3","45",45B,8281.68865745633,2757241.30238549,"27272185",,,,,1.06457086685104,
"270532195",Minnetonka W-4 P-C,"2195",Minnetonka,"140","43252",Hennepin,"27","053","3","49",49A,10107.3222744974,3970033.96398283,"27272195",,,,,1.53283011349377,
"270532200",Minnetonka W-4 P-D,"2200",Minnetonka,"140","43252",Hennepin,"27","053","3","49",49A,7546.32947573841,3012336.56431592,"27272200",,,,,1.16306314748238,
"270532165",Minnetonka W-3 P-E,"2165",Minnetonka,"140","43252",Hennepin,"27","053","3","45",45B,8551.64100944625,3726806.22039546,"27272165",,,,,1.43891988169469,
"270532160",Minnetonka W-3 P-D,"2160",Minnetonka,"140","43252",Hennepin,"27","053","3","45",45B,9681.15973500203,3913989.21977742,"27272160",,,,,1.51119123775606,
"270532205",Minnetonka W-4 P-E,"2205",Minnetonka,"140","43252",Hennepin,"27","053","3","49",49A,9243.14330100478,2973500.26040035,"27272205",,,,,1.14806845054057,
"270532090",Minnetonka W-1 P-A,"2090",Minnetonka,"140","43252",Hennepin,"27","053","3","49",49A,10917.5582920235,5017120.45174022,"27272090",,,,,1.9371102064169,
"270532155",Minnetonka W-3 P-C,"2155",Minnetonka,"140","43252",Hennepin,"27","053","3","45",45B,15234.8216710004,7253202.95324926,"27272155",,,,,2.80046166024954,
"270532150",Minnetonka W-3 P-B,"2150",Minnetonka,"140","43252",Hennepin,"27","053","3","45",45B,13173.0193717002,3923286.98169905,"27272150",,,,,1.514781103634,
"270532095",Minnetonka W-1 P-B,"2095",Minnetonka,"140","43252",Hennepin,"27","053","3","49",49A,8945.20897763674,3180121.52798654,"27272095",,,,,1.2278449219556,
"270532105",Minnetonka W-1 P-D,"2105",Minnetonka,"140","43252",Hennepin,"27","053","3","49",49A,9895.2193742289,4103784.77505636,"27272105",,,,,1.58447130164926,
"270532110",Minnetonka W-1 P-E,"2110",Minnetonka,"140","43252",Hennepin,"27","053","3","45",45B,10047.1774744377,2888189.27939361,"27272110",,,,,1.11512988077387,
"270532125",Minnetonka W-2 P-B,"2125",Minnetonka,"140","43252",Hennepin,"27","053","3","45",45B,10659.6012501469,4371189.83133995,"27272125",,,,,1.68771639388036,
"270532115",Minnetonka W-1 P-F,"2115",Minnetonka,"140","43252",Hennepin,"27","053","3","45",45B,8434.91492527458,2191668.24208291,"27272115",,,,,0.846203108268211,
"270532100",Minnetonka W-1 P-C,"2100",Minnetonka,"140","43252",Hennepin,"27","053","3","49",49A,6837.42755707526,2667852.25698462,"27272100",,,,,1.03005775642176,
"270532135",Minnetonka W-2 P-D,"2135",Minnetonka,"140","43252",Hennepin,"27","053","3","45",45B,5657.05462875715,1202274.32673963,"27272135",,,,,0.464198117554171,
"270532140",Minnetonka W-2 P-E,"2140",Minnetonka,"140","43252",Hennepin,"27","053","3","45",45B,6716.28651294112,1547871.82853544,"27272140",,,,,0.597633312997531,
"270532120",Minnetonka W-2 P-A,"2120",Minnetonka,"140","43252",Hennepin,"27","053","3","45",45B,11406.9324578427,5119706.96866604,"27272120",,,,,1.97671886060196,
"270532145",Minnetonka W-3 P-A,"2145",Minnetonka,"140","43252",Hennepin,"27","053","3","45",45B,7603.0314083677,2545845.61125793,"27272145",,,,,0.982950990506688,
"270532130",Minnetonka W-2 P-C,"2130",Minnetonka,"140","43252",Hennepin,"27","053","3","45",45B,10380.2306808032,3211515.82622798,"27272130",,,,,1.23996626050662,
"270532790",Saint Louis Park W-1 P-1,"2790",St. Louis Park,"215","57220",Hennepin,"27","053","5","46",46A,6195.0534130393,2378876.25221687,"27272790",,,,,0.918484120980934,
"270532795",Saint Louis Park W-1 P-2,"2795",St. Louis Park,"215","57220",Hennepin,"27","053","5","46",46A,6323.37793848225,2044467.357813,"27272795",,,,,0.7893688468516,
"270532800",Saint Louis Park W-1 P-3,"2800",St. Louis Park,"215","57220",Hennepin,"27","053","5","46",46A,7350.9039951342,1672745.23046709,"27272800",,,,,0.645846933483342,
"270532810",Saint Louis Park W-2 P-4,"2810",St. Louis Park,"215","57220",Hennepin,"27","053","5","46",46A,6395.81381654244,2274932.67929287,"27272810",,,,,0.878351507474977,
"270532815",Saint Louis Park W-2 P-5,"2815",St. Louis Park,"215","57220",Hennepin,"27","053","5","46",46B,7492.4122591774,2416975.30705651,"27272815",,,,,0.933194166054519,
"270532820",Saint Louis Park W-2 P-6,"2820",St. Louis Park,"215","57220",Hennepin,"27","053","5","46",46B,8881.69194514203,2996466.27070249,"27272820",,,,,1.15693562711823,
"270532830",Saint Louis Park W-3 P-7,"2830",St. Louis Park,"215","57220",Hennepin,"27","053","5","46",46A,5756.51135813451,1930806.55697863,"27272830",,,,,0.745484411649448,
"270532835",Saint Louis Park W-3 P-8,"2835",St. Louis Park,"215","57220",Hennepin,"27","053","5","46",46A,8025.90894855737,1733865.28658035,"27272835",,,,,0.669445387148672,
"270532840",Saint Louis Park W-3 P-9,"2840",St. Louis Park,"215","57220",Hennepin,"27","053","5","46",46A,7702.31783280541,2077916.31424758,"27272840",,,,,0.802283488930991,
"270532850",Saint Louis Park W-4 P-10,"2850",St. Louis Park,"215","57220",Hennepin,"27","053","5","46",46A,9258.54300191292,2495324.98809967,"27272850",,,,,0.963444977905282,
"270532855",Saint Louis Park W-4 P-11,"2855",St. Louis Park,"215","57220",Hennepin,"27","053","5","46",46A,10575.4371267513,2502571.63120013,"27272855",,,,,0.966242906806369,
"270532860",Saint Louis Park W-4 P-12,"2860",St. Louis Park,"215","57220",Hennepin,"27","053","5","46",46A,10186.3411423621,3510396.6348163,"27272860",,,,,1.35536414070257,
"270532695",Rockford P-1,"2695",Rockford,"195","55006",Hennepin,"27","053","6","29",29A,6856.4357741709,743448.45106861,"27272695",,,,,0.28704544695759,
"270530650",Dayton P-3,"0650",Dayton,"045","15022",Hennepin,"27","053","3","34",34A,25627.9847922234,28476443.5757705,"27270650",,,,,10.994754864605,
"270530640",Dayton P-1,"0640",Dayton,"045","15022",Hennepin,"27","053","3","34",34A,22085.1954782327,23526542.9916197,"27270640",,,,,9.08359824906435,
"270530645",Dayton P-2,"0645",Dayton,"045","15022",Hennepin,"27","053","3","34",34A,18341.3341765152,12976270.5618576,"27270645",,,,,5.01013806393323,
"270532385",Osseo P-1,"2385",Osseo,"175","49012",Hennepin,"27","053","3","38",38A,7030.52042289853,1891061.15125223,"27272385",,,,,0.730138710498485,
"270531170",Loretto P-1,"1170",Loretto,"110","38222",Hennepin,"27","053","3","37",37A,3279.95525412056,672315.360293324,"27271170",,,,,0.259580960609252,
"270531350",Medina P-1,"1350",Medina,"130","41480",Hennepin,"27","053","3","37",37A,38898.2865640643,48902121.4739067,"27271350",,,,,18.8811091010754,
"270531355",Medina P-2,"1355",Medina,"130","41480",Hennepin,"27","053","3","37",37A,22050.9463796804,21309992.8763688,"27271355",,,,,8.22778824956598,
"270532755",Spring Park P-1,"2755",Spring Park,"225","62014",Hennepin,"27","053","3","45",45A,6602.74901616106,1569692.68240783,"27272755",,,,,0.606058344677664,
"270532230",Minnetonka Beach P-1,"2230",Minnetonka Beach,"143","43270",Hennepin,"27","053","3","45",45A,8143.1290177815,3974277.16746032,"27272230",,,,,1.53446841435643,
"270532900",Tonka Bay P-1,"2900",Tonka Bay,"230","65164",Hennepin,"27","053","3","45",45A,10604.7155269954,5451779.56864092,"27272900",,,,,2.10493209145226,
"270530965",Excelsior P-1,"0965",Excelsior,"065","20078",Hennepin,"27","053","3","45",45A,8025.62508305945,2256296.73756701,"27270965",,,,,0.871156170374624,
"270531065",Greenwood P-1,"1065",Greenwood,"080","25918",Hennepin,"27","053","3","45",45A,7453.19005297886,2672907.92955917,"27271065",,,,,1.03200975160279,
"270532925",Woodland P-1,"2925",Woodland,"240","71500",Hennepin,"27","053","3","45",45B,6638.77705907488,3013857.230021,"27272925",,,,,1.16365027651111,
"270530975",Fort Snelling P-1,"0975",Fort Snelling Unorg,"067","21965",Hennepin,"27","053","5","51",51A,25406.3685303645,19973179.1514919,"27270975",,,,,7.71164447039103,
"270531080",Hanover P-1,"1080",Hanover,"085","26990",Hennepin,"27","053","6","30",30A,12737.2306045624,5469558.2857088,"27271080",,,,,2.11179645411217,
"270532675",Robbinsdale W-4 P-1,"2675",Robbinsdale,"190","54808",Hennepin,"27","053","5","43",43B,8467.78144617489,1889608.06234593,"27272675",,,,,0.729577672871762,
"270532665",Robbinsdale W-3 P-1,"2665",Robbinsdale,"190","54808",Hennepin,"27","053","5","43",43B,7424.23371497647,1351663.78908715,"27272665",,,,,0.521877388966549,
"270532645",Robbinsdale W-1 P-1,"2645",Robbinsdale,"190","54808",Hennepin,"27","053","5","43",43B,8504.3083164257,2086723.11202855,"27272645",,,,,0.805683793554224,
"270532655",Robbinsdale W-2 P-1,"2655",Robbinsdale,"190","54808",Hennepin,"27","053","5","43",43B,10393.6886756043,2403833.80429681,"27272655",,,,,0.928120231839,
"270530785",Eden Prairie P-20,"0785",Eden Prairie,"060","18116",Hennepin,"27","053","3","49",49B,20339.336165687,10585158.9223467,"27270785",,,,,4.08692985991808,
"270530755",Eden Prairie P-14,"0755",Eden Prairie,"060","18116",Hennepin,"27","053","3","49",49B,22512.6803918928,10305099.604848,"27270755",,,,,3.9787989574318,
"270530770",Eden Prairie P-17,"0770",Eden Prairie,"060","18116",Hennepin,"27","053","3","49",49B,8940.42630431358,2361224.19076935,"27270770",,,,,0.911668660056046,
"270530780",Eden Prairie P-19,"0780",Eden Prairie,"060","18116",Hennepin,"27","053","3","49",49B,10418.2817907345,3750602.35836752,"27270780",,,,,1.4481075705657,
"270530775",Eden Prairie P-18,"0775",Eden Prairie,"060","18116",Hennepin,"27","053","3","49",49B,10207.6337842698,5108293.79142317,"27270775",,,,,1.97231223286849,
"270530730",Eden Prairie P-9,"0730",Eden Prairie,"060","18116",Hennepin,"27","053","3","49",49B,8549.75703456402,3756934.36725654,"27270730",,,,,1.45055235919775,
"270530710",Eden Prairie P-5,"0710",Eden Prairie,"060","18116",Hennepin,"27","053","3","49",49A,6729.77208488025,1944073.68717811,"27270710",,,,,0.750606850619469,
"270530690",Eden Prairie P-1,"0690",Eden Prairie,"060","18116",Hennepin,"27","053","3","49",49A,7222.87502950854,3058684.21624252,"27270690",,,,,1.18095797589124,
"270530715",Eden Prairie P-6,"0715",Eden Prairie,"060","18116",Hennepin,"27","053","3","49",49A,8516.57216465812,2729526.91721929,"27270715",,,,,1.05387034273837,
"270530735",Eden Prairie P-10,"0735",Eden Prairie,"060","18116",Hennepin,"27","053","3","49",49B,9514.72895288027,5097778.57710956,"27270735",,,,,1.968252308622,
"270530695",Eden Prairie P-2,"0695",Eden Prairie,"060","18116",Hennepin,"27","053","3","49",49A,9425.30493593299,3529983.9537875,"27270695",,,,,1.36292680455735,
"270530700",Eden Prairie P-3,"0700",Eden Prairie,"060","18116",Hennepin,"27","053","3","49",49A,10052.5958369324,3845601.83262012,"27270700",,,,,1.48478686757463,
"270530705",Eden Prairie P-4,"0705",Eden Prairie,"060","18116",Hennepin,"27","053","3","49",49A,11861.4212418889,3756893.30948246,"27270705",,,,,1.45053650679118,
"270530750",Eden Prairie P-13,"0750",Eden Prairie,"060","18116",Hennepin,"27","053","3","49",49B,8601.59266972295,3649474.645018,"27270750",,,,,1.40906216044145,
"270530740",Eden Prairie P-11,"0740",Eden Prairie,"060","18116",Hennepin,"27","053","3","49",49B,7055.57537620809,2675418.40233973,"27270740",,,,,1.03297904514337,
"270530760",Eden Prairie P-15,"0760",Eden Prairie,"060","18116",Hennepin,"27","053","3","49",49B,8589.59134361983,2961287.73985455,"27270760",,,,,1.14335319635784,
"270530720",Eden Prairie P-7,"0720",Eden Prairie,"060","18116",Hennepin,"27","053","3","49",49A,13470.0135528538,8345437.48003316,"27270720",,,,,3.2221734110408,
"270530765",Eden Prairie P-16,"0765",Eden Prairie,"060","18116",Hennepin,"27","053","3","49",49B,11913.3610476484,3152422.15897384,"27270765",,,,,1.2171501955798,
"270530745",Eden Prairie P-12,"0745",Eden Prairie,"060","18116",Hennepin,"27","053","3","49",49B,9365.34742293199,4200050.16440701,"27270745",,,,,1.62163936847754,
"270530725",Eden Prairie P-8,"0725",Eden Prairie,"060","18116",Hennepin,"27","053","3","49",49B,13816.1164195572,6297352.11387108,"27270725",,,,,2.43140765116563,
"270531360",Minneapolis W-1 P-1,"1360",Minneapolis,"135","43000",Hennepin,"27","053","5","60",60A,7800.0459949539,2667708.55876023,"27271360",,,,,1.03000227453733,
"270531405",Minneapolis W-1 P-10,"1405",Minneapolis,"135","43000",Hennepin,"27","053","5","60",60A,7015.58957093506,2139115.32973781,"27271405",,,,,0.825912428811767,
"270531410",Minneapolis W-1 P-11,"1410",Minneapolis,"135","43000",Hennepin,"27","053","5","60",60A,8375.55746743866,3806724.30236919,"27271410",,,,,1.46977625314474,
"270531365",Minneapolis W-1 P-2,"1365",Minneapolis,"135","43000",Hennepin,"27","053","5","60",60A,6765.59978799194,1885436.66744128,"27271365",,,,,0.727967097299077,
"270531370",Minneapolis W-1 P-3,"1370",Minneapolis,"135","43000",Hennepin,"27","053","5","60",60A,3642.48376800774,762646.246981457,"27271370",,,,,0.294457715959541,
"270531375",Minneapolis W-1 P-4,"1375",Minneapolis,"135","43000",Hennepin,"27","053","5","60",60A,7502.33031981382,2535990.11643363,"27271375",,,,,0.979145783955024,
"270531380",Minneapolis W-1 P-5,"1380",Minneapolis,"135","43000",Hennepin,"27","053","5","60",60A,4961.01753217979,1407721.07144998,"27271380",,,,,0.543521105686836,
"270531385",Minneapolis W-1 P-6,"1385",Minneapolis,"135","43000",Hennepin,"27","053","5","60",60A,4849.4327593687,1292962.59374856,"27271385",,,,,0.49921285744632,
"270531390",Minneapolis W-1 P-7,"1390",Minneapolis,"135","43000",Hennepin,"27","053","5","60",60A,4837.76160710472,1297779.45342681,"27271390",,,,,0.501072646968093,
"270531395",Minneapolis W-1 P-8,"1395",Minneapolis,"135","43000",Hennepin,"27","053","5","60",60A,3609.38256054308,794014.712324122,"27271395",,,,,0.306569080428343,
"270531400",Minneapolis W-1 P-9,"1400",Minneapolis,"135","43000",Hennepin,"27","053","5","60",60A,4774.00973004848,1281773.40551654,"27271400",,,,,0.494892711869935,
"270531815",Minneapolis W-10 P-1,"1815",Minneapolis,"135","43000",Hennepin,"27","053","5","61",61A,4586.07797573511,747000.454553446,"27271815",,,,,0.288416875503086,
"270531820",Minneapolis W-10 P-2,"1820",Minneapolis,"135","43000",Hennepin,"27","053","5","61",61B,2404.06316285457,320380.453123535,"27271820",,,,,0.123698892950997,
"270531825",Minneapolis W-10 P-3,"1825",Minneapolis,"135","43000",Hennepin,"27","053","5","61",61B,4857.12532861266,679319.444923399,"27271825",,,,,0.262285237684924,
"270531830",Minneapolis W-10 P-4,"1830",Minneapolis,"135","43000",Hennepin,"27","053","5","61",61B,2817.67801348374,485840.396493201,"27271830",,,,,0.187582977086025,
"270531835",Minneapolis W-10 P-5,"1835",Minneapolis,"135","43000",Hennepin,"27","053","5","61",61B,2763.28377906489,465078.286065474,"27271835",,,,,0.17956672624988,
"270531840",Minneapolis W-10 P-6,"1840",Minneapolis,"135","43000",Hennepin,"27","053","5","62",62A,3984.90061487565,457449.080091553,"27271840",,,,,0.176621089823349,
"270531845",Minneapolis W-10 P-7,"1845",Minneapolis,"135","43000",Hennepin,"27","053","5","62",62A,2602.39059232922,400821.683750367,"27271845",,,,,0.154757252096017,
"270531850",Minneapolis W-10 P-8,"1850",Minneapolis,"135","43000",Hennepin,"27","053","5","62",62A,2999.15911250591,441389.01020631,"27271850",,,,,0.170420296840656,
"270531855",Minneapolis W-10 P-9,"1855",Minneapolis,"135","43000",Hennepin,"27","053","5","62",62A,4192.56669884359,804552.555971922,"27271855",,,,,0.310637741860759,
"270531860",Minneapolis W-11 P-1,"1860",Minneapolis,"135","43000",Hennepin,"27","053","5","63",63B,3768.99003920041,830431.65913097,"27271860",,,,,0.320629663590468,
"270531905",Minneapolis W-11 P-10,"1905",Minneapolis,"135","43000",Hennepin,"27","053","5","63",63B,7082.56372541599,2162943.01314974,"27271905",,,,,0.835112297377113,
"270531910",Minneapolis W-11 P-11,"1910",Minneapolis,"135","43000",Hennepin,"27","053","5","63",63B,3734.27786173808,555017.38828935,"27271910",,,,,0.214292213618518,
"270531915",Minneapolis W-11 P-12,"1915",Minneapolis,"135","43000",Hennepin,"27","053","5","51",51A,11073.9556888681,1349799.7239618,"27271915",,,,,0.521157673421653,
"270531865",Minneapolis W-11 P-2,"1865",Minneapolis,"135","43000",Hennepin,"27","053","5","63",63B,4636.5143032353,1300208.82087413,"27271865",,,,,0.502010625739503,
"270531870",Minneapolis W-11 P-3,"1870",Minneapolis,"135","43000",Hennepin,"27","053","5","63",63B,5727.17786169743,1638199.98777538,"27271870",,,,,0.632509015280075,
"270531875",Minneapolis W-11 P-4,"1875",Minneapolis,"135","43000",Hennepin,"27","053","5","63",63B,4065.85587010341,958703.084302347,"27271875",,,,,0.370155260849136,
"270531880",Minneapolis W-11 P-5,"1880",Minneapolis,"135","43000",Hennepin,"27","053","5","63",63B,5236.41754695867,1385316.60155353,"27271880",,,,,0.534870739859817,
"270531885",Minneapolis W-11 P-6,"1885",Minneapolis,"135","43000",Hennepin,"27","053","5","62",62B,4022.42894491245,969432.970636315,"27271885",,,,,0.374298069962681,
"270531890",Minneapolis W-11 P-7,"1890",Minneapolis,"135","43000",Hennepin,"27","053","5","63",63B,5702.52818664508,738069.371109152,"27271890",,,,,0.284968584185244,
"270531895",Minneapolis W-11 P-8,"1895",Minneapolis,"135","43000",Hennepin,"27","053","5","63",63B,5197.14203229507,1417133.82081731,"27271895",,,,,0.547155368217565,
"270531900",Minneapolis W-11 P-9,"1900",Minneapolis,"135","43000",Hennepin,"27","053","5","63",63B,5209.24624067833,845784.273981255,"27271900",,,,,0.326557308184163,
"270531920",Minneapolis W-12 P-1,"1920",Minneapolis,"135","43000",Hennepin,"27","053","5","63",63A,5608.39644186582,1776214.65406593,"27271920",,,,,0.685796477934857,
"270531965",Minneapolis W-12 P-10,"1965",Minneapolis,"135","43000",Hennepin,"27","053","5","63",63B,8270.40158374104,1982263.17448177,"27271965",,,,,0.765351811667411,
"270531970",Minneapolis W-12 P-11,"1970",Minneapolis,"135","43000",Hennepin,"27","053","5","63",63B,5303.90962345728,1184579.4406094,"27271970",,,,,0.45736612201929,
"270531975",Minneapolis W-12 P-12,"1975",Minneapolis,"135","43000",Hennepin,"27","053","5","51",51A,5401.10544235845,908429.786226997,"27271975",,,,,0.350744740462243,
"270531925",Minneapolis W-12 P-2,"1925",Minneapolis,"135","43000",Hennepin,"27","053","5","63",63A,6463.98773626934,1251368.50346301,"27271925",,,,,0.483153379187066,
"270531930",Minneapolis W-12 P-3,"1930",Minneapolis,"135","43000",Hennepin,"27","053","5","63",63A,4006.63029074277,720715.242251003,"27271930",,,,,0.278268155033112,
"270531935",Minneapolis W-12 P-4,"1935",Minneapolis,"135","43000",Hennepin,"27","053","5","63",63A,4410.52154911154,963656.350388556,"27271935",,,,,0.372067716885021,
"270531940",Minneapolis W-12 P-5,"1940",Minneapolis,"135","43000",Hennepin,"27","053","5","63",63A,4854.52526413944,823142.494449998,"27271940",,,,,0.317815317107144,
"270531945",Minneapolis W-12 P-6,"1945",Minneapolis,"135","43000",Hennepin,"27","053","5","63",63A,5763.52057002189,1242064.12223749,"27271945",,,,,0.479560957595895,
"270531950",Minneapolis W-12 P-7,"1950",Minneapolis,"135","43000",Hennepin,"27","053","5","63",63A,5299.76886532435,1382753.94710653,"27271950",,,,,0.53388129897783,
"270531955",Minneapolis W-12 P-8,"1955",Minneapolis,"135","43000",Hennepin,"27","053","5","63",63B,7026.27678011521,2000775.82331545,"27271955",,,,,0.772499545382094,
"270531960",Minneapolis W-12 P-9,"1960",Minneapolis,"135","43000",Hennepin,"27","053","5","63",63A,5134.96759358909,1034611.97595474,"27271960",,,,,0.399463683916125,
"270531980",Minneapolis W-13 P-1,"1980",Minneapolis,"135","43000",Hennepin,"27","053","5","61",61B,4967.60171257952,1084532.55232729,"27271980",,,,,0.418738018453566,
"270532025",Minneapolis W-13 P-10,"2025",Minneapolis,"135","43000",Hennepin,"27","053","5","61",61B,5438.05778341453,1201163.13591099,"27272025",,,,,0.463769086775235,
"270532030",Minneapolis W-13 P-11,"2030",Minneapolis,"135","43000",Hennepin,"27","053","5","61",61B,4919.30158341285,1292405.50558266,"27272030",,,,,0.498997765705464,
"270532035",Minneapolis W-13 P-12,"2035",Minneapolis,"135","43000",Hennepin,"27","053","5","61",61B,6932.86917853218,2131793.57710083,"27272035",,,,,0.82308550011863,
"270532040",Minneapolis W-13 P-13,"2040",Minneapolis,"135","43000",Hennepin,"27","053","5","61",61B,5497.17925871952,1697320.42071792,"27272040",,,,,0.655335414439189,
"270531985",Minneapolis W-13 P-2,"1985",Minneapolis,"135","43000",Hennepin,"27","053","5","61",61B,3930.40234826092,836221.677960786,"27271985",,,,,0.32286518986066,
"270531990",Minneapolis W-13 P-3,"1990",Minneapolis,"135","43000",Hennepin,"27","053","5","61",61B,3805.76596116355,591520.512874834,"27271990",,,,,0.228386070020973,
"270531995",Minneapolis W-13 P-4,"1995",Minneapolis,"135","43000",Hennepin,"27","053","5","61",61B,4280.17956631871,820693.689446192,"27271995",,,,,0.316869833495175,
"270532000",Minneapolis W-13 P-5,"2000",Minneapolis,"135","43000",Hennepin,"27","053","5","61",61B,5214.26583854879,807406.613504467,"27272000",,,,,0.311739693474075,
"270532005",Minneapolis W-13 P-6,"2005",Minneapolis,"135","43000",Hennepin,"27","053","5","61",61B,3008.98945480362,495119.302787774,"27272005",,,,,0.19116556280636,
"270532010",Minneapolis W-13 P-7,"2010",Minneapolis,"135","43000",Hennepin,"27","053","5","61",61B,5214.02451812516,1367286.32501706,"27272010",,,,,0.527909250089086,
"270532015",Minneapolis W-13 P-8,"2015",Minneapolis,"135","43000",Hennepin,"27","053","5","63",63B,6031.43270990636,1374014.30675869,"27272015",,,,,0.530506923839528,
"270532020",Minneapolis W-13 P-9,"2020",Minneapolis,"135","43000",Hennepin,"27","053","5","63",63B,4022.56150038267,966647.044261512,"27272020",,,,,0.37322242378937,
"270531415",Minneapolis W-2 P-1,"1415",Minneapolis,"135","43000",Hennepin,"27","053","5","60",60B,3515.29653294633,371937.222723677,"27271415",,,,,0.143604961693612,
"270531420",Minneapolis W-2 P-2,"1420",Minneapolis,"135","43000",Hennepin,"27","053","5","60",60B,2157.21371526539,255893.230166662,"27271420",,,,,0.098800376167348,
"270531425",Minneapolis W-2 P-3,"1425",Minneapolis,"135","43000",Hennepin,"27","053","5","60",60B,6286.99570371781,1753338.89077843,"27271425",,,,,0.67696414572955,
"270531430",Minneapolis W-2 P-4,"1430",Minneapolis,"135","43000",Hennepin,"27","053","5","60",60B,6515.69272561007,1330000.94742775,"27271430",,,,,0.513513365801853,
"270531435",Minneapolis W-2 P-5,"1435",Minneapolis,"135","43000",Hennepin,"27","053","5","60",60B,7419.9260908776,2003714.14535061,"27271435",,,,,0.77363403151987,
"270531440",Minneapolis W-2 P-6,"1440",Minneapolis,"135","43000",Hennepin,"27","053","5","60",60B,3146.63812694389,590017.327595751,"27271440",,,,,0.227805690184719,
"270531445",Minneapolis W-2 P-7,"1445",Minneapolis,"135","43000",Hennepin,"27","053","5","60",60B,5600.16505558971,1200941.23519446,"27271445",,,,,0.463683410908579,
"270531450",Minneapolis W-2 P-8,"1450",Minneapolis,"135","43000",Hennepin,"27","053","5","63",63A,7970.22864463803,1789215.93786254,"27271450",,,,,0.690816273608727,
"270531455",Minneapolis W-2 P-9,"1455",Minneapolis,"135","43000",Hennepin,"27","053","5","63",63A,4528.96969021179,802723.218946296,"27271455",,,,,0.309931434835165,
"270531460",Minneapolis W-3 P-1,"1460",Minneapolis,"135","43000",Hennepin,"27","053","5","60",60A,4391.45888911274,1025376.62222178,"27271460",,,,,0.395897913839829,
"270531505",Minneapolis W-3 P-10,"1505",Minneapolis,"135","43000",Hennepin,"27","053","5","59",59B,4431.22711083146,627534.447608655,"27271505",,,,,0.242291050221702,
"270531510",Minneapolis W-3 P-11,"1510",Minneapolis,"135","43000",Hennepin,"27","053","5","59",59B,3895.12065471609,569793.357394988,"27271510",,,,,0.219997215290205,
"270531515",Minneapolis W-3 P-12,"1515",Minneapolis,"135","43000",Hennepin,"27","053","5","59",59B,3870.92516601726,595646.995625564,"27271515",,,,,0.22997930501103,
"270531465",Minneapolis W-3 P-2,"1465",Minneapolis,"135","43000",Hennepin,"27","053","5","60",60A,5108.79296105698,1273123.90452248,"27271465",,,,,0.49155313953613,
"270531470",Minneapolis W-3 P-3,"1470",Minneapolis,"135","43000",Hennepin,"27","053","5","60",60A,2454.01799954581,362913.029773607,"27271470",,,,,0.14012072079559,
"270531475",Minneapolis W-3 P-4,"1475",Minneapolis,"135","43000",Hennepin,"27","053","5","60",60A,5202.2931394318,831657.270210863,"27271475",,,,,0.321102872028414,
"270531480",Minneapolis W-3 P-5,"1480",Minneapolis,"135","43000",Hennepin,"27","053","5","59",59B,2521.83480618705,339466.282254426,"27271480",,,,,0.131067931578434,
"270531485",Minneapolis W-3 P-6,"1485",Minneapolis,"135","43000",Hennepin,"27","053","5","59",59B,2902.87111681192,417983.727255854,"27271485",,,,,0.161383517093485,
"270531490",Minneapolis W-3 P-7,"1490",Minneapolis,"135","43000",Hennepin,"27","053","5","59",59B,5582.29764620187,1151748.11220876,"27271490",,,,,0.444689946123801,
"270531495",Minneapolis W-3 P-8,"1495",Minneapolis,"135","43000",Hennepin,"27","053","5","60",60B,2694.06812097243,357270.364017447,"27271495",,,,,0.137942087547136,
"270531500",Minneapolis W-3 P-9,"1500",Minneapolis,"135","43000",Hennepin,"27","053","5","60",60B,4645.28522079777,709975.753102141,"27271500",,,,,0.274121638272737,
"270531520",Minneapolis W-4 P-1,"1520",Minneapolis,"135","43000",Hennepin,"27","053","5","59",59A,4816.37414914278,1284183.33525156,"27271520",,,,,0.495823185740628,
"270531525",Minneapolis W-4 P-2,"1525",Minneapolis,"135","43000",Hennepin,"27","053","5","59",59A,6646.39855511733,2525506.39044137,"27271525",,,,,0.975098017349412,
"270531530",Minneapolis W-4 P-3,"1530",Minneapolis,"135","43000",Hennepin,"27","053","5","59",59A,7130.27436015477,1735351.90898372,"27271530",,,,,0.670019372058613,
"270531535",Minneapolis W-4 P-4,"1535",Minneapolis,"135","43000",Hennepin,"27","053","5","59",59A,7208.79994367364,2197970.00717999,"27271535",,,,,0.848636219772194,
"270531540",Minneapolis W-4 P-5,"1540",Minneapolis,"135","43000",Hennepin,"27","053","5","59",59A,5799.66882146051,1597289.26496437,"27271540",,,,,0.616713385202744,
"270531545",Minneapolis W-4 P-6,"1545",Minneapolis,"135","43000",Hennepin,"27","053","5","59",59A,4453.06837097628,1005647.89842759,"27271545",,,,,0.388280653582892,
"270531550",Minneapolis W-4 P-7,"1550",Minneapolis,"135","43000",Hennepin,"27","053","5","59",59A,4805.67522157562,1442466.44393503,"27271550",,,,,0.556936294003314,
"270531555",Minneapolis W-4 P-8,"1555",Minneapolis,"135","43000",Hennepin,"27","053","5","59",59A,5043.40473529172,1557269.53950407,"27271555",,,,,0.601261769202521,
"270531560",Minneapolis W-4 P-9,"1560",Minneapolis,"135","43000",Hennepin,"27","053","5","59",59B,2223.57380906785,202615.440106402,"27271560",,,,,0.0782298214250819,
"270531565",Minneapolis W-5 P-1,"1565",Minneapolis,"135","43000",Hennepin,"27","053","5","59",59A,4005.94861043296,958108.346063072,"27271565",,,,,0.369925632414952,
"270531570",Minneapolis W-5 P-2,"1570",Minneapolis,"135","43000",Hennepin,"27","053","5","59",59B,5448.76581096151,1522396.82883055,"27271570",,,,,0.587797415611474,
"270531575",Minneapolis W-5 P-3,"1575",Minneapolis,"135","43000",Hennepin,"27","053","5","59",59A,6137.02074354232,2386097.18365866,"27271575",,,,,0.921272122610609,
"270531580",Minneapolis W-5 P-4,"1580",Minneapolis,"135","43000",Hennepin,"27","053","5","59",59B,4624.74132405229,1105154.45888276,"27271580",,,,,0.426700136574635,
"270531585",Minneapolis W-5 P-5,"1585",Minneapolis,"135","43000",Hennepin,"27","053","5","59",59B,5976.38819901465,1634281.66478735,"27271585",,,,,0.630996150774397,
"270531590",Minneapolis W-5 P-6,"1590",Minneapolis,"135","43000",Hennepin,"27","053","5","59",59B,4360.79586536083,1052191.62795674,"27271590",,,,,0.406251187554096,
"270531595",Minneapolis W-5 P-7,"1595",Minneapolis,"135","43000",Hennepin,"27","053","5","59",59B,5445.35856564133,1389660.44426926,"27271595",,,,,0.536547897532362,
"270531600",Minneapolis W-5 P-8,"1600",Minneapolis,"135","43000",Hennepin,"27","053","5","59",59B,7584.11602418808,1465116.75636816,"27271600",,,,,0.565681579633748,
"270531605",Minneapolis W-5 P-9,"1605",Minneapolis,"135","43000",Hennepin,"27","053","5","61",61A,6095.75038658618,972977.93223497,"27271605",,,,,0.375666779635922,
"270531610",Minneapolis W-6 P-1,"1610",Minneapolis,"135","43000",Hennepin,"27","053","5","61",61A,3622.72521179713,407869.94527299,"27271610",,,,,0.157478585869901,
"270531615",Minneapolis W-6 P-2,"1615",Minneapolis,"135","43000",Hennepin,"27","053","5","61",61A,3590.17340819561,564218.978178719,"27271615",,,,,0.217844947474803,
"270531620",Minneapolis W-6 P-3,"1620",Minneapolis,"135","43000",Hennepin,"27","053","5","60",60B,4091.2864429283,610626.977137783,"27271620",,,,,0.235763075872898,
"270531625",Minneapolis W-6 P-4,"1625",Minneapolis,"135","43000",Hennepin,"27","053","5","62",62A,2194.53615413173,289853.250440389,"27271625",,,,,0.111912339995034,
"270531630",Minneapolis W-6 P-5,"1630",Minneapolis,"135","43000",Hennepin,"27","053","5","62",62A,3374.84537033736,619956.088830987,"27271630",,,,,0.239365045897644,
"270531635",Minneapolis W-6 P-6,"1635",Minneapolis,"135","43000",Hennepin,"27","053","5","62",62A,3227.21238725974,649880.999851969,"27271635",,,,,0.250919054042845,
"270531640",Minneapolis W-6 P-7,"1640",Minneapolis,"135","43000",Hennepin,"27","053","5","62",62B,3871.85119023546,740171.447993893,"27271640",,,,,0.285780196070442,
"270531645",Minneapolis W-6 P-8,"1645",Minneapolis,"135","43000",Hennepin,"27","053","5","63",63A,3565.22598025928,488896.860148918,"27271645",,,,,0.188763077703497,
"270531650",Minneapolis W-6 P-9,"1650",Minneapolis,"135","43000",Hennepin,"27","053","5","63",63A,4263.68930605856,487175.205154805,"27271650",,,,,0.18809834671027,
"270531655",Minneapolis W-7 P-1,"1655",Minneapolis,"135","43000",Hennepin,"27","053","5","61",61A,7895.14111634737,1570038.96187478,"27271655",,,,,0.606192043179851,
"270531700",Minneapolis W-7 P-10,"1700",Minneapolis,"135","43000",Hennepin,"27","053","5","62",62A,2399.47856386093,226900.891589803,"27271700",,,,,0.0876064342428231,
"270531705",Minneapolis W-7 P-11,"1705",Minneapolis,"135","43000",Hennepin,"27","053","5","59",59B,3049.17168649623,224165.725712363,"27271705",,,,,0.0865503866975433,
"270531710",Minneapolis W-7 P-12,"1710",Minneapolis,"135","43000",Hennepin,"27","053","5","61",61B,8247.55350890483,3001433.6944812,"27271710",,,,,1.15885354943919,
"270531660",Minneapolis W-7 P-2,"1660",Minneapolis,"135","43000",Hennepin,"27","053","5","61",61A,9780.33747661124,2864237.30220855,"27271660",,,,,1.10588202238272,
"270531665",Minneapolis W-7 P-3,"1665",Minneapolis,"135","43000",Hennepin,"27","053","5","61",61A,5705.66116818408,1251781.64070243,"27271665",,,,,0.483312891475208,
"270531670",Minneapolis W-7 P-4,"1670",Minneapolis,"135","43000",Hennepin,"27","053","5","61",61A,9443.10732681846,1237941.43873289,"27271670",,,,,0.477969189494768,
"270531675",Minneapolis W-7 P-5,"1675",Minneapolis,"135","43000",Hennepin,"27","053","5","61",61A,2532.14083025248,273472.78840937,"27271675",,,,,0.105587843604858,
"270531680",Minneapolis W-7 P-6,"1680",Minneapolis,"135","43000",Hennepin,"27","053","5","61",61A,4444.45528256749,1155962.00060862,"27271680",,,,,0.446316928434989,
"270531685",Minneapolis W-7 P-7,"1685",Minneapolis,"135","43000",Hennepin,"27","053","5","61",61A,8969.24063883384,1539465.03070209,"27271685",,,,,0.594387448354076,
"270531690",Minneapolis W-7 P-8,"1690",Minneapolis,"135","43000",Hennepin,"27","053","5","61",61A,4813.36491802532,918406.29834597,"27271690",,,,,0.354596671791379,
"270531695",Minneapolis W-7 P-9,"1695",Minneapolis,"135","43000",Hennepin,"27","053","5","61",61A,4164.46554199311,666124.845179965,"27271695",,,,,0.257190802723984,
"270531715",Minneapolis W-8 P-1,"1715",Minneapolis,"135","43000",Hennepin,"27","053","5","62",62A,2933.26616507645,421055.417275096,"27271715",,,,,0.162569496609915,
"270531760",Minneapolis W-8 P-10,"1760",Minneapolis,"135","43000",Hennepin,"27","053","5","62",62B,3603.58737582671,540418.98391131,"27271760",,,,,0.208655769688157,
"270531765",Minneapolis W-8 P-11,"1765",Minneapolis,"135","43000",Hennepin,"27","053","5","62",62B,3592.59529048095,654480.208031655,"27271765",,,,,0.252694808321022,
"270531720",Minneapolis W-8 P-2,"1720",Minneapolis,"135","43000",Hennepin,"27","053","5","62",62A,3751.5507271605,842845.472170566,"27271720",,,,,0.325422636805056,
"270531725",Minneapolis W-8 P-3,"1725",Minneapolis,"135","43000",Hennepin,"27","053","5","62",62A,3724.71291940265,851040.269948141,"27271725",,,,,0.328586648226977,
"270531730",Minneapolis W-8 P-4,"1730",Minneapolis,"135","43000",Hennepin,"27","053","5","62",62B,4583.40940901574,1310042.36511371,"27271730",,,,,0.505807357170404,
"270531735",Minneapolis W-8 P-5,"1735",Minneapolis,"135","43000",Hennepin,"27","053","5","62",62A,3443.2515468874,641286.040814244,"27271735",,,,,0.24760054035838,
"270531740",Minneapolis W-8 P-6,"1740",Minneapolis,"135","43000",Hennepin,"27","053","5","62",62B,2751.46664344401,390694.695530329,"27271740",,,,,0.15084722194426,
"270531745",Minneapolis W-8 P-7,"1745",Minneapolis,"135","43000",Hennepin,"27","053","5","62",62B,3951.92208053395,963147.6662687,"27271745",,,,,0.371871313946345,
"270531750",Minneapolis W-8 P-8,"1750",Minneapolis,"135","43000",Hennepin,"27","053","5","62",62B,3977.89509158906,882038.345025393,"27271750",,,,,0.340555005014304,
"270531755",Minneapolis W-8 P-9,"1755",Minneapolis,"135","43000",Hennepin,"27","053","5","63",63B,3263.62711121489,468765.492961877,"27271755",,,,,0.180990356832581,
"270531770",Minneapolis W-9 P-1,"1770",Minneapolis,"135","43000",Hennepin,"27","053","5","62",62A,1952.57698337481,230357.864324202,"27271770",,,,,0.0889411714155745,
"270531775",Minneapolis W-9 P-2,"1775",Minneapolis,"135","43000",Hennepin,"27","053","5","62",62B,5155.03750002719,1233958.03193132,"27271775",,,,,0.476431196128681,
"270531780",Minneapolis W-9 P-3,"1780",Minneapolis,"135","43000",Hennepin,"27","053","5","62",62B,4000.88400901177,959060.874012465,"27271780",,,,,0.370293403456213,
"270531785",Minneapolis W-9 P-4,"1785",Minneapolis,"135","43000",Hennepin,"27","053","5","62",62B,4454.07356316644,1015601.74482297,"27271785",,,,,0.392123833676148,
"270531790",Minneapolis W-9 P-5,"1790",Minneapolis,"135","43000",Hennepin,"27","053","5","62",62B,3612.62137017516,421720.390257113,"27271790",,,,,0.162826242678271,
"270531795",Minneapolis W-9 P-6,"1795",Minneapolis,"135","43000",Hennepin,"27","053","5","63",63A,4521.25353211938,1192598.67288519,"27271795",,,,,0.460462347600974,
"270531800",Minneapolis W-9 P-7,"1800",Minneapolis,"135","43000",Hennepin,"27","053","5","62",62B,3194.83952818616,480094.421982281,"27271800",,,,,0.185364456327359,
"270531805",Minneapolis W-9 P-8,"1805",Minneapolis,"135","43000",Hennepin,"27","053","5","63",63A,6154.76894833603,1373572.81734408,"27271805",,,,,0.53033646477655,
"270531810",Minneapolis W-9 P-9,"1810",Minneapolis,"135","43000",Hennepin,"27","053","5","63",63A,5911.92063037191,1056781.26771004,"27271810",,,,,0.408023247462845,
"270532450",Plymouth W-3 P-11,"2450",Plymouth,"180","51730",Hennepin,"27","053","3","42",42B,13915.8346478185,4279743.94367438,"27272450",,,,,1.65240913665268,
"270532425",Plymouth W-2 P-6,"2425",Plymouth,"180","51730",Hennepin,"27","053","3","42",42A,9961.82013181901,3938033.25043898,"27272425",,,,,1.52047463799449,
"270532445",Plymouth W-2 P-10,"2445",Plymouth,"180","51730",Hennepin,"27","053","3","42",42A,10728.5811096902,5173062.59552108,"27272445",,,,,1.99731946813069,
"270532455",Plymouth W-3 P-12,"2455",Plymouth,"180","51730",Hennepin,"27","053","3","42",42B,5666.21483342719,1971235.11346434,"27272455",,,,,0.761093877308583,
"270532460",Plymouth W-3 P-13,"2460",Plymouth,"180","51730",Hennepin,"27","053","3","42",42B,14618.1250221928,5096097.23513649,"27272460",,,,,1.9676031424862,
"270532500",Plymouth W-4 P-21,"2500",Plymouth,"180","51730",Hennepin,"27","053","3","42",42B,9394.03657891994,3290623.51836522,"27272500",,,,,1.27050974044081,
"270532495",Plymouth W-4 P-20,"2495",Plymouth,"180","51730",Hennepin,"27","053","3","42",42B,11319.4721315767,4754285.30808337,"27272495",,,,,1.83562955745099,
"270532480",Plymouth W-4 P-17,"2480",Plymouth,"180","51730",Hennepin,"27","053","3","42",42B,9971.14674722905,3880804.46330808,"27272480",,,,,1.49837860328325,
"270532490",Plymouth W-4 P-19,"2490",Plymouth,"180","51730",Hennepin,"27","053","3","42",42B,11332.6608999317,6513622.42522239,"27272490",,,,,2.51490961837837,
"270532405",Plymouth W-1 P-2,"2405",Plymouth,"180","51730",Hennepin,"27","053","3","42",42A,10511.4239305222,4082662.83652628,"27272405",,,,,1.5763161211828,
"270532465",Plymouth W-3 P-14,"2465",Plymouth,"180","51730",Hennepin,"27","053","3","42",42B,17790.9853160306,5748458.82978475,"27272465",,,,,2.21947995417989,
"270532415",Plymouth W-1 P-4,"2415",Plymouth,"180","51730",Hennepin,"27","053","3","42",42A,12021.7807912314,4220873.30642777,"27272415",,,,,1.62967918361176,
"270532420",Plymouth W-1 P-5,"2420",Plymouth,"180","51730",Hennepin,"27","053","3","42",42B,6887.6974111337,1998676.81187583,"27272420",,,,,0.771689117065258,
"270532470",Plymouth W-3 P-15,"2470",Plymouth,"180","51730",Hennepin,"27","053","3","42",42A,11986.8680205174,6558639.46576734,"27272470",,,,,2.53229069773277,
"270532475",Plymouth W-3 P-16,"2475",Plymouth,"180","51730",Hennepin,"27","053","3","43",43B,10299.2228169447,3153628.96136577,"27272475",,,,,1.21761614198332,
"270532435",Plymouth W-2 P-8,"2435",Plymouth,"180","51730",Hennepin,"27","053","3","42",42A,9399.92144675619,5260829.18986082,"27272435",,,,,2.03120615020526,
"270532440",Plymouth W-2 P-9,"2440",Plymouth,"180","51730",Hennepin,"27","053","3","42",42A,9386.80588639128,4421414.76381393,"27272440",,,,,1.70710824030856,
"270532430",Plymouth W-2 P-7,"2430",Plymouth,"180","51730",Hennepin,"27","053","3","42",42A,9011.99929342196,4836380.83246408,"27272430",,,,,1.86732663941438,
"270532485",Plymouth W-4 P-18,"2485",Plymouth,"180","51730",Hennepin,"27","053","3","42",42B,9514.47099613474,2912679.44495351,"27272485",,,,,1.12458553369655,
"270532400",Plymouth W-1 P-1,"2400",Plymouth,"180","51730",Hennepin,"27","053","3","42",42A,11396.4221957991,6127259.97738005,"27272400",,,,,2.36573507726644,
"270532410",Plymouth W-1 P-3,"2410",Plymouth,"180","51730",Hennepin,"27","053","3","42",42B,7367.76850911644,3136298.5933029,"27272410",,,,,1.21092488687425,
"270532605",Richfield W-3 P-7,"2605",Richfield,"185","54214",Hennepin,"27","053","5","51",51A,6814.0243707419,2518961.85235614,"27272605",,,,,0.972571171194705,
"270532610",Richfield W-3 P-8,"2610",Richfield,"185","54214",Hennepin,"27","053","5","51",51A,5578.97928527136,1582064.5314396,"27272610",,,,,0.61083511558883,
"270532615",Richfield W-3 P-9,"2615",Richfield,"185","54214",Hennepin,"27","053","5","51",51A,5807.68006136551,1523061.4760825,"27272615",,,,,0.588054035915454,
"270532595",Richfield W-2 P-6,"2595",Richfield,"185","54214",Hennepin,"27","053","5","51",51A,5855.44049205812,1905226.71647111,"27272595",,,,,0.735608035229495,
"270532600",Richfield W-2 P-5,"2600",Richfield,"185","54214",Hennepin,"27","053","5","51",51A,6393.39100317648,2045878.28932,"27272600",,,,,0.789913607506451,
"270532590",Richfield W-2 P-4,"2590",Richfield,"185","54214",Hennepin,"27","053","5","51",51A,6922.5969382904,1976148.49071237,"27272590",,,,,0.762990932264046,
"270532575",Richfield W-1 P-1,"2575",Richfield,"185","54214",Hennepin,"27","053","5","51",51A,5920.25530918776,2125941.83052088,"27272575",,,,,0.820826140764112,
"270532585",Richfield W-1 P-3,"2585",Richfield,"185","54214",Hennepin,"27","053","5","51",51A,8183.85544919409,2626018.65151711,"27272585",,,,,1.01390580135075,
"270532580",Richfield W-1 P-2,"2580",Richfield,"185","54214",Hennepin,"27","053","5","51",51A,5585.81676057747,1598932.26658911,"27272580",,,,,0.617347748130055,
"270530430",Brooklyn Park W-W P-8,"0430",Brooklyn Park,"015","07966",Hennepin,"27","053","3","34",34B,13426.3607211759,10196327.1508511,"27270430",,,,,3.93680191294362,
"270530365",Brooklyn Park W-E P-6,"0365",Brooklyn Park,"015","07966",Hennepin,"27","053","3","34",34B,11104.9346183246,3594011.98064874,"27270365",,,,,1.38764802572848,
"270530330",Brooklyn Park W-C P-7,"0330",Brooklyn Park,"015","07966",Hennepin,"27","053","3","34",34B,8939.85519605436,4068275.06761198,"27270330",,,,,1.57076100360499,
"270530400",Brooklyn Park W-W P-2,"0400",Brooklyn Park,"015","07966",Hennepin,"27","053","3","38",38A,4534.04608771945,1130126.81472816,"27270400",,,,,0.436341963166544,
"270530410",Brooklyn Park W-W P-4,"0410",Brooklyn Park,"015","07966",Hennepin,"27","053","3","38",38A,7232.39480479718,1808863.36731135,"27270410",,,,,0.698402146118911,
"270530415",Brooklyn Park W-W P-5,"0415",Brooklyn Park,"015","07966",Hennepin,"27","053","3","38",38A,6563.14964837008,1958171.61390738,"27270415",,,,,0.75605006012964,
"270530405",Brooklyn Park W-W P-3,"0405",Brooklyn Park,"015","07966",Hennepin,"27","053","3","38",38A,12537.2450445263,5537756.07460232,"27270405",,,,,2.13812762040396,
"270530425",Brooklyn Park W-W P-7,"0425",Brooklyn Park,"015","07966",Hennepin,"27","053","3","38",38A,5076.52798091589,1467561.1295699,"27270425",,,,,0.566625352126939,
"270530420",Brooklyn Park W-W P-6,"0420",Brooklyn Park,"015","07966",Hennepin,"27","053","3","38",38A,10472.9718884019,5046277.05542888,"27270420",,,,,1.94836757110109,
"270530340",Brooklyn Park W-E P-1,"0340",Brooklyn Park,"015","07966",Hennepin,"27","053","3","38",38B,4607.17171563506,1285910.5669218,"27270340",,,,,0.496490069888507,
"270530350",Brooklyn Park W-E P-3,"0350",Brooklyn Park,"015","07966",Hennepin,"27","053","3","38",38B,6603.69822295102,1587953.37481804,"27270350",,,,,0.613108798017247,
"270530345",Brooklyn Park W-E P-2,"0345",Brooklyn Park,"015","07966",Hennepin,"27","053","3","38",38B,7369.4889504375,2458645.36975458,"27270345",,,,,0.949282977262245,
"270530380",Brooklyn Park W-E P-9,"0380",Brooklyn Park,"015","07966",Hennepin,"27","053","3","34",34B,7569.94115188284,2218618.3825013,"27270380",,,,,0.856608557483754,
"270530375",Brooklyn Park W-E P-8,"0375",Brooklyn Park,"015","07966",Hennepin,"27","053","3","34",34B,10804.463700459,3957840.77718102,"27270375",,,,,1.52812232406959,
"270530370",Brooklyn Park W-E P-7,"0370",Brooklyn Park,"015","07966",Hennepin,"27","053","3","34",34B,10953.5848485475,4184323.34136807,"27270370",,,,,1.61556724210221,
"270530355",Brooklyn Park W-E P-4,"0355",Brooklyn Park,"015","07966",Hennepin,"27","053","3","34",34B,4908.01892373033,1281115.42044807,"27270355",,,,,0.494638663835,
"270530360",Brooklyn Park W-E P-5,"0360",Brooklyn Park,"015","07966",Hennepin,"27","053","3","34",34B,5167.56984762283,1193936.58513679,"27270360",,,,,0.460978915521314,
"270530300",Brooklyn Park W-C P-1,"0300",Brooklyn Park,"015","07966",Hennepin,"27","053","3","38",38A,5086.22364461504,1100123.9266136,"27270300",,,,,0.424757848065512,
"270530310",Brooklyn Park W-C P-3,"0310",Brooklyn Park,"015","07966",Hennepin,"27","053","3","34",34B,5787.39475404128,1844089.56499359,"27270310",,,,,0.712002981044025,
"270530305",Brooklyn Park W-C P-2,"0305",Brooklyn Park,"015","07966",Hennepin,"27","053","3","38",38A,5213.47456670274,1591647.96601056,"27270305",,,,,0.614535279676676,
"270530315",Brooklyn Park W-C P-4,"0315",Brooklyn Park,"015","07966",Hennepin,"27","053","3","38",38A,6374.3173187022,2521406.80375784,"27270315",,,,,0.973515166930904,
"270530320",Brooklyn Park W-C P-5,"0320",Brooklyn Park,"015","07966",Hennepin,"27","053","3","38",38A,5929.87015537636,2206580.32929952,"27270320",,,,,0.851960665142544,
"270530325",Brooklyn Park W-C P-6,"0325",Brooklyn Park,"015","07966",Hennepin,"27","053","3","34",34B,6833.57784324424,1664388.17264582,"27270325",,,,,0.642620273458553,
"270530335",Brooklyn Park W-C P-8,"0335",Brooklyn Park,"015","07966",Hennepin,"27","053","3","34",34B,7158.605032778,2693723.23458537,"27270335",,,,,1.04004654087341,
"270530395",Brooklyn Park W-W P-1,"0395",Brooklyn Park,"015","07966",Hennepin,"27","053","3","38",38A,6962.63360483873,2077033.58893596,"27270395",,,,,0.801942668688174,
"270532730",Shorewood P-2,"2730",Shorewood,"220","60016",Hennepin,"27","053","3","45",45A,26221.8227212447,8659721.27628273,"27272730",,,,,3.34351838477276,
"270530220",Brooklyn Center P-5,"0220",Brooklyn Center,"010","07948",Hennepin,"27","053","5","38",38B,8145.70343067294,3261553.48479194,"27270220",,,,,1.25928580047817,
"270530485",Chanhassen P-1,"0485",Chanhassen,"026","10918",Hennepin,"27","053","3","49",49A,3244.928327022,616028.807916485,"27270485",,,,,0.237848722736555,
"271230070",Falcon Heights P-2,"0070",Falcon Heights,"030","20420",Ramsey,"62","123","4","66",66A,4033.41783983214,959639.195668273,"27620070",,,,,0.37051669344752,
"271230060",Falcon Heights P-1,"0060",Falcon Heights,"030","20420",Ramsey,"62","123","4","66",66A,9657.86307957795,4838920.10047491,"27620060",,,,,1.86830705079336,
"271230090",Lauderdale P-1,"0090",Lauderdale,"050","35738",Ramsey,"62","123","4","66",66A,4414.77917448066,1089709.70513936,"27620090",,,,,0.420736917154305,
"271230370",North Oaks P-1,"0370",North Oaks,"100","47104",Ramsey,"62","123","4","36",36A,15861.2690397718,10678894.4654622,"27620370",,,,,4.12312115311497,
"271230110",Little Canada P-2,"0110",Little Canada,"060","37502",Ramsey,"62","123","4","44",44A,12449.2690423539,4589433.77487133,"27620110",,,,,1.77198038047782,
"271231690",Vadnais Heights P-4,"1690",Vadnais Heights,"170","66460",Ramsey,"62","123","4","36",36B,12884.0373314552,5945856.40544046,"27621690",,,,,2.29569515814056,
"271230210",Maplewood P-9,"0210",Maplewood,"070","40382",Ramsey,"62","123","4","44",44A,8666.05294087796,3699122.05349272,"27620210",,,,,1.42823102485354,
"271230160",Maplewood P-4,"0160",Maplewood,"070","40382",Ramsey,"62","123","4","44",44A,8544.484223618,3070105.82112488,"27620160",,,,,1.18536785753631,
"271231650",Spring Lake Park P-1R,"1650",Spring Lake Park,"160","61996",Ramsey,"62","123","4","39",39A,1520.85262676577,118493.395622089,"27621650",,,,,0.0457503000496887,
"271230250",Maplewood P-13,"0250",Maplewood,"070","40382",Ramsey,"62","123","4","47",47A,11676.7213533338,5873935.18088741,"27620250",,,,,2.26792637334063,
"271230530",St. Anthony P-1,"0530",St. Anthony,"130","56680",Ramsey,"62","123","5","39",39B,6138.76902887715,1713241.56574497,"27620530",,,,,0.661482568534134,
"271230240",Maplewood P-12,"0240",Maplewood,"070","40382",Ramsey,"62","123","4","47",47A,10130.0294725287,4506042.48673595,"27620240",,,,,1.73978300412875,
"271230180",Maplewood P-6,"0180",Maplewood,"070","40382",Ramsey,"62","123","4","44",44A,10197.8183622373,4082399.48723531,"27620180",,,,,1.57621444202155,
"271231660",Vadnais Heights P-1,"1660",Vadnais Heights,"170","66460",Ramsey,"62","123","4","36",36B,12658.4286176816,4198603.48153706,"27621660",,,,,1.62108080422146,
"271231510",St. Paul W-7 P-9,"1510",St. Paul,"140","58000",Ramsey,"62","123","4","67",67B,4358.41424055711,982355.17143872,"27621510",,,,,0.37928733169249,
"271230020",Arden Hills P-2,"0020",Arden Hills,"010","02026",Ramsey,"62","123","4","40",40A,9394.52600310828,4335806.14938259,"27620020",,,,,1.67405475427662,
"271231550",St. Paul W-7 P-13,"1550",St. Paul,"140","58000",Ramsey,"62","123","4","67",67B,10855.2541894148,3450110.90927123,"27621550",,,,,1.33208782206962,
"271231670",Vadnais Heights P-2,"1670",Vadnais Heights,"170","66460",Ramsey,"62","123","4","36",36B,8911.20273357806,3540341.50575846,"27621670",,,,,1.36692585537334,
"271230390",North St. Paul P-1,"0390",North St. Paul,"110","47221",Ramsey,"62","123","4","44",44B,8505.05476330185,2388470.42478186,"27620390",,,,,0.922188431008274,
"271230200",Maplewood P-8,"0200",Maplewood,"070","40382",Ramsey,"62","123","4","44",44A,12512.8561023129,3339187.89840547,"27620200",,,,,1.28926044757435,
"271230100",Little Canada P-1,"0100",Little Canada,"060","37502",Ramsey,"62","123","4","44",44A,6684.42140775809,2639053.33334076,"27620100",,,,,1.01893849200287,
"271230320",Mounds View P-4,"0320",Mounds View,"080","44530",Ramsey,"62","123","4","40",40A,7611.06352486479,2699412.38663124,"27620320",,,,,1.04224312247832,
"271230190",Maplewood P-7,"0190",Maplewood,"070","40382",Ramsey,"62","123","4","44",44A,11301.1851488694,4929275.21634619,"27620190",,,,,1.90319316103126,
"271230310",Mounds View P-3,"0310",Mounds View,"080","44530",Ramsey,"62","123","4","40",40A,6664.20972557114,2676801.86868657,"27620310",,,,,1.03351320149988,
"271231730",White Bear Twp P-4,"1730",White Bear Twp,"180","69916",Ramsey,"62","123","4","36",36B,13067.241797552,2565094.72735832,"27621730",,,,,0.990383074233048,
"271230410",North St. Paul P-3,"0410",North St. Paul,"110","47221",Ramsey,"62","123","4","44",44B,6762.62883240056,1610151.92203257,"27620410",,,,,0.621679657096774,
"271230290",Mounds View P-1,"0290",Mounds View,"080","44530",Ramsey,"62","123","4","40",40A,7525.55134036168,2638653.59451101,"27620290",,,,,1.0187841528407,
"271230120",Little Canada P-3,"0120",Little Canada,"060","37502",Ramsey,"62","123","4","44",44A,13407.5911036176,4374262.2614518,"27620120",,,,,1.68890265914654,
"271230130",Maplewood P-1,"0130",Maplewood,"070","40382",Ramsey,"62","123","4","44",44A,9557.10896980044,3759376.55086722,"27620130",,,,,1.45149528628983,
"271230150",Maplewood P-3,"0150",Maplewood,"070","40382",Ramsey,"62","123","4","44",44A,7710.61469718638,3406812.67859321,"27620150",,,,,1.31537037520484,
"271230380",North Oaks P-2,"0380",North Oaks,"100","47104",Ramsey,"62","123","4","36",36A,20914.3028532725,11613447.5452502,"27620380",,,,,4.48395209722112,
"271230420",North St. Paul P-4,"0420",North St. Paul,"110","47221",Ramsey,"62","123","4","44",44B,7401.87978222241,1947154.66395346,"27620420",,,,,0.751796415752429,
"271230080",Gem Lake P-1,"0080",Gem Lake,"040","23318",Ramsey,"62","123","4","36",36B,7731.69217311529,2860315.77881616,"27620080",,,,,1.10436792220092,
"271230400",North St. Paul P-2,"0400",North St. Paul,"110","47221",Ramsey,"62","123","4","44",44B,6183.09451412015,1851304.32528158,"27620400",,,,,0.714788599991219,
"271230010",Arden Hills P-1,"0010",Arden Hills,"010","02026",Ramsey,"62","123","4","40",40A,9823.82736965545,5446125.14881065,"27620010",,,,,2.10274891995579,
"271231680",Vadnais Heights P-3,"1680",Vadnais Heights,"170","66460",Ramsey,"62","123","4","36",36B,17099.6297797249,7579383.92599749,"27621680",,,,,2.92640013382763,
"271230030",Arden Hills P-3,"0030",Arden Hills,"010","02026",Ramsey,"62","123","4","40",40A,16413.2455262618,15063742.7742681,"27620030",,,,,5.81611108514493,
"271230300",Mounds View P-2,"0300",Mounds View,"080","44530",Ramsey,"62","123","4","40",40A,8342.34861671035,2704529.82446408,"27620300",,,,,1.04421896522558,
"271230140",Maplewood P-2,"0140",Maplewood,"070","40382",Ramsey,"62","123","4","44",44A,7148.78846554765,2631534.48381201,"27620140",,,,,1.01603546419982,
"271230170",Maplewood P-5,"0170",Maplewood,"070","40382",Ramsey,"62","123","4","44",44A,8165.15959945266,2241023.28362464,"27620170",,,,,0.865259089807475,
"271231645",Shoreview P-7,"1645",Shoreview,"150","59998",Ramsey,"62","123","4","40",40A,10088.5417599387,5576881.83268062,"27621645",,,,,2.15323407559799,
"271231640",Shoreview P-6,"1640",Shoreview,"150","59998",Ramsey,"62","123","4","40",40A,15084.73081605,8422481.78762412,"27621640",,,,,3.25192021820167,
"271231610",Shoreview P-3,"1610",Shoreview,"150","59998",Ramsey,"62","123","4","40",40B,10794.4134259688,3683875.97750178,"27621610",,,,,1.42234451491344,
"271231600",Shoreview P-2,"1600",Shoreview,"150","59998",Ramsey,"62","123","4","40",40B,11481.9748315815,6106554.1608691,"27621600",,,,,2.35774056151156,
"271231580",Shoreview P-1,"1580",Shoreview,"150","59998",Ramsey,"62","123","4","40",40B,8056.68398549626,2504347.15987746,"27621580",,,,,0.966928438428689,
"271230440",Roseville P-2,"0440",Roseville,"120","55852",Ramsey,"62","123","4","40",40B,6267.89582425933,1856135.15839559,"27620440",,,,,0.716653784656539,
"271230430",Roseville P-1,"0430",Roseville,"120","55852",Ramsey,"62","123","4","40",40B,10178.8034356748,4488727.72377753,"27620430",,,,,1.7330977741505,
"271230450",Roseville P-3,"0450",Roseville,"120","55852",Ramsey,"62","123","4","40",40B,10269.8291547361,4098041.14123192,"27620450",,,,,1.58225368462964,
"271230520",Roseville P-10,"0520",Roseville,"120","55852",Ramsey,"62","123","4","66",66A,6350.9467049295,1754325.45784592,"27620520",,,,,0.677345059274311,
"271230480",Roseville P-6,"0480",Roseville,"120","55852",Ramsey,"62","123","4","40",40B,10350.1434035548,4122698.66277358,"27620480",,,,,1.59177395369688,
"271230525",Roseville P-11,"0525",Roseville,"120","55852",Ramsey,"62","123","4","40",40B,6792.35469759478,2703970.34833028,"27620525",,,,,1.04400295149032,
"271230490",Roseville P-7,"0490",Roseville,"120","55852",Ramsey,"62","123","4","40",40B,6542.76540579287,2407715.68878174,"27620490",,,,,0.929619027438628,
"271230500",Roseville P-8,"0500",Roseville,"120","55852",Ramsey,"62","123","4","66",66A,8739.86053309887,3470283.35168436,"27620500",,,,,1.33987640208533,
"271230460",Roseville P-4,"0460",Roseville,"120","55852",Ramsey,"62","123","4","40",40B,5972.10345877059,2215418.89994528,"27620460",,,,,0.855373237268873,
"271230510",Roseville P-9,"0510",Roseville,"120","55852",Ramsey,"62","123","4","66",66A,7299.45520692558,2214943.62723871,"27620510",,,,,0.855189734476868,
"271230470",Roseville P-5,"0470",Roseville,"120","55852",Ramsey,"62","123","4","40",40B,14133.4468882109,6496374.13938741,"27620470",,,,,2.50825005521748,
"271230230",Maplewood P-11,"0230",Maplewood,"070","40382",Ramsey,"62","123","4","47",47A,10887.160441588,4478016.34578957,"27620230",,,,,1.72896211110935,
"271230050",Blaine W-1 P-10,"0050",Blaine,"020","06382",Ramsey,"62","123","4","40",40A,2866.63164613977,500283.649106235,"27620050",,,,,0.193159516919917,
"271231720",White Bear Twp P-3,"1720",White Bear Twp,"180","69916",Ramsey,"62","123","4","36",36B,16436.6531966374,5555518.70927694,"27621720",,,,,2.14498577365183,
"271231710",White Bear Twp P-2,"1710",White Bear Twp,"180","69916",Ramsey,"62","123","4","36",36A,11637.680543734,6554270.81926449,"27621710",,,,,2.53060396331802,
"271231735",White Bear Twp P-5,"1735",White Bear Twp,"180","69916",Ramsey,"62","123","4","36",36B,7079.45343386192,1039971.50722356,"27621735",,,,,0.401532998939015,
"271231700",White Bear Twp P-1,"1700",White Bear Twp,"180","69916",Ramsey,"62","123","4","36",36A,18992.4187301026,12693735.2553626,"27621700",,,,,4.90105118209552,
"271231750",White Bear Lake W-2 P-1,"1750",White Bear Lake,"190","69970",Ramsey,"62","123","4","36",36B,16946.9923301045,5012901.65003437,"27621750",,,,,1.93548132707827,
"271231740",White Bear Lake W-1 P-1,"1740",White Bear Lake,"190","69970",Ramsey,"62","123","4","36",36B,15955.307442473,5318071.47088944,"27621740",,,,,2.05330739491041,
"271231780",White Bear Lake W-5 P-1,"1780",White Bear Lake,"190","69970",Ramsey,"62","123","4","36",36B,10502.5534805853,4882587.41660496,"27621780",,,,,1.88516700155118,
"271231770",White Bear Lake W-4 P-1,"1770",White Bear Lake,"190","69970",Ramsey,"62","123","4","36",36B,8829.41860452283,3677789.4185128,"27621770",,,,,1.41999449448779,
"271230360",New Brighton P-7,"0360",New Brighton,"090","45430",Ramsey,"62","123","4","40",40A,5411.36507018426,1425610.11718996,"27620360",,,,,0.550428066247044,
"271230330",New Brighton P-1,"0330",New Brighton,"090","45430",Ramsey,"62","123","4","39",39B,9437.07047724004,3220056.35458326,"27620330",,,,,1.24326375850459,
"271230355",New Brighton P-6,"0355",New Brighton,"090","45430",Ramsey,"62","123","4","40",40A,10898.69678557,5270883.57075518,"27620355",,,,,2.03508814666857,
"271230340",New Brighton P-3,"0340",New Brighton,"090","45430",Ramsey,"62","123","4","39",39B,3200.60622784356,640253.140415285,"27620340",,,,,0.247201737514341,
"271230335",New Brighton P-2,"0335",New Brighton,"090","45430",Ramsey,"62","123","4","39",39B,4842.6211758159,1279715.88218405,"27620335",,,,,0.494098302111262,
"271230350",New Brighton P-5,"0350",New Brighton,"090","45430",Ramsey,"62","123","4","39",39B,8751.96664547138,2712164.297153,"27620350",,,,,1.04716663513077,
"271230345",New Brighton P-4,"0345",New Brighton,"090","45430",Ramsey,"62","123","4","39",39B,8693.29392136875,1763444.7220165,"27620345",,,,,0.68086600717057,
"271230365",New Brighton P-8,"0365",New Brighton,"090","45430",Ramsey,"62","123","4","40",40A,6768.81600433371,1967606.64252426,"27620365",,,,,0.759692924678616,
"271231480",St. Paul W-7 P-6,"1480",St. Paul,"140","58000",Ramsey,"62","123","4","67",67B,4662.02895304,1140993.75945241,"27621480",,,,,0.440537690524576,
"271231620",Shoreview P-4,"1620",Shoreview,"150","59998",Ramsey,"62","123","4","40",40B,11056.3678982383,5027560.55865168,"27621620",,,,,1.94114113169541,
"271231630",Shoreview P-5,"1630",Shoreview,"150","59998",Ramsey,"62","123","4","40",40A,9470.03911897771,1410300.36906429,"27621630",,,,,0.544516972495721,
"271231000",St. Paul W-4 P-1,"1000",St. Paul,"140","58000",Ramsey,"62","123","4","66",66A,6065.22302163007,906458.45493261,"27621000",,,,,0.349983609449481,
"271231120",St. Paul W-4 P-13,"1120",St. Paul,"140","58000",Ramsey,"62","123","4","66",66A,4020.7591661065,971035.39137107,"27621120",,,,,0.37491676460837,
"271231100",St. Paul W-4 P-11,"1100",St. Paul,"140","58000",Ramsey,"62","123","4","66",66A,4577.10490111559,1057011.57011145,"27621100",,,,,0.408112167220029,
"271231010",St. Paul W-4 P-2,"1010",St. Paul,"140","58000",Ramsey,"62","123","4","66",66A,9268.91014317532,2739104.57918664,"27621010",,,,,1.05756827802396,
"271231020",St. Paul W-4 P-3,"1020",St. Paul,"140","58000",Ramsey,"62","123","4","66",66A,6810.58151820397,2516559.68357354,"27621020",,,,,0.971643693827746,
"271231070",St. Paul W-4 P-8,"1070",St. Paul,"140","58000",Ramsey,"62","123","4","66",66A,7682.75236707677,2712979.03017606,"27621070",,,,,1.04748120355098,
"271231030",St. Paul W-4 P-4,"1030",St. Paul,"140","58000",Ramsey,"62","123","4","64",64A,7994.19261248455,2184234.56822613,"27621030",,,,,0.843332966792107,
"271231050",St. Paul W-4 P-6,"1050",St. Paul,"140","58000",Ramsey,"62","123","4","64",64A,4049.58480468837,974477.709735243,"27621050",,,,,0.376245843728778,
"271230860",St. Paul W-3 P-3,"0860",St. Paul,"140","58000",Ramsey,"62","123","4","64",64B,7553.47245446903,1946213.5879396,"27620860",,,,,0.75143306630348,
"271230850",St. Paul W-3 P-2,"0850",St. Paul,"140","58000",Ramsey,"62","123","4","64",64B,4826.27117985079,1295527.95814553,"27620850",,,,,0.500203344639989,
"271230900",St. Paul W-3 P-7,"0900",St. Paul,"140","58000",Ramsey,"62","123","4","64",64A,3976.79756577682,733962.576736816,"27620900",,,,,0.283382950878085,
"271230930",St. Paul W-3 P-10,"0930",St. Paul,"140","58000",Ramsey,"62","123","4","64",64B,8003.7450255986,3094423.42425727,"27620930",,,,,1.19475688410573,
"271230840",St. Paul W-3 P-1,"0840",St. Paul,"140","58000",Ramsey,"62","123","4","64",64B,5809.37439216491,1687380.96909592,"27620840",,,,,0.651497792167933,
"271230870",St. Paul W-3 P-4,"0870",St. Paul,"140","58000",Ramsey,"62","123","4","64",64B,5629.41584349331,1779638.75147566,"27620870",,,,,0.687118521944751,
"271230890",St. Paul W-3 P-6,"0890",St. Paul,"140","58000",Ramsey,"62","123","4","64",64B,7094.26276044657,1838860.05740706,"27620890",,,,,0.709983868164866,
"271230690",St. Paul W-2 P-2,"0690",St. Paul,"140","58000",Ramsey,"62","123","4","64",64B,5628.37183441384,1468933.04041449,"27620690",,,,,0.567155046904034,
"271230940",St. Paul W-3 P-11,"0940",St. Paul,"140","58000",Ramsey,"62","123","4","64",64B,13737.1509257203,4707317.7595027,"27620940",,,,,1.81749538694399,
"271231160",St. Paul W-5 P-1,"1160",St. Paul,"140","58000",Ramsey,"62","123","4","66",66B,6028.19380063798,1474134.39373391,"27621160",,,,,0.569163289420662,
"271231090",St. Paul W-4 P-10,"1090",St. Paul,"140","58000",Ramsey,"62","123","4","66",66A,5201.51766551265,1556627.07225549,"27621090",,,,,0.601013712597843,
"271231180",St. Paul W-5 P-3,"1180",St. Paul,"140","58000",Ramsey,"62","123","4","66",66B,8523.081857471,2327056.63012826,"27621180",,,,,0.898476564892522,
"271230960",St. Paul W-3 P-13,"0960",St. Paul,"140","58000",Ramsey,"62","123","4","64",64A,5064.93489684707,1064240.11526662,"27620960",,,,,0.410903108504441,
"271230910",St. Paul W-3 P-8,"0910",St. Paul,"140","58000",Ramsey,"62","123","4","64",64A,3175.28366960653,631193.889385041,"27620910",,,,,0.243703960691564,
"271230580",St. Paul W-1 P-5,"0580",St. Paul,"140","58000",Ramsey,"62","123","4","65",65A,4189.32696978935,758168.803589571,"27620580",,,,,0.292728975065933,
"271230600",St. Paul W-1 P-7,"0600",St. Paul,"140","58000",Ramsey,"62","123","4","64",64A,4553.14541953857,1078647.71057704,"27620600",,,,,0.416465881053795,
"271231060",St. Paul W-4 P-7,"1060",St. Paul,"140","58000",Ramsey,"62","123","4","65",65A,4818.68694971929,1290183.20703121,"27621060",,,,,0.498139736234748,
"271230570",St. Paul W-1 P-4,"0570",St. Paul,"140","58000",Ramsey,"62","123","4","65",65A,4209.35400524054,808342.484110491,"27620570",,,,,0.312101033115061,
"271230730",St. Paul W-2 P-6,"0730",St. Paul,"140","58000",Ramsey,"62","123","4","64",64A,5540.04763779333,1227175.59903722,"27620730",,,,,0.47381249878827,
"271230720",St. Paul W-2 P-5,"0720",St. Paul,"140","58000",Ramsey,"62","123","4","64",64A,4753.38621554275,1234565.34550117,"27620720",,,,,0.476665679898,
"271230560",St. Paul W-1 P-3,"0560",St. Paul,"140","58000",Ramsey,"62","123","4","65",65A,5481.48002768083,1615018.41012874,"27620560",,,,,0.623558608150708,
"271230630",St. Paul W-1 P-10,"0630",St. Paul,"140","58000",Ramsey,"62","123","4","64",64A,5469.77441431298,1440086.07810289,"27620630",,,,,0.556017234755527,
"271230550",St. Paul W-1 P-2,"0550",St. Paul,"140","58000",Ramsey,"62","123","4","64",64A,4929.38526843923,1230019.71752108,"27620550",,,,,0.474910612934888,
"271231210",St. Paul W-5 P-6,"1210",St. Paul,"140","58000",Ramsey,"62","123","4","65",65A,8390.26896493599,1812833.86369738,"27621210",,,,,0.699935154773559,
"271230640",St. Paul W-1 P-11,"0640",St. Paul,"140","58000",Ramsey,"62","123","4","65",65A,4461.39232381165,874047.969376492,"27620640",,,,,0.337469920976264,
"271230710",St. Paul W-2 P-4,"0710",St. Paul,"140","58000",Ramsey,"62","123","4","64",64B,5557.44842239017,1314014.77080716,"27620710",,,,,0.507341103008644,
"271230620",St. Paul W-1 P-9,"0620",St. Paul,"140","58000",Ramsey,"62","123","4","65",65A,4075.88968086012,1060771.69738388,"27620620",,,,,0.409563952359914,
"271230650",St. Paul W-1 P-12,"0650",St. Paul,"140","58000",Ramsey,"62","123","4","65",65A,7996.54742665097,2004947.25620552,"27620650",,,,,0.774110135620953,
"271230770",St. Paul W-2 P-10,"0770",St. Paul,"140","58000",Ramsey,"62","123","4","65",65B,11786.651110795,5642420.44153876,"27620770",,,,,2.17853853247812,
"271230780",St. Paul W-2 P-11,"0780",St. Paul,"140","58000",Ramsey,"62","123","4","65",65B,8856.53811374759,2341339.1593619,"27620780",,,,,0.903991049429628,
"271230760",St. Paul W-2 P-9,"0760",St. Paul,"140","58000",Ramsey,"62","123","4","65",65B,8151.9685326805,2913489.68938907,"27620760",,,,,1.12489836907312,
"271230790",St. Paul W-2 P-12,"0790",St. Paul,"140","58000",Ramsey,"62","123","4","65",65B,4947.84255274713,1189728.55973353,"27620790",,,,,0.459354196913117,
"271230680",St. Paul W-2 P-1,"0680",St. Paul,"140","58000",Ramsey,"62","123","4","65",65B,4940.28380320671,1003736.90881512,"27620680",,,,,0.387542820493518,
"271231200",St. Paul W-5 P-5,"1200",St. Paul,"140","58000",Ramsey,"62","123","4","66",66B,5920.32036243236,2167729.06925704,"27621200",,,,,0.836960193640145,
"271230660",St. Paul W-1 P-13,"0660",St. Paul,"140","58000",Ramsey,"62","123","4","65",65A,5882.12378539712,1478707.16281291,"27620660",,,,,0.570928835562064,
"271230800",St. Paul W-2 P-13,"0800",St. Paul,"140","58000",Ramsey,"62","123","4","65",65B,5053.90292344467,1502399.36065541,"27620800",,,,,0.580076393149054,
"271231240",St. Paul W-5 P-9,"1240",St. Paul,"140","58000",Ramsey,"62","123","4","66",66B,4614.43232315156,1306196.82613527,"27621240",,,,,0.504322594570827,
"271231470",St. Paul W-7 P-5,"1470",St. Paul,"140","58000",Ramsey,"62","123","4","67",67B,20853.0897362807,14175724.9801869,"27621470",,,,,5.47324741485016,
"271231430",St. Paul W-7 P-1,"1430",St. Paul,"140","58000",Ramsey,"62","123","4","67",67B,4781.34478774769,1210051.437019,"27621430",,,,,0.467200859833038,
"271231300",St. Paul W-6 P-2,"1300",St. Paul,"140","58000",Ramsey,"62","123","4","67",67A,7574.17163964392,2743295.96699098,"27621300",,,,,1.05918657285522,
"271231350",St. Paul W-6 P-7,"1350",St. Paul,"140","58000",Ramsey,"62","123","4","67",67A,5610.06365122058,1285381.68903879,"27621350",,,,,0.496285870137875,
"271231220",St. Paul W-5 P-7,"1220",St. Paul,"140","58000",Ramsey,"62","123","4","66",66B,5261.21315623595,1471881.38077536,"27621220",,,,,0.568293401117366,
"271231520",St. Paul W-7 P-10,"1520",St. Paul,"140","58000",Ramsey,"62","123","4","67",67B,5189.63955352542,1239230.34600158,"27621520",,,,,0.478466836591209,
"271231360",St. Paul W-6 P-8,"1360",St. Paul,"140","58000",Ramsey,"62","123","4","67",67A,6128.47136613274,1201097.32290324,"27621360",,,,,0.463743676372941,
"271231320",St. Paul W-6 P-4,"1320",St. Paul,"140","58000",Ramsey,"62","123","4","67",67A,4492.72031496327,966403.089697116,"27621320",,,,,0.373128232932056,
"271231310",St. Paul W-6 P-3,"1310",St. Paul,"140","58000",Ramsey,"62","123","4","67",67A,4068.42116907341,969134.393792918,"27621310",,,,,0.374182789443446,
"271231530",St. Paul W-7 P-11,"1530",St. Paul,"140","58000",Ramsey,"62","123","4","67",67B,4513.02678775937,854295.405578361,"27621530",,,,,0.329843456093805,
"271231390",St. Paul W-6 P-11,"1390",St. Paul,"140","58000",Ramsey,"62","123","4","67",67A,5312.00690542542,1769737.52008542,"27621390",,,,,0.68329565650498,
"271231380",St. Paul W-6 P-10,"1380",St. Paul,"140","58000",Ramsey,"62","123","4","67",67A,4832.21099245417,1128793.10961903,"27621380",,,,,0.435827019623908,
"271231370",St. Paul W-6 P-9,"1370",St. Paul,"140","58000",Ramsey,"62","123","4","67",67A,5770.27515025741,1714251.78244289,"27621370",,,,,0.661872613201198,
"271231440",St. Paul W-7 P-2,"1440",St. Paul,"140","58000",Ramsey,"62","123","4","67",67A,3695.9666330414,547266.943538521,"27621440",,,,,0.211299766900223,
"271231460",St. Paul W-7 P-4,"1460",St. Paul,"140","58000",Ramsey,"62","123","4","67",67B,4813.85688060185,871866.371699568,"27621460",,,,,0.336627606113203,
"271231330",St. Paul W-6 P-5,"1330",St. Paul,"140","58000",Ramsey,"62","123","4","67",67A,4682.40352831275,1367402.92410216,"27621330",,,,,0.527954268995843,
"271231500",St. Paul W-7 P-8,"1500",St. Paul,"140","58000",Ramsey,"62","123","4","67",67B,7080.4596463305,1854141.28972072,"27621500",,,,,0.715883951961169,
"271231540",St. Paul W-7 P-12,"1540",St. Paul,"140","58000",Ramsey,"62","123","4","67",67B,9547.50073340762,3414460.40243313,"27621540",,,,,1.31832316137943,
"271231290",St. Paul W-6 P-1,"1290",St. Paul,"140","58000",Ramsey,"62","123","4","67",67A,6673.02230187649,1388811.70375237,"27621290",,,,,0.536220198818792,
"271231490",St. Paul W-7 P-7,"1490",St. Paul,"140","58000",Ramsey,"62","123","4","67",67B,4739.18950583563,902971.235721242,"27621490",,,,,0.348637194111971,
"271231450",St. Paul W-7 P-3,"1450",St. Paul,"140","58000",Ramsey,"62","123","4","67",67B,3766.90463035377,830352.507449743,"27621450",,,,,0.320599103126346,
"271231340",St. Paul W-6 P-6,"1340",St. Paul,"140","58000",Ramsey,"62","123","4","66",66B,3791.78866388183,802878.51137693,"27621340",,,,,0.309991393242633,
"271231230",St. Paul W-5 P-8,"1230",St. Paul,"140","58000",Ramsey,"62","123","4","66",66B,5247.35888931189,1286214.90884972,"27621230",,,,,0.496607576306877,
"271231190",St. Paul W-5 P-4,"1190",St. Paul,"140","58000",Ramsey,"62","123","4","66",66B,6416.5258855384,2572271.32801685,"27621190",,,,,0.993153959747304,
"271231250",St. Paul W-5 P-10,"1250",St. Paul,"140","58000",Ramsey,"62","123","4","66",66A,5808.03116949466,1141259.61399776,"27621250",,,,,0.440640336964536,
"271231080",St. Paul W-4 P-9,"1080",St. Paul,"140","58000",Ramsey,"62","123","4","66",66A,5084.17788749192,1002059.08191569,"27621080",,,,,0.386895011527648,
"271230540",St. Paul W-1 P-1,"0540",St. Paul,"140","58000",Ramsey,"62","123","4","65",65A,4197.56523452755,792615.270570202,"27620540",,,,,0.306028755967155,
"271230590",St. Paul W-1 P-6,"0590",St. Paul,"140","58000",Ramsey,"62","123","4","65",65A,4067.76956305271,681276.095677897,"27620590",,,,,0.263040700541236,
"271231110",St. Paul W-4 P-12,"1110",St. Paul,"140","58000",Ramsey,"62","123","4","64",64A,4878.3210801885,1178125.42121785,"27621110",,,,,0.454874225132212,
"271231040",St. Paul W-4 P-5,"1040",St. Paul,"140","58000",Ramsey,"62","123","4","64",64A,6015.62469691462,1276158.55234543,"27621040",,,,,0.49272481706057,
"271230610",St. Paul W-1 P-8,"0610",St. Paul,"140","58000",Ramsey,"62","123","4","65",65A,4100.50995098299,742351.585871492,"27620610",,,,,0.286621947304983,
"271230740",St. Paul W-2 P-7,"0740",St. Paul,"140","58000",Ramsey,"62","123","4","65",65B,9264.32023572266,1730267.18632865,"27620740",,,,,0.66805616064149,
"271230880",St. Paul W-3 P-5,"0880",St. Paul,"140","58000",Ramsey,"62","123","4","64",64B,6560.30885035087,1156467.80505309,"27620880",,,,,0.446512219530999,
"271230920",St. Paul W-3 P-9,"0920",St. Paul,"140","58000",Ramsey,"62","123","4","64",64B,4830.96131697193,1295508.19813952,"27620920",,,,,0.500195715301669,
"271230950",St. Paul W-3 P-12,"0950",St. Paul,"140","58000",Ramsey,"62","123","4","64",64B,5312.20978660718,1328172.90943519,"27620950",,,,,0.512807560332926,
"271230700",St. Paul W-2 P-3,"0700",St. Paul,"140","58000",Ramsey,"62","123","4","65",65B,4938.21054069315,692306.145444514,"27620700",,,,,0.267299402756127,
"271230750",St. Paul W-2 P-8,"0750",St. Paul,"140","58000",Ramsey,"62","123","4","65",65B,7135.26433056842,1961362.18051796,"27620750",,,,,0.757281937897984,
"271231760",White Bear Lake W-3 P-1,"1760",White Bear Lake,"190","69970",Ramsey,"62","123","4","36",36B,11953.4859232876,3187643.14588341,"27621760",,,,,1.23074901862559,
"271231170",St. Paul W-5 P-2,"1170",St. Paul,"140","58000",Ramsey,"62","123","4","66",66B,3592.43318452121,787577.102412969,"27621170",,,,,0.304083519241647,
"271090250",Rochester W-3 P-4,"0250",Rochester,"095","54880",Olmsted,"55","109","1","25",25A,5368.51692251739,882477.326114269,"27550250",,,,,0.340724495612719,
"271090270",Rochester W-3 P-8,"0270",Rochester,"095","54880",Olmsted,"55","109","1","25",25A,3944.84889644584,628306.097899008,"27550270",,,,,0.242588984398807,
"271090265",Rochester W-3 P-7,"0265",Rochester,"095","54880",Olmsted,"55","109","1","25",25A,3887.62106232787,875824.163533326,"27550265",,,,,0.338155709540217,
"271090235",Rochester W-3 P-1,"0235",Rochester,"095","54880",Olmsted,"55","109","1","25",25A,12283.591491176,1811414.71870663,"27550235",,,,,0.699387222892632,
"271090290",Rochester W-3 P-12,"0290",Rochester,"095","54880",Olmsted,"55","109","1","25",25A,5941.89620232756,2136848.31017777,"27550290",,,,,0.825037132559639,
"271090445",Rochester W-6 P-3,"0445",Rochester,"095","54880",Olmsted,"55","109","1","25",25A,2784.75358451495,486754.91394875,"27550445",,,,,0.187936072275612,
"271090450",Rochester W-6 P-4,"0450",Rochester,"095","54880",Olmsted,"55","109","1","25",25A,8733.83773445929,1423386.5148328,"27550450",,,,,0.549569533376945,
"271090365",Rochester W-5 P-1,"0365",Rochester,"095","54880",Olmsted,"55","109","1","25",25A,14820.3043277673,2958385.8759888,"27550365",,,,,1.14223278671927,
"271090390",Rochester W-5 P-6,"0390",Rochester,"095","54880",Olmsted,"55","109","1","25",25A,7943.7580733289,1841823.79812528,"27550390",,,,,0.711128168456169,
"271090385",Rochester W-5 P-5,"0385",Rochester,"095","54880",Olmsted,"55","109","1","25",25B,4939.20087095969,1293227.9665693,"27550385",,,,,0.499315317892407,
"271090495",Rochester W-6 P-13,"0495",Rochester,"095","54880",Olmsted,"55","109","1","25",25B,3940.26738319209,675207.137706397,"27550495",,,,,0.26069747586844,
"271090475",Rochester W-6 P-9,"0475",Rochester,"095","54880",Olmsted,"55","109","1","25",25B,4059.36978486515,632218.5864182,"27550475",,,,,0.244099596216067,
"271090480",Rochester W-6 P-10,"0480",Rochester,"095","54880",Olmsted,"55","109","1","25",25A,3555.76866577191,489665.30255619,"27550480",,,,,0.189059773316945,
"271090485",Rochester W-6 P-11,"0485",Rochester,"095","54880",Olmsted,"55","109","1","25",25A,4045.61139215341,486307.272438635,"27550485",,,,,0.187763237888557,
"271090180",Rochester W-2 P-3,"0180",Rochester,"095","54880",Olmsted,"55","109","1","24",24B,3829.08646430762,634728.638972478,"27550180",,,,,0.245068727507274,
"271090195",Rochester W-2 P-6,"0195",Rochester,"095","54880",Olmsted,"55","109","1","24",24B,4545.76286500971,1118699.14601171,"27550195",,,,,0.431929740275121,
"271090415",Rochester W-5 P-11,"0415",Rochester,"095","54880",Olmsted,"55","109","1","25",25B,3299.4305114948,626342.084180805,"27550415",,,,,0.241830678702209,
"271090405",Rochester W-5 P-9,"0405",Rochester,"095","54880",Olmsted,"55","109","1","25",25B,4402.08791148206,621342.268636206,"27550405",,,,,0.239900249920439,
"271090310",Rochester W-4 P-3,"0310",Rochester,"095","54880",Olmsted,"55","109","1","25",25B,3266.92984240237,607211.844330188,"27550310",,,,,0.234444493095885,
"271090420",Rochester W-5 P-12,"0420",Rochester,"095","54880",Olmsted,"55","109","1","25",25B,5790.6876417366,1078508.1350682,"27550420",,,,,0.416411990949833,
"271090305",Rochester W-4 P-2,"0305",Rochester,"095","54880",Olmsted,"55","109","1","25",25B,6305.89909380696,1092246.86389727,"27550305",,,,,0.421716514150736,
"271090225",Rochester W-2 P-12,"0225",Rochester,"095","54880",Olmsted,"55","109","1","25",25B,4992.27449296994,1004831.31333083,"27550225",,,,,0.387965370077034,
"271090205",Rochester W-2 P-8,"0205",Rochester,"095","54880",Olmsted,"55","109","1","25",25B,2720.00791124497,453340.532180443,"27550205",,,,,0.175034779474869,
"271090220",Rochester W-2 P-11,"0220",Rochester,"095","54880",Olmsted,"55","109","1","24",24B,5634.80068212517,1668087.11453395,"27550220",,,,,0.644048434921558,
"271090125",Rochester W-1 P-6,"0125",Rochester,"095","54880",Olmsted,"55","109","1","24",24B,11562.3366432841,3381749.11164316,"27550125",,,,,1.30569333200542,
"271090100",Rochester W-1 P-1,"0100",Rochester,"095","54880",Olmsted,"55","109","1","24",24B,15567.3780272581,3694774.79769881,"27550100",,,,,1.42655254939151,
"271090330",Rochester W-4 P-7,"0330",Rochester,"095","54880",Olmsted,"55","109","1","25",25B,2953.63987069119,470575.997953454,"27550330",,,,,0.181689392809829,
"271090350",Rochester W-4 P-11,"0350",Rochester,"095","54880",Olmsted,"55","109","1","24",24B,7075.6934668619,1158058.75272778,"27550350",,,,,0.447126484428198,
"271090345",Rochester W-4 P-10,"0345",Rochester,"095","54880",Olmsted,"55","109","1","24",24B,6670.45129442975,1729074.22629719,"27550345",,,,,0.667595558773345,
"271090120",Rochester W-1 P-5,"0120",Rochester,"095","54880",Olmsted,"55","109","1","24",24B,5096.36473905922,1413611.7932677,"27550120",,,,,0.545795513380658,
"271090155",Rochester W-1 P-12,"0155",Rochester,"095","54880",Olmsted,"55","109","1","24",24B,7414.88498686337,1213824.95497779,"27550155",,,,,0.468657815116926,
"271090510",Rochester Twp P-3,"0510",Rochester Twp,"100","54898",Olmsted,"55","109","1","24",24A,25343.3776307679,5102513.14601014,"27550510",,,,,1.97008032567452,
"271090150",Rochester W-1 P-11,"0150",Rochester,"095","54880",Olmsted,"55","109","1","24",24B,8656.81392337782,2322955.80612948,"27550150",,,,,0.896893236746593,
"271090011",Cascade Twp P-2,"0011",Cascade Twp,"010","10180",Olmsted,"55","109","1","25",25A,28527.3851607418,7867939.78161279,"27550011",,,,,3.0378115496807,
"271090500",Rochester Twp P-1,"0500",Rochester Twp,"100","54898",Olmsted,"55","109","1","24",24B,33636.3492467954,23002062.7512995,"27550500",,,,,8.88109642827674,
"270350020",Brainerd W-2 P-1,"0020",Brainerd,"015","07300",Crow Wing,"18","035","8","6",6B,17390.9499817657,7515373.38207033,"27180020",,,,,2.90168566281735,
"270230032",Granite Falls Twp P-2,"0032",Granite Falls Twp,"030","25262",Chippewa,"12","023","7","15",15A,10381.7424159589,2753432.85605264,"27120032",,,,,1.06310042572192,
"271090260",Rochester W-3 P-6,"0260",Rochester,"095","54880",Olmsted,"55","109","1","25",25A,3056.04053100754,577815.636373337,"27550260",,,,,0.223094617203745,
"270470062",Albert Lea Twp P-3,"0062",Albert Lea Twp,"010","00712",Freeborn,"24","047","1","23",23A,672.527355996543,19929.0285791579,"27240062",,,,,0.00769459793441287,
"270690035",Donaldson,"0035",Donaldson,"035","16030",Kittson,"35","069","7","1",1A,6264.33992286978,612947.220006102,"27350035",,,,,0.236658921644356,
"271110015",Aurdal Twp,"0015",Aurdal Twp,"015","02836",Otter Tail,"56","111","7","9",9A,40750.9843121352,91307991.795834,"27560015",,,,,35.2540156323715,
"270450100",Lanesboro,"0100",Lanesboro,"095","35450",Fillmore,"23","045","1","26",26B,20193.543552595,4233972.1357948,"27230100",,,,,1.63473664163037,
"271310040",Faribault P-4,"0040",Faribault,"030","20546",Rice,"66","131","1","19",19A,17276.0108086089,6669141.81905143,"27660040",,,,,2.57495565633576,
"271370330",Duluth P-35,"0330",Duluth,"125","17000",St. Louis,"69","137","8","8",8A,15641.7683233587,4293846.74165967,"27690330",,,,,1.6578542269548,
"270250022",Chisago City P-C,"0022",Chisago City,"020","11350",Chisago,"13","025","8","28",28B,27989.0976927508,14674440.0572522,"27130022",,,,,5.66580130610506,
"270250020",Chisago City P-A,"0020",Chisago City,"020","11350",Chisago,"13","025","8","28",28B,45437.0754517419,18392492.7839135,"27130020",,,,,7.10134146386902,
"270372510",Hampton Twp,"2510",Hampton Twp,"050","26882",Dakota,"19","037","2","58",58B,50985.701698294,89130113.2794498,"27192510",52,Matt Little,25,"[{""name"": ""Abdi Abdulle"", ""votes"": 0, ""votes_pct"": 0.00, ""party"": ""DFL""}, {""name"": ""Matthew D. Klein"", ""votes"": 17, ""votes_pct"": 32.69, ""party"": ""DFL""}, {""name"": ""Hugh McTavish"", ""votes"": 1, ""votes_pct"": 1.92, ""party"": ""DFL""}, {""name"": ""Matt Little"", ""votes"": 30, ""votes_pct"": 57.69, ""party"": ""DFL""}, {""name"": ""Kaela Berg"", ""votes"": 4, ""votes_pct"": 7.69, ""party"": ""DFL""}, {""name"": ""Christopher Mosel"", ""votes"": 0, ""votes_pct"": 0.00, ""party"": ""DFL""}]",34.4131367371956,1.51105086400902
"271710144",Otsego City P-5B,"0144",Otsego,"125","49138",Wright,"86","171","6","30",30B,17501.3183398612,6312936.04866066,"27860144",,,,,2.43742460838788,
"271630075",Cottage Grove P-8,"0075",Cottage Grove,"030","13456",Washington,"82","163","2","41",41A,8598.10767705709,4308365.85852465,"27820075",494,Matt Little,5.67,"[{""name"": ""Abdi Abdulle"", ""votes"": 23, ""votes_pct"": 4.66, ""party"": ""DFL""}, {""name"": ""Matthew D. Klein"", ""votes"": 165, ""votes_pct"": 33.40, ""party"": ""DFL""}, {""name"": ""Hugh McTavish"", ""votes"": 21, ""votes_pct"": 4.25, ""party"": ""DFL""}, {""name"": ""Matt Little"", ""votes"": 193, ""votes_pct"": 39.07, ""party"": ""DFL""}, {""name"": ""Kaela Berg"", ""votes"": 89, ""votes_pct"": 18.02, ""party"": ""DFL""}, {""name"": ""Christopher Mosel"", ""votes"": 3, ""votes_pct"": 0.61, ""party"": ""DFL""}]",1.66346005797637,296.971362571195
"271710032",Buffalo P-4,"0032",Buffalo,"019","08452",Wright,"86","171","6","29",29B,21801.5563141588,5506791.14123236,"27860032",,,,,2.12617205962982,
"270410092",Ida Twp P-2,"0092",Ida Twp,"070","30716",Douglas,"21","041","7","12",12B,10311.3188188136,3296881.12929734,"27210092",,,,,1.2729258040217,
"271230220",Maplewood P-10,"0220",Maplewood,"070","40382",Ramsey,"62","123","4","44",44B,3712.05445849599,683687.049248772,"27620220",,,,,0.263971569714951,
"270850065",Helen Twp P-1,"0065",Helen Twp,"050","28304",McLeod,"43","085","7","17",17A,11519.8580564561,3314705.3696205,"27430065",,,,,1.27980774321048,
"271390057",Jordan P-3,"0057",Jordan,"055","32174",Scott,"70","139","2","22",22B,2548.43592935039,205604.931691688,"27700057",0,even,,"[{""name"": ""Abdi Abdulle"", ""votes"": 0, ""votes_pct"": 0.00, ""party"": ""DFL""}, {""name"": ""Matthew D. Klein"", ""votes"": 0, ""votes_pct"": 0.00, ""party"": ""DFL""}, {""name"": ""Hugh McTavish"", ""votes"": 0, ""votes_pct"": 0.00, ""party"": ""DFL""}, {""name"": ""Matt Little"", ""votes"": 0, ""votes_pct"": 0.00, ""party"": ""DFL""}, {""name"": ""Kaela Berg"", ""votes"": 0, ""votes_pct"": 0.00, ""party"": ""DFL""}, {""name"": ""Christopher Mosel"", ""votes"": 0, ""votes_pct"": 0.00, ""party"": ""DFL""}]",0.0793840641261607,0
"271090050",Haverhill Twp,"0050",Haverhill Twp,"050","27692",Olmsted,"55","109","1","25",25A,47575.1591043256,82047453.9492984,"27550050",,,,,31.6785219698241,
"271370980",Unorg Prct 11,"0980",Northeast St. Louis Unorg,"353","46898",St. Louis,"69","137","8","3",3A,38603.8373684069,69586250.4946127,"27690980",,,,,26.86725131597,
"271370567",Goodwill Twp,"0567",Goodwill Twp,"212","24533",St. Louis,"69","137","8","3",3A,38579.7907566643,66942522.906736,"27690567",,,,,25.8465080942908,
"270710200",Bigfork Valley,"0200",South Koochiching Unorg,"049","61433",Koochiching,"36","071","8","3",3A,129829.785026324,477234984.511097,"27360200",,,,,184.260427519735,
"270373110",Lilydale,"3110",Lilydale,"090","37016",Dakota,"19","037","2","53",53A,12728.4025482667,2303458.97580519,"27193110",367,Matthew D. Klein,20.98,"[{""name"": ""Abdi Abdulle"", ""votes"": 3, ""votes_pct"": 0.82, ""party"": ""DFL""}, {""name"": ""Matthew D. Klein"", ""votes"": 200, ""votes_pct"": 54.50, ""party"": ""DFL""}, {""name"": ""Hugh McTavish"", ""votes"": 3, ""votes_pct"": 0.82, ""party"": ""DFL""}, {""name"": ""Matt Little"", ""votes"": 123, ""votes_pct"": 33.52, ""party"": ""DFL""}, {""name"": ""Kaela Berg"", ""votes"": 36, ""votes_pct"": 9.81, ""party"": ""DFL""}, {""name"": ""Christopher Mosel"", ""votes"": 2, ""votes_pct"": 0.55, ""party"": ""DFL""}]",0.889365510558384,412.653735323715
"270350305",Precinct 3 Unorg. Terr.,"0305",West Crow Wing Unorg,"228","69316",Crow Wing,"18","035","8","6",6B,42999.1747898071,31388400.0885886,"27180305",,,,,12.119061274204,
"271310025",Faribault P-1,"0025",Faribault,"030","20546",Rice,"66","131","1","19",19A,32571.9579266542,17092492.8194857,"27660025",,,,,6.59941147760345,
"271630330",Stillwater Twp P-2,"0330",Stillwater Twp,"175","62842",Washington,"82","163","4","33",33B,7885.50692519257,2433156.02922586,"27820330",,,,,0.939441542884104,
"271090525",Stewartville P-1,"0525",Stewartville,"115","62806",Olmsted,"55","109","1","24",24A,9119.97521035083,2646418.68744225,"27550525",,,,,1.02178225522145,
"270190127",Waconia P-3,"0127",Waconia,"100","67432",Carver,"10","019","6","48",48A,20167.7640886532,4316414.38229808,"27100127",,,,,1.66656759300529,
"270190120",Waconia P-1,"0120",Waconia,"100","67432",Carver,"10","019","6","48",48A,8128.16179562881,2447242.65858376,"27100120",,,,,0.94488039047919,
"271370970",Unorg Prct 9,"0970",Birch Lake Unorg,"057","06042",St. Louis,"69","137","8","3",3A,47114.5483667125,89199322.1766057,"27690970",,,,,34.4398582923875,
"271370955",Unorg Prct 6,"0955",Northeast St. Louis Unorg,"353","46898",St. Louis,"69","137","8","3",3A,57665.395042843,186043196.692423,"27690955",,,,,71.8312782429445,
"270374460",South Saint Paul P-6,"4460",South St. Paul,"155","61492",Dakota,"19","037","2","53",53B,7919.5119715208,1728661.06552358,"27194460",361,Matt Little,16.07,"[{""name"": ""Abdi Abdulle"", ""votes"": 11, ""votes_pct"": 3.05, ""party"": ""DFL""}, {""name"": ""Matthew D. Klein"", ""votes"": 98, ""votes_pct"": 27.15, ""party"": ""DFL""}, {""name"": ""Hugh McTavish"", ""votes"": 13, ""votes_pct"": 3.60, ""party"": ""DFL""}, {""name"": ""Matt Little"", ""votes"": 156, ""votes_pct"": 43.21, ""party"": ""DFL""}, {""name"": ""Kaela Berg"", ""votes"": 78, ""votes_pct"": 21.61, ""party"": ""DFL""}, {""name"": ""Christopher Mosel"", ""votes"": 5, ""votes_pct"": 1.39, ""party"": ""DFL""}]",0.667436037398656,540.875798985929
"270371400",Cannon Falls P-3,"1400",Cannon Falls,"008","09730",Dakota,"19","037","2","58",58B,4328.20570227042,963305.025766476,"27191400",0,even,,"[{""name"": ""Abdi Abdulle"", ""votes"": 0, ""votes_pct"": 0.00, ""party"": ""DFL""}, {""name"": ""Matthew D. Klein"", ""votes"": 0, ""votes_pct"": 0.00, ""party"": ""DFL""}, {""name"": ""Hugh McTavish"", ""votes"": 0, ""votes_pct"": 0.00, ""party"": ""DFL""}, {""name"": ""Matt Little"", ""votes"": 0, ""votes_pct"": 0.00, ""party"": ""DFL""}, {""name"": ""Kaela Berg"", ""votes"": 0, ""votes_pct"": 0.00, ""party"": ""DFL""}, {""name"": ""Christopher Mosel"", ""votes"": 0, ""votes_pct"": 0.00, ""party"": ""DFL""}]",0.371932070448437,0
"271450300",Saint Cloud W-2 P-8,"0300",St. Cloud,"230","56896",Stearns,"73","145","6","13",13B,1157.15223290479,62215.8103127275,"27730300",,,,,0.0240215243617441,
"271090500",Rochester Twp P-1,"0500",Rochester Twp,"100","54898",Olmsted,"55","109","1","24",24B,4921.61671801244,341578.763377959,"27550500",,,,,0.13188356054023,
